-4.7093,-0.21117
-4.7593,0.024615
-4.4352,-0.22397
-4.7739,-0.07478
-4.5647,-0.2685
-4.7309,0.04806
-4.7264,0.056457
-4.5647,-0.2685
-4.3757,-0.15483
-4.7119,0.07132
-4.6968,0.085969
-4.7372,-0.17961
-4.7736,-0.076915
-4.437,0.030074
-4.445,-0.19999
-4.7749,-0.035896
-4.6332,-0.25512
-4.6983,-0.064057
-4.6782,-0.2362
-4.6684,-0.2396
-4.4032,0.0065267
-4.7729,-0.02199
-4.7309,0.047991
159.84,1.5175
491.39,6.0884
-4.7312,0.047998
-4.7244,0.060169
159.85,1.4935
-4.7727,-0.087052
-4.393,-0.014533
-4.7307,0.069282
-4.3938,0.072548
-4.7171,0.069283
-4.5816,-0.12593
-4.5758,0.14222
-4.5639,-0.057951
-4.4819,-0.17395
-4.5756,0.14114
-4.5647,-0.2685
-4.6912,-0.22381
-4.7693,-0.11037
-4.3757,-0.15483
-4.3757,-0.15483
-4.7657,-0.11935
-4.7322,-0.06011
-4.6903,-0.048315
-4.5641,-0.056784
-4.5642,-0.056314
413.65,6.2193
-4.3934,-0.077997
-4.4105,0.064368
-4.4258,-0.023777
-4.5642,-0.056059
-4.4058,0.010184
-4.4447,-0.19624
-4.6388,0.10851
-4.3943,-0.016115
-4.6388,0.10851
159.91,1.425
-4.5761,-0.041722
-4.6022,0.12078
-4.3987,0.071195
-4.5639,-0.057947
-91.601,-0.34582
-4.5646,-0.057347
-4.429,-0.20271
464.44,5.5314
-4.6175,-0.065314
-4.7496,0.046928
-4.5639,-0.049377
-4.6793,-0.2355
-4.5646,-0.057485
-4.5637,-0.057525
-4.5947,0.031905
-4.6713,-0.23859
-4.6973,0.087015
-4.5639,-0.057598
-4.4415,-0.22874
-4.6137,-0.024153
-4.3757,-0.15483
-4.3757,-0.15483
-4.7578,0.028247
-4.7724,-0.087987
-4.6235,-0.12108
-4.5645,-0.056855
-4.5902,-0.22532
-4.5637,-0.056993
-4.6985,0.085578
-4.4392,0.09504
-4.7534,0.032919
-4.5967,-0.050466
-4.3757,-0.15483
-4.7578,0.028247
-4.7185,-0.070052
-4.4513,0.044353
-4.3757,-0.15483
-4.7106,-0.21033
-4.7254,-0.050219
-4.5534,0.15331
-4.5647,-0.2685
-4.7735,-0.077891
-4.7643,0.0055943
-4.6027,0.14192
-4.3757,-0.15483
-4.3757,-0.15483
-4.5524,0.15303
-4.3757,-0.15483
-4.5637,-0.056826
-4.7154,-0.051025
-4.7273,-0.042716
-4.3757,-0.15483
-4.551,0.15143
-4.6645,-0.24465
-4.3757,-0.15483
-4.5534,0.15331
-4.7151,-0.2056
-4.763,-0.12788
-4.3757,-0.15483
-4.5646,-0.057266
-4.3757,-0.15483
-4.6732,-0.04454
-4.715,-0.20569
-4.6775,-0.23664
-4.5604,-0.052717
-4.6153,0.14733
-4.3757,-0.15483
-4.5645,-0.056931
-4.6684,0.027254
-6.7698,0.021071
-4.7139,-0.084378
-4.6193,-0.26114
-4.3757,-0.15483
-4.7627,0.010205
-4.3757,-0.15483
480.55,5.7657
-4.3757,-0.15483
-4.3757,-0.15483
-4.3757,-0.15483
-4.6707,-0.23871
-4.4351,-0.22392
-4.7463,0.046418
-4.4413,-0.2286
-4.6985,0.085578
-4.3757,-0.15483
-4.5647,-0.2685
-4.5647,-0.2685
-4.5647,-0.2685
-4.5647,-0.2685
-4.6674,-0.24052
-4.5647,-0.2685
-4.6298,0.14276
-4.3757,-0.15483
-4.7134,-0.055336
-86.35,-1.1633
-4.7307,0.069282
-4.6049,0.15069
-4.5645,-0.056311
-4.6985,0.085578
-4.7251,-0.19438
313.05,2.6973
-4.4289,0.021754
-4.6718,-0.2377
725.59,10.804
-4.7578,0.028247
-4.7201,-0.050295
-4.7328,0.07098
-4.6604,-0.021096
-4.4354,0.028441
-4.5637,-0.057107
-4.5674,-0.26849
-4.3757,-0.15483
-4.3757,-0.15483
-4.7486,0.046619
-4.4287,-0.051265
-4.7307,0.069282
-4.7448,-0.042443
-4.5646,-0.057223
-4.551,0.15268
-4.6986,-0.15798
547.59,7.2007
-4.3757,-0.15483
270.2,2.2805
-4.6985,0.085578
-4.3993,-0.0025685
-4.3757,-0.15483
-4.5641,-0.055496
-4.6277,0.14269
270.31,2.2829
-4.3746,-0.15364
159.79,1.5911
-4.6951,-0.042912
-4.4327,0.025353
-4.4984,0.042616
-4.6997,-0.15825
-4.6675,-0.025624
-4.5645,-0.05682
-4.4144,0.018155
-4.4253,0.086418
270.12,2.281
-4.5641,-0.055621
-4.3757,-0.15483
-4.7736,-0.076915
-4.3757,-0.15483
-4.4122,0.071737
-4.6915,0.089948
-4.5486,0.13641
-4.3658,-0.03036
-4.6915,0.089948
-4.7317,0.068538
-4.4377,0.059099
-4.3419,-0.080638
-4.6886,0.1223
547.56,7.2005
939.97,16.407
-4.4305,-0.23049
-4.7102,-0.071808
-4.6985,0.085578
-4.3757,-0.15483
-4.5772,0.15226
-4.5639,-0.055451
-4.5645,-0.056925
-4.3757,-0.15483
-4.504,-0.025787
313.03,2.6973
-4.3757,-0.15483
-4.7286,0.074775
-4.3757,-0.15483
-4.3757,-0.15483
-4.3757,-0.15483
-4.3757,-0.15483
-4.4165,0.037501
-4.3757,-0.15483
-4.3757,-0.15483
-4.3757,-0.15483
-4.3757,-0.15483
-4.5645,-0.056918
-4.4144,0.018155
-4.3757,-0.15483
-4.7754,-0.073778
-4.3757,-0.15483
-4.3757,-0.15483
-4.3757,-0.15483
-4.3957,-0.012477
-4.6049,0.15069
-4.6784,-0.23609
-4.3757,-0.15483
-4.5637,-0.057265
-4.6026,0.15068
-4.3757,-0.15483
-4.3757,-0.15483
-4.3757,-0.15483
159.95,1.4266
-4.3757,-0.15483
-4.5513,0.15321
-4.5536,0.15333
-120,-4.2326
-4.4042,0.059524
-4.5636,-0.05664
-4.3757,-0.15483
-4.6044,0.15054
-4.5209,-0.043408
-4.7703,-0.10142
-4.3757,-0.15483
-4.5638,-0.055135
-4.4902,-0.066776
-4.6645,-0.24465
-118.06,-3.7557
485.18,5.9299
-4.3757,-0.15483
-4.6794,0.12384
-4.7028,0.093708
-4.5647,-0.2685
-4.6807,0.063737
-4.4924,-0.03919
-4.738,0.056827
-4.3757,-0.15483
-4.3757,-0.15483
-4.616,-0.26149
-4.3757,-0.15483
-4.3757,-0.15483
-4.4382,0.034168
-4.551,0.15268
-4.3757,-0.15483
-4.616,-0.26149
-4.7243,0.077444
-4.6349,-0.25541
-4.3757,-0.15483
-4.3757,-0.15483
-4.616,-0.26149
-4.4289,0.021754
-4.3698,-0.13923
-4.616,-0.26149
-4.3965,-0.010352
-4.5512,0.1527
-4.616,-0.26149
-4.3757,-0.15483
-4.5827,-0.034625
-4.616,-0.26149
-4.7749,-0.035896
-4.7222,0.07973
-74.796,-0.024586
-4.616,-0.26149
-4.616,-0.26149
-4.3757,-0.15483
-4.3757,-0.15483
-4.616,-0.26149
-4.6043,0.15056
-4.616,-0.26149
-4.4519,-0.025632
-4.6197,0.017415
-4.3757,-0.15483
-4.3757,-0.15483
-4.3757,-0.15483
-4.616,-0.26149
-4.616,-0.26149
-4.3758,-0.15392
-4.4368,-0.18465
-4.3758,-0.15543
-4.616,-0.26149
-4.616,-0.26149
-4.616,-0.26149
-4.6985,0.085578
-4.3757,-0.15483
-4.3757,-0.15483
-4.3999,-0.04284
-4.616,-0.26149
-4.3757,-0.15483
-4.5647,-0.2685
-4.5647,-0.2685
-4.5647,-0.2685
-4.5647,-0.2685
-4.5647,-0.2685
-4.3757,-0.15483
-4.3757,-0.15483
-4.6985,0.085578
-4.3757,-0.15483
-4.6985,0.085578
-4.3757,-0.15483
-95.813,-2.0837
-4.3757,-0.15483
-4.3757,-0.15483
-4.3757,-0.15483
-4.3757,-0.15483
-4.7133,-0.052747
-4.3757,-0.15483
-4.4031,0.0064573
-4.5522,0.15324
-4.3757,-0.15483
-4.5514,0.15323
-4.3757,-0.15483
-4.3757,-0.15483
-4.3757,-0.15483
-4.3757,-0.15483
-4.3757,-0.15483
-4.3757,-0.15483
-4.3757,-0.15483
43.651,3.7129
-4.5641,-0.057204
-4.7725,-0.087371
-4.7749,-0.035896
-4.3757,-0.15483
-4.3757,-0.15483
-4.6074,-0.056355
270.25,2.2813
-4.7362,-0.18105
-4.3757,-0.15483
-4.5644,-0.056413
-4.7488,-0.16143
-4.5158,0.0053399
-4.3952,-0.015591
-4.3757,-0.15483
-4.551,0.15268
-4.6029,0.15057
-4.3757,-0.15483
-4.3757,-0.15483
-4.3757,-0.15483
-4.7735,-0.025689
-4.4514,-0.038186
-4.3757,-0.15483
-4.7578,0.028247
-4.3957,-0.012477
-4.4403,-0.18655
-4.5521,0.15226
-4.5486,0.15226
-4.7703,-0.10142
-4.3746,-0.15364
-4.3757,-0.15483
-4.5269,-0.13394
-4.3757,-0.15483
159.81,1.4286
-4.3757,-0.15483
159.85,1.585
-4.6713,-0.23859
-4.4144,0.018155
-4.7659,6.096e-05
-4.601,0.15131
270.17,2.3484
-4.6645,-0.24465
-4.7109,-0.21036
-133.21,-4.9068
-4.3622,-0.11844
-4.7515,0.042447
655,9.1884
-4.5514,0.15323
-4.3757,-0.15483
240.33,1.9168
-4.3757,-0.15483
-4.3895,-0.040756
-4.5646,-0.057306
-4.6317,-0.02391
-4.6652,0.11371
-4.5617,-0.057402
-4.6967,0.086702
-4.6793,-0.2355
-4.4203,-0.044343
-4.3757,-0.15483
-4.7168,0.091378
-4.3746,-0.15364
-4.692,0.08844
-4.5645,-0.057113
-4.5516,0.15352
-4.3757,-0.15483
-4.3757,-0.15483
-4.4825,-0.053236
-4.6974,0.087783
-4.3746,-0.15364
-4.5486,0.15226
598.93,8.186
-4.3757,-0.15483
-4.5645,-0.057087
-4.3757,-0.15483
-4.5637,-0.057086
-4.6155,0.14733
-4.3757,-0.15483
-4.5652,-0.26849
-4.7627,0.010205
-4.5652,-0.26849
-4.7712,-0.022755
-4.5645,-0.056802
-4.5637,-0.056984
-4.5497,0.15186
-4.5523,0.15303
-4.3757,-0.15483
491.6,6.0973
-4.3853,0.047523
-4.5526,0.15332
40.645,1.9424
-4.5505,0.15338
-4.5512,0.15165
-4.55,0.15163
-4.5516,0.15352
-4.6985,0.085578
-4.3757,-0.15483
-4.3757,-0.15483
-4.3494,-0.045796
-4.5526,0.1504
-4.531,0.052908
-4.5509,0.15142
-4.6449,0.065344
-4.3757,-0.15483
-4.5632,0.14932
-4.7187,0.072333
-4.5641,-0.055619
367.55,3.6737
-4.7232,0.072621
-4.5645,-0.057061
-4.5512,0.15344
-4.7227,-0.11764
-4.5514,0.14965
-4.5514,0.14965
-4.5514,0.14965
-4.6666,0.12527
-4.6761,-0.2351
-4.7251,0.074332
-4.7672,-0.11804
-4.6676,-0.24072
-4.7251,0.074332
-4.6761,-0.2351
-4.7621,-0.13046
-4.3789,0.040358
-4.6726,0.094309
-4.7735,-0.026259
-4.7648,-0.12237
-4.6761,-0.2351
-4.5642,0.15275
-4.6722,0.1233
-4.6761,-0.2351
-4.6761,-0.2351
-4.7672,-0.11804
-4.7648,-0.12237
-4.6761,-0.2351
-4.667,0.12352
-4.7672,-0.11804
-4.7306,0.068234
-4.6761,-0.2351
413.62,6.2856
682.89,9.9519
-4.3757,-0.15483
-4.5605,-0.057412
-4.6985,0.085578
-4.3757,-0.15483
159.87,1.5801
-4.6074,-0.056355
-4.7088,-0.05585
-4.5759,-0.036922
-4.6307,0.14353
-4.5636,-0.057095
-4.5642,-0.057428
-103.86,-0.18024
-29.727,-0.37846
-4.7255,-0.047273
-4.7425,0.059385
-4.7648,-0.12237
-4.7648,-0.12237
-4.7648,-0.12237
-4.6881,0.1107
-4.7648,-0.12237
-4.7648,-0.12237
-4.3953,0.066218
-4.7666,-0.11996
-4.7648,-0.12237
-4.7251,0.074332
-4.7096,-0.21093
-4.3757,-0.15483
-4.5481,0.15218
-4.5647,-0.2685
-4.359,-0.10708
-4.5647,-0.2685
-4.7334,-0.18489
-4.4432,-0.19951
-4.5647,-0.2685
-4.3757,-0.15483
-4.7129,-0.20784
-4.4283,-0.16481
-4.615,0.14457
-4.6161,0.14713
-4.615,0.14457
-4.6347,-0.2555
-4.774,-0.086649
-4.6713,-0.23856
-4.5651,-0.2685
-4.7096,-0.21093
-4.7702,-0.0086182
-4.6899,-0.22478
-4.5875,-0.038103
-3.9718,-0.10766
-4.5786,0.15173
-5.9162,0.1842
-4.7372,-0.17961
-4.7037,-0.038184
-4.4293,-0.078831
-4.5208,-0.038064
-4.7722,-0.089451
-4.5747,0.14459
-4.7664,-0.11725
-4.6968,-0.22068
-4.5646,-0.057297
-4.7372,-0.17961
159.92,1.511
-4.5786,0.15173
-4.5632,-0.057307
-4.5647,-0.26849
-4.5647,-0.2685
-4.5647,-0.2685
-4.5645,-0.056901
-4.7372,-0.17961
-4.5806,0.15159
-4.725,-0.081696
-4.5647,-0.2685
-4.359,-0.10703
240.25,1.9142
-4.5647,-0.2685
-4.5645,-0.057087
-4.7033,-0.076972
-4.3601,-0.11108
-103.17,-0.37049
413.6,6.2358
-4.555,-0.076941
-4.5644,-0.05671
-4.3701,-0.14013
-4.7672,-0.11804
-4.7672,-0.11804
-4.7672,-0.11804
-4.7672,-0.11804
-4.7672,-0.11804
-4.7672,-0.11804
-4.7672,-0.11804
-4.7672,-0.11804
-4.7672,-0.11804
-4.7672,-0.11804
-4.7672,-0.11804
-4.7672,-0.11804
-4.7672,-0.11804
-4.7672,-0.11804
-4.7672,-0.11804
-4.7672,-0.11804
-4.423,0.021948
-4.7163,-0.20454
-4.7672,-0.11804
-4.7295,0.077923
-4.7672,-0.11804
-4.7647,-0.12263
-4.7672,-0.11804
-4.7672,-0.11804
-4.7578,0.028547
-4.7672,-0.11804
-4.4266,0.029581
-4.7672,-0.11804
-4.7503,0.046343
-4.7672,-0.11804
-4.7346,-0.18325
-4.7672,-0.11804
-4.7672,-0.11804
-4.7672,-0.11804
-4.7698,-0.10847
-4.7672,-0.11804
-4.7672,-0.11804
-4.7495,0.046659
-4.7672,-0.11804
-4.7672,-0.11804
-4.7672,-0.11804
-4.7672,-0.11804
-4.7668,-0.11956
-4.7672,-0.11804
-4.7672,-0.11804
-4.7672,-0.11804
-4.7672,-0.11804
-4.6387,-0.25625
-4.7608,-0.13378
-4.3633,-0.13412
-4.7135,-0.0444
-4.7109,-0.21036
-4.4514,-0.19604
-4.7309,0.048044
-4.5647,-0.2685
485.26,5.9808
-4.5644,-0.056068
-4.7724,-0.089615
-4.5643,-0.056359
-4.7637,-0.1257
-4.4972,-0.024813
367.6,3.7094
-4.4303,-0.17466
-4.4394,0.032816
-4.5637,-0.056994
-4.774,-0.068759
-4.715,-0.20569
-4.7627,0.010205
725.54,10.803
-4.6332,-0.25584
43.327,3.1284
-4.7598,0.02372
-4.5633,-0.05738
-4.7309,0.04806
-4.7249,0.059973
-4.7252,-0.041943
-4.5647,-0.2685
-4.7109,0.071579
-4.774,-0.050832
-4.4268,-0.1686
-4.5647,-0.2685
-4.7264,0.056457
-4.5134,-0.035477
-4.7257,0.058034
-4.7658,-0.11905
-4.7582,0.022068
-4.7582,0.022068
464.47,5.5316
-4.4912,0.017261
-4.4473,-0.086434
386.64,4.2104
-4.5647,-0.2685
-4.5647,-0.2685
-4.5647,-0.2685
-4.7658,-0.1193
-4.7693,-0.11037
-4.6711,-0.23873
1112.6,21.254
-126.5,-3.4803
-4.68,-0.064824
-4.4752,-0.24703
-4.4752,-0.24703
-4.4752,-0.24703
-4.4752,-0.24703
-4.6981,-0.21819
-4.4752,-0.24703
-4.4752,-0.24703
-4.4752,-0.24703
-4.4752,-0.24703
-4.4752,-0.24703
-4.6727,-0.23639
-4.4752,-0.24703
-4.563,-0.057945
-4.4752,-0.24703
-4.5647,-0.2685
-4.4268,-0.22856
-4.5647,-0.2685
-4.5647,-0.2685
-4.6234,0.058108
-4.4269,-0.2276
-4.5647,-0.2685
-4.5639,-0.057953
-4.5632,-0.057936
-4.5647,-0.2685
-4.5639,-0.057953
-4.4242,-0.22731
-4.4242,-0.22726
-4.5523,0.15374
-4.6666,-0.24127
-4.5632,-0.057945
-4.5639,-0.057953
-4.5647,-0.2685
-4.6666,-0.24127
-4.7291,-0.19044
-4.3757,-0.016247
-4.5639,-0.057953
-4.6735,0.09232
-4.5639,-0.057953
-4.6666,-0.24127
-4.5647,-0.2685
-4.6677,-0.24068
-4.6677,-0.24068
-4.7648,-0.12237
-4.6965,-0.21938
-4.5647,-0.2685
-4.6677,-0.24068
-4.6666,-0.24127
-4.6158,-0.26209
-4.5647,-0.2685
-4.5647,-0.2685
-4.7109,-0.2102
-4.6677,-0.24068
-4.5633,-0.057946
-4.5647,-0.2685
-4.5633,-0.057946
-4.4044,0.075932
-4.5639,-0.057953
-4.4044,0.075932
-4.5647,-0.2685
-4.5639,-0.057953
-4.4044,0.075932
-4.4044,0.075932
-4.5639,-0.057953
-4.707,0.090883
-4.4272,-0.21659
295.69,2.4836
-4.5639,-0.057953
-4.5647,-0.2685
-4.5647,-0.2685
-4.5647,-0.2685
-4.582,0.15149
-4.6377,0.12601
-4.6666,-0.24127
-4.5647,-0.2685
-4.6761,-0.2351
-4.5647,-0.2685
-4.4284,-0.17214
-4.6761,-0.2351
-4.6965,-0.21938
-4.5647,-0.2685
-4.5647,-0.2685
-4.5647,-0.2685
-4.6965,-0.21938
-4.7664,-0.11708
-4.7643,0.0052414
-4.7643,0.0052413
-4.5647,-0.2685
-4.7099,-0.13714
-4.5647,-0.2685
-4.7664,-0.11708
-4.5647,-0.2685
-4.6761,-0.2351
-4.7379,0.059792
-4.4284,-0.17214
-4.5647,-0.2685
-4.758,0.028248
-4.5647,-0.2685
-4.7664,-0.11708
-4.6786,-0.23596
-4.6634,-0.24274
-4.7648,-0.12237
-4.5647,-0.2685
-4.7285,-0.19111
-4.7643,0.0052414
-4.6965,-0.21938
-4.5647,-0.2685
-4.5647,-0.2685
-4.6761,-0.2351
-4.7664,-0.11715
-4.7109,-0.2102
-4.5647,-0.2685
-4.5647,-0.2685
-4.36,-0.11126
-4.5647,-0.2685
-4.758,0.028248
-4.5647,-0.2685
-4.7643,0.0052415
-4.7664,-0.11708
-4.6666,-0.24127
-4.6965,-0.21938
-4.5647,-0.2685
-4.6158,-0.26209
-4.5647,-0.2685
-4.5647,-0.2685
-4.6965,-0.21938
-4.6677,-0.24069
-4.5647,-0.2685
-4.5647,-0.2685
-4.7664,-0.11715
-4.5647,-0.2685
-4.7664,-0.11715
-4.5647,-0.2685
-4.7664,-0.11708
-4.7643,0.0052414
-4.6677,-0.24068
-4.6965,-0.21938
-4.6666,-0.24127
-4.7664,-0.11708
-4.5647,-0.2685
-4.6965,-0.21938
-4.7145,-0.20612
-4.6666,-0.24127
-4.7664,-0.11708
-4.7664,-0.11715
-4.5504,-0.19114
-4.5647,-0.2685
-4.5647,-0.2685
-4.6965,-0.21938
-4.7643,0.0052414
-4.6965,-0.21938
-4.6965,-0.21938
-4.5647,-0.2685
-4.7664,-0.11708
-4.5647,-0.2685
-4.6965,-0.21938
-4.5647,-0.2685
-4.6677,-0.24068
-4.5647,-0.2685
-4.7664,-0.11708
-4.5647,-0.2685
-4.6965,-0.21938
-4.6761,-0.2351
-4.7664,-0.11715
-4.6965,-0.21938
-4.5647,-0.2685
-4.6666,-0.24127
-4.6965,-0.21938
-4.7109,-0.2102
-4.5647,-0.2685
-4.6677,-0.24068
-4.5647,-0.2685
-4.4308,-0.17488
-4.7637,-0.12592
-4.5647,-0.2685
-4.7109,-0.2102
-4.5647,-0.2685
-4.7664,-0.11715
-4.5647,-0.2685
-4.7664,-0.11708
-4.6965,-0.21938
-4.7664,-0.11708
-4.5647,-0.2685
-4.5647,-0.2685
-4.7664,-0.11708
-4.5647,-0.2685
-4.6965,-0.21938
-4.5647,-0.2685
-4.6965,-0.21938
-4.668,-0.24253
-4.5647,-0.2685
-4.5647,-0.2685
-4.5647,-0.2685
-4.5647,-0.2685
-4.5647,-0.2685
-4.5647,-0.2685
-4.6666,-0.24127
-4.5647,-0.2685
-4.6761,-0.2351
-4.5647,-0.2685
-4.7109,-0.2102
-4.5647,-0.2685
-4.5647,-0.2685
-4.6965,-0.21938
-4.7643,0.0052414
-4.6965,-0.21938
-4.7664,-0.11708
-4.7726,-0.087819
756.3,11.726
-4.5644,-0.056216
-4.5621,-0.04014
-4.439,-0.18913
-4.5645,-0.056943
-4.4413,-0.19954
270.18,2.2805
-67.496,0.2474
-4.4371,-0.18519
-4.6872,-0.04453
-4.659,0.10048
-4.4463,-0.19732
-4.597,-0.22681
-4.6666,-0.24127
-4.5647,-0.2685
367.66,3.6748
-4.4785,0.053149
-4.6092,0.12691
-4.714,0.03319
485.23,5.9152
240.24,2.093
-4.6811,-0.055736
386.47,4.2438
240.1,1.9402
-4.5645,-0.056936
-4.564,-0.055523
-4.6482,0.093045
-4.5645,-0.056881
-4.564,-0.055453
-4.3817,-0.074944
-4.4463,-0.19344
-4.7152,-0.20549
-4.4463,-0.19344
-4.7152,-0.20549
-4.5642,-0.056695
-4.7152,-0.20549
-4.7152,-0.20549
-4.7664,-0.11708
-4.7152,-0.20549
-4.4463,-0.19344
-4.4463,-0.19344
-4.7152,-0.20549
-4.4269,-0.20371
-4.7664,-0.11708
-4.7152,-0.20549
-4.7152,-0.20549
-4.7152,-0.20549
-4.4463,-0.19344
-4.7152,-0.20549
-4.6965,-0.21938
-4.4394,-0.18656
-4.4255,0.08709
-4.4463,-0.19344
-4.7152,-0.20549
-4.7152,-0.20549
-4.7152,-0.20549
-4.7664,-0.11708
-4.5997,-0.025344
-4.7152,-0.20549
-4.7664,-0.11708
-4.7152,-0.20549
-4.4508,-0.20689
-4.4273,-0.054346
-4.7664,-0.11708
-4.7152,-0.20549
-4.7664,-0.11708
-4.4463,-0.19344
-4.4324,-0.16322
-4.6965,-0.21938
-4.712,-0.2093
-4.7152,-0.20549
-4.7664,-0.11708
-4.4394,-0.18656
-4.4524,-0.03573
-4.712,-0.2093
-4.7664,-0.11708
-4.4463,-0.19344
-4.7664,-0.11708
-4.7152,-0.20549
-4.7152,-0.20549
-4.7152,-0.20549
-4.5353,-0.046236
-4.4463,-0.19344
-4.7664,-0.11708
-4.4463,-0.19344
-4.7664,-0.11716
-4.7152,-0.20549
-4.7664,-0.11708
-4.7664,-0.11708
-4.7152,-0.20549
-4.7664,-0.11708
-4.7664,-0.11708
-4.7152,-0.20549
-4.6965,-0.21938
-4.7538,0.037548
-4.7152,-0.20549
-4.7152,-0.20549
-4.7152,-0.20549
-4.7152,-0.20549
-4.7664,-0.11708
-4.4463,-0.19344
-4.425,-0.20372
-4.7664,-0.11708
-4.6923,-0.16551
-3.7795,-0.089026
-4.7152,-0.20549
-4.7152,-0.20549
-4.6965,-0.21938
-4.6709,-0.23881
-4.4172,0.052627
-4.6709,-0.23881
-4.6709,-0.23881
-4.6709,-0.23881
-4.5936,0.14177
-4.6709,-0.23881
-4.3591,-0.10741
-4.6082,0.14749
-4.7152,-0.20549
-4.7152,-0.20549
-4.7152,-0.20549
-4.7152,-0.20549
-4.7152,-0.20549
-4.7152,-0.20549
-4.6082,0.14749
-4.7103,-0.21069
-4.7152,-0.20549
-4.7152,-0.20549
-4.7152,-0.20549
-4.7152,-0.20549
-4.7152,-0.20549
-4.7152,-0.20549
-4.7152,-0.20549
-4.6082,0.14749
-4.7152,-0.20549
-4.7152,-0.20549
-4.7152,-0.20549
-4.7152,-0.20549
-4.7152,-0.20549
-4.7152,-0.20549
-4.7698,-0.1085
-4.7152,-0.20549
-4.7152,-0.20549
-4.6676,-0.24276
-4.7152,-0.20549
-4.6082,0.14749
-4.7152,-0.20549
-4.7152,-0.20549
-4.7152,-0.20549
-4.7152,-0.20549
-4.7152,-0.20549
-4.7152,-0.20549
-4.7152,-0.20549
-4.7152,-0.20549
-4.7152,-0.20549
-4.7152,-0.20549
-4.6761,-0.2351
-4.7152,-0.20549
-4.7152,-0.20549
-4.7152,-0.20549
-4.7152,-0.20549
-4.7152,-0.20549
-4.4444,-0.19756
-4.7152,-0.20549
-4.6082,0.14749
-4.7152,-0.20549
-4.7152,-0.20549
-4.7152,-0.20549
-4.7152,-0.20549
-4.7152,-0.20549
-4.5647,-0.2685
-4.7152,-0.20549
-4.7152,-0.20549
-4.7152,-0.20549
-4.7152,-0.20549
-4.7152,-0.20549
-4.7152,-0.20549
-4.679,-0.23568
-4.4463,-0.19344
-4.7152,-0.20549
-4.5647,-0.2685
-4.7152,-0.20549
-4.7152,-0.20549
-4.7152,-0.20549
-4.6082,0.14749
-4.6842,-0.038962
-4.4751,-0.24698
-4.4752,-0.24703
-4.4752,-0.24703
-4.4752,-0.24703
-4.4361,-0.22211
-4.6842,-0.038962
-4.4752,-0.24703
-4.4268,-0.16834
-4.4268,-0.16834
-4.4284,-0.21441
-4.4752,-0.24703
-4.4752,-0.24703
-4.4752,-0.24703
-4.4268,-0.16834
-4.6715,-0.23781
-4.4752,-0.24703
-4.4752,-0.24703
-4.4403,-0.18655
-4.4752,-0.24703
-4.4284,-0.21441
-4.4736,-0.24624
-4.4268,-0.16834
-4.4752,-0.24703
-4.4268,-0.16834
-4.4752,-0.24703
-4.4284,-0.21441
-4.4752,-0.24703
-4.4752,-0.24703
-4.4268,-0.16834
-4.4752,-0.24703
-4.4268,-0.16834
-4.4268,-0.16834
-4.4752,-0.24703
-4.4752,-0.24703
-4.4752,-0.24703
-4.4398,-0.18724
-4.727,-0.01028
-4.4319,-0.21906
-4.4752,-0.24703
-4.4752,-0.24703
-4.4752,-0.24703
-4.4268,-0.16834
-4.6786,-0.23593
-4.4752,-0.24703
-4.4752,-0.24703
-4.4752,-0.24703
-4.4303,-0.17357
-4.4386,-0.18739
-4.4752,-0.24703
-4.4752,-0.24703
-4.4752,-0.24703
-4.4752,-0.24703
-4.4752,-0.24703
-4.4752,-0.24703
-4.5647,-0.2685
-4.6842,-0.038962
-4.4752,-0.24703
-4.4752,-0.24703
-4.4268,-0.16834
-4.6393,-0.25299
-4.4752,-0.24703
-4.4752,-0.24703
-4.4398,-0.18724
-4.4752,-0.24703
-4.4752,-0.24703
-4.4752,-0.24703
-4.6842,-0.038962
-4.4752,-0.24703
-4.4752,-0.24703
-4.4752,-0.24703
-4.4268,-0.16834
-4.4752,-0.24703
-4.4284,-0.21441
-4.4752,-0.24703
-4.4752,-0.24703
-4.4398,-0.18724
-4.4268,-0.16834
-4.6788,-0.034494
-4.4752,-0.24703
-4.7151,-0.12476
-4.4268,-0.16834
-4.4268,-0.16834
-4.7206,-0.034871
-4.4752,-0.24703
-4.3769,-0.15486
-4.4355,-0.17736
-4.4223,-0.21042
-4.4752,-0.24703
-4.4268,-0.16834
-4.4752,-0.24703
-4.4752,-0.24703
-4.4752,-0.24703
-4.676,-0.2351
-4.4752,-0.24703
-4.5647,-0.2685
-4.7043,-0.14461
-4.4284,-0.21441
-4.4752,-0.24703
-4.4268,-0.16834
-4.6842,-0.038962
-4.4268,-0.16834
-4.4752,-0.24703
-4.4752,-0.24703
-4.4752,-0.24703
-4.4752,-0.24703
-4.4361,-0.22211
-4.4268,-0.16834
-4.4752,-0.24703
-4.4268,-0.16834
-4.6919,-0.22333
-4.4752,-0.24703
-4.4752,-0.24703
-4.6393,-0.25299
-4.4268,-0.16834
-4.4268,-0.16834
-4.4752,-0.24703
-4.4398,-0.18724
-4.6842,-0.038962
-4.4268,-0.16834
-4.4752,-0.24703
-4.6677,-0.24039
-4.4736,-0.24624
-4.4752,-0.24703
-4.4752,-0.24703
-4.5647,-0.2685
-4.4752,-0.24703
-4.6393,-0.25299
-4.4752,-0.24703
-4.4752,-0.24703
-4.7639,-0.12819
-4.4736,-0.24624
-4.4752,-0.24703
-4.4752,-0.24703
-4.6919,-0.22333
-4.6393,-0.25299
-4.4752,-0.24703
-4.4372,-0.22301
-4.6393,-0.25299
-4.4736,-0.24624
-4.5096,-0.25954
-4.4752,-0.24703
-4.4752,-0.24703
-4.4752,-0.24703
-4.6393,-0.25299
-4.4736,-0.24624
-4.4752,-0.24703
-4.4752,-0.24703
-4.4752,-0.24703
-4.4752,-0.24703
-4.4752,-0.24703
-4.4752,-0.24703
-4.4752,-0.24703
-4.4752,-0.24703
-4.5619,-0.053547
-4.4752,-0.24703
-4.4752,-0.24703
-4.6393,-0.25299
-4.4752,-0.24703
-4.362,-0.1179
-4.4752,-0.24703
-4.4372,-0.22301
-4.4752,-0.24703
-4.4736,-0.24624
-4.4736,-0.24624
-4.4736,-0.24624
-4.4752,-0.24703
-4.4736,-0.24624
-4.4752,-0.24703
-4.434,-0.22568
-4.4752,-0.24703
-4.4736,-0.24624
-4.4752,-0.24703
-4.4752,-0.24703
-4.4752,-0.24703
-4.4736,-0.24624
-4.5646,-0.26846
-4.6393,-0.25299
-4.4752,-0.24703
-4.6919,-0.22333
-4.4752,-0.24703
-4.4752,-0.24703
-4.4752,-0.24703
-4.4752,-0.24703
-4.475,-0.24692
-4.4752,-0.24703
-4.5096,-0.25954
-4.4752,-0.24703
-4.4752,-0.24703
-4.4736,-0.24624
-4.4736,-0.24624
-4.7435,0.047733
-4.4736,-0.24624
-4.4752,-0.24703
-4.4364,-0.22493
-4.4752,-0.24703
-4.4752,-0.24703
-4.4736,-0.24624
-4.4752,-0.24703
-4.6393,-0.25299
-4.4736,-0.24624
-4.4752,-0.24703
-4.4752,-0.24703
-4.4752,-0.24703
-4.6677,-0.24039
-4.4752,-0.24703
-4.6915,-0.2233
-4.4752,-0.24703
-4.4752,-0.24703
-4.4752,-0.24703
-4.4752,-0.24703
-4.5639,-0.057953
-4.4752,-0.24703
-4.4752,-0.24703
-4.4752,-0.24703
-4.4736,-0.24624
-4.4736,-0.24624
-4.4752,-0.24703
-4.6713,-0.23855
-4.4752,-0.24703
-4.6915,-0.2233
-4.4752,-0.24703
-4.4752,-0.24703
-4.4752,-0.24703
-4.4752,-0.24703
-4.6393,-0.25299
-4.4752,-0.24703
-4.4752,-0.24703
-4.4752,-0.24703
-4.4752,-0.24703
-4.4381,-0.22334
-4.4752,-0.24703
-4.4752,-0.24703
-4.5647,-0.2685
-4.4373,-0.22268
-4.4752,-0.24703
-4.5614,-0.053471
-4.5647,-0.2685
-4.4808,-0.24947
-4.4752,-0.24703
-4.5614,-0.053471
-4.4736,-0.24624
-4.4736,-0.24624
-4.4752,-0.24703
-4.4752,-0.24703
-4.4752,-0.24703
-4.6393,-0.25299
-4.4736,-0.24624
-4.7732,-0.081847
-4.4752,-0.24703
-4.4752,-0.24703
-4.4752,-0.24703
-4.4752,-0.24703
-4.7648,-0.12237
-4.4752,-0.24703
-4.4752,-0.24703
-4.4752,-0.24703
-4.4752,-0.24703
-4.5626,-0.05365
-4.4752,-0.24703
-4.4736,-0.24624
-4.4752,-0.24703
-4.4752,-0.24703
-4.4752,-0.24703
-4.4752,-0.24703
-4.4752,-0.24703
-4.4752,-0.24703
-4.4752,-0.24703
-4.4736,-0.24624
-4.4752,-0.24703
-4.4752,-0.24703
-4.4373,-0.22268
-4.5647,-0.2685
-4.4752,-0.24703
-4.4752,-0.24703
-4.4752,-0.24703
-4.4736,-0.24624
-4.4736,-0.24624
-4.4752,-0.24703
-4.4752,-0.24703
-4.4752,-0.24703
-4.4736,-0.24624
-4.4752,-0.24703
-4.4752,-0.24703
-4.7648,-0.12237
-4.4752,-0.24703
-4.4752,-0.24703
-4.4752,-0.24703
-4.4736,-0.24624
-4.4736,-0.24624
-4.5646,-0.26846
-4.4736,-0.24624
-4.4736,-0.24624
-4.6919,-0.22333
-4.4752,-0.24703
-4.4752,-0.24703
-4.5647,-0.2685
-4.4752,-0.24703
-4.6393,-0.25299
-4.4736,-0.24624
-4.7732,-0.081847
-4.6677,-0.24039
-4.4752,-0.24703
-4.4752,-0.24703
-4.5647,-0.2685
-4.4752,-0.24703
-4.4752,-0.24703
-4.4752,-0.24703
-4.4736,-0.24624
-4.4736,-0.24624
-4.4752,-0.24703
-4.4752,-0.24703
-4.4752,-0.24703
-4.4736,-0.24624
-4.4752,-0.24703
-4.4752,-0.24703
-4.6659,-0.24047
-4.4752,-0.24703
-4.4752,-0.24703
-4.6915,-0.2233
-4.4752,-0.24703
-4.4752,-0.24703
-4.4752,-0.24703
-4.4752,-0.24703
-4.4752,-0.24703
-4.4752,-0.24703
-4.6393,-0.25299
-4.4752,-0.24703
-4.4752,-0.24703
-4.4752,-0.24703
-4.4736,-0.24624
-4.4736,-0.24624
-4.6919,-0.22333
-4.4752,-0.24703
-4.4752,-0.24703
-4.5647,-0.2685
-4.4752,-0.24703
-4.4752,-0.24703
-4.6677,-0.24039
-4.4752,-0.24703
-4.4752,-0.24703
-4.7648,-0.12237
-4.4752,-0.24703
-4.689,-0.22525
-4.4736,-0.24624
-4.4752,-0.24703
-4.4752,-0.24703
-4.4373,-0.22268
-4.6393,-0.25299
-4.4223,-0.21042
-4.4752,-0.24703
-4.4752,-0.24703
-4.4752,-0.24703
-4.5614,-0.053471
-4.6915,-0.2233
-4.7741,-0.066581
-4.4752,-0.24703
-4.4752,-0.24703
-4.4752,-0.24703
-4.6393,-0.25299
-4.4751,-0.24695
-4.4752,-0.24703
-4.4752,-0.24703
-4.4752,-0.24703
-4.4752,-0.24703
-4.4736,-0.24624
-4.6713,-0.23855
-4.4736,-0.24624
-4.4752,-0.24703
-4.4736,-0.24624
-4.4752,-0.24703
-4.6717,0.11882
-4.4752,-0.24703
-4.6919,-0.22333
-4.5647,-0.2685
-4.4752,-0.24703
-4.4752,-0.24703
-4.6393,-0.25299
-4.4736,-0.24624
-4.4736,-0.24624
-4.4736,-0.24624
-4.5647,-0.2685
-4.7732,-0.081847
-4.4752,-0.24703
-4.4752,-0.24703
-4.4734,-0.24615
-4.5487,-0.05028
-4.4364,-0.22493
-4.4752,-0.24703
-4.4752,-0.24703
-4.4736,-0.24624
-4.4752,-0.24703
-4.6393,-0.25299
-4.4752,-0.24703
-4.4752,-0.24703
-4.4752,-0.24703
-4.4736,-0.24624
-4.4752,-0.24703
-4.4223,-0.21042
-4.4752,-0.24703
-4.4752,-0.24703
-4.5096,-0.25954
-4.4752,-0.24703
-4.4736,-0.24624
-4.4752,-0.24703
-4.3672,0.019865
-4.4372,-0.22263
-4.5647,-0.2685
-4.4736,-0.24624
-4.4752,-0.24703
-4.4752,-0.24703
-4.4752,-0.24703
-4.6393,-0.25299
-4.4752,-0.24703
-4.4752,-0.24703
-4.6393,-0.25299
-4.4736,-0.24624
-4.6677,-0.24039
-4.6659,-0.24049
-4.4752,-0.24703
-4.4752,-0.24703
-4.565,-0.2685
-4.4752,-0.24703
-4.4752,-0.24703
-4.4752,-0.24703
-4.4752,-0.24703
-4.4752,-0.24703
-4.4752,-0.24703
-4.4736,-0.24624
-4.4752,-0.24703
-4.4752,-0.24703
-4.4752,-0.24703
-4.4808,-0.24947
-4.4752,-0.24703
-4.5614,-0.053471
-4.4752,-0.24703
-4.4752,-0.24703
-4.3759,-0.15277
-4.4752,-0.24703
-4.6915,-0.2233
-4.4736,-0.24624
-4.4752,-0.24703
-4.6713,-0.23855
-4.4364,-0.22497
-4.4752,-0.24703
-4.5647,-0.2685
-4.671,-0.23879
-4.5077,-0.25914
-4.5647,-0.2685
-4.7152,-0.20549
-4.7152,-0.20549
-4.6986,-0.040644
-4.7152,-0.20549
-4.7144,-0.20634
-4.7152,-0.20549
-4.7152,-0.20549
-4.7152,-0.20549
-4.7152,-0.20549
-4.7152,-0.20549
-4.7152,-0.20549
-4.4395,-0.18663
-4.7152,-0.20549
-4.6665,-0.24167
-4.3619,-0.11749
-4.6665,-0.24167
-4.6665,-0.24167
-4.7035,-0.21327
-4.6665,-0.24167
-4.6712,-0.23862
-4.6665,-0.24167
-4.6665,-0.24167
-4.6665,-0.24167
-4.6665,-0.24167
-4.6665,-0.24167
-4.6666,-0.2416
-4.5639,-0.057954
-4.6273,0.14207
-4.6396,0.1152
-4.6589,0.11924
-4.4403,-0.18655
-4.5647,-0.26849
-4.5647,-0.2685
-4.6352,0.014372
-4.4369,-0.18486
-4.5647,-0.2685
-4.4403,-0.18655
-4.7064,-0.080298
-4.5647,-0.2685
-4.4229,-0.21405
-4.7127,-0.12926
-4.654,0.12147
-4.5647,-0.2685
-4.4403,-0.18655
-4.4403,-0.18655
-4.5647,-0.2685
-4.7723,-0.089177
-4.5647,-0.2685
-4.4229,-0.21405
-4.4403,-0.18655
-4.5647,-0.2685
-4.7107,-0.084468
-4.4403,-0.18655
-4.7309,0.04806
-4.5647,-0.2685
-4.7637,-0.1257
-4.7152,-0.20544
-4.4403,-0.18655
-4.5647,-0.2685
-4.5647,-0.2685
-4.5647,-0.2685
-4.4403,-0.18655
-4.5647,-0.26849
-4.5647,-0.2685
-4.4403,-0.18655
-4.4403,-0.18655
-4.5647,-0.2685
-4.4397,-0.18707
-4.5647,-0.2685
-4.5647,-0.2685
-4.654,0.12147
-4.7309,0.04806
-4.747,0.046671
-4.4317,-0.22402
-4.4403,-0.18655
-4.5647,-0.2685
-4.4403,-0.18655
-4.7096,-0.21138
-4.5647,-0.2685
-4.4403,-0.18655
-4.611,-0.22253
-4.5647,-0.2685
-4.5647,-0.2685
-4.7723,-0.089249
-4.5647,-0.2685
-4.5647,-0.2685
-4.5647,-0.2685
-4.5647,-0.2685
-4.654,0.12147
-4.4403,-0.18655
-4.5646,-0.057464
-4.5647,-0.2685
-4.5647,-0.2685
-4.4337,-0.22465
-4.7627,0.010205
-4.4403,-0.18655
-4.5647,-0.26849
-4.5647,-0.2685
-4.437,-0.18493
-4.5647,-0.2685
-4.4229,-0.21405
-4.4683,-0.12754
-4.4403,-0.18655
-4.5647,-0.2685
16.275,0.37111
-4.5647,-0.26849
-4.5647,-0.2685
-4.5647,-0.2685
-4.4403,-0.18655
-4.5647,-0.2685
-4.5647,-0.2685
-4.4369,-0.18486
-4.5647,-0.2685
-4.4392,-0.188
-4.434,-0.043566
-4.7152,-0.20549
-4.7152,-0.20549
-4.7152,-0.20549
-4.7152,-0.20549
-4.7152,-0.20549
-4.7152,-0.20549
-4.7152,-0.20549
-4.7152,-0.20549
-4.7152,-0.20549
-4.7152,-0.20549
-4.7152,-0.20549
-4.7152,-0.20549
-4.7152,-0.20549
-4.3601,-0.11131
-4.7152,-0.20549
-4.7152,-0.20549
-4.7152,-0.20549
-4.7152,-0.20549
-4.4446,-0.19751
-4.7152,-0.20549
-4.7152,-0.20549
-4.7152,-0.20549
-4.7152,-0.20549
-4.7152,-0.20549
-4.7152,-0.20549
-4.7152,-0.20549
-4.7152,-0.20549
-4.7152,-0.20549
-4.7152,-0.20549
-4.3601,-0.11131
-4.7152,-0.20549
-4.7152,-0.20549
-4.7152,-0.20549
-4.7152,-0.20549
-4.7152,-0.20549
-4.7152,-0.20549
-4.7152,-0.20549
-4.7152,-0.20549
-4.4439,-0.21497
-4.7152,-0.20549
-4.7152,-0.20549
-4.7152,-0.20549
-4.7152,-0.20549
-4.7152,-0.20549
-4.7735,-0.026259
-4.7735,-0.026259
-4.7735,-0.026259
-4.7735,-0.026259
-4.7735,-0.026259
-4.7735,-0.026259
-4.7735,-0.026259
-4.7735,-0.026259
-4.7338,0.057555
-4.7735,-0.026259
-4.7735,-0.026259
-4.5642,0.15275
-4.7735,-0.026259
-4.6699,0.12859
-4.7735,-0.026259
-4.7735,-0.026259
-4.7735,-0.026259
-4.7735,-0.026259
-4.7735,-0.026259
-4.6629,0.099756
-4.7735,-0.026259
-4.6305,0.14358
-4.7735,-0.026259
-4.7735,-0.026259
-4.7735,-0.026259
-4.7735,-0.026259
-4.7735,-0.026259
-4.7735,-0.026259
-4.7735,-0.026259
-4.7735,-0.026259
-4.7735,-0.026259
-4.3757,-0.15477
-4.7735,-0.026259
-4.7735,-0.026259
-4.7735,-0.026259
-4.7735,-0.026259
-4.7735,-0.026259
-4.7735,-0.026259
-4.7735,-0.026259
-4.7735,-0.026259
-4.7735,-0.026259
-4.7735,-0.026259
-4.5642,0.15275
-4.6764,0.11763
-4.7496,0.046855
-4.5863,0.14984
-4.7195,0.086647
-4.7735,-0.026259
-4.7735,-0.026259
-4.7735,-0.026259
-4.7735,-0.026259
-4.7735,-0.026259
-4.3568,-0.10583
-4.7735,-0.026259
-4.4363,-0.048054
-4.5615,-0.052934
-4.5647,-0.2685
-4.7637,-0.1257
-4.7243,-0.047624
-4.7096,-0.21138
-4.715,-0.20569
-4.5647,-0.2685
-4.7148,-0.026462
-4.5647,-0.26849
-4.7627,0.010205
-4.5637,-0.057115
485.27,5.9156
-4.774,-0.068759
-4.4364,-0.22498
-4.7675,0.001918
-4.7637,-0.1257
-4.6276,-0.16097
270.24,2.281
-4.7722,-0.089451
-4.7637,-0.1257
-4.5647,-0.26849
-4.6165,0.050356
-4.5647,-0.26849
-4.633,-0.25586
-4.5044,-0.2582
-4.3601,-0.11096
-4.3601,-0.11096
-4.3707,-0.14126
-4.6937,0.086388
-4.4247,-0.20516
-4.433,-0.2013
-4.774,-0.086479
-4.5639,-0.057952
-4.4993,-0.038824
-4.5639,-0.057947
-4.5639,-0.057947
-4.5639,-0.057947
-4.5639,-0.057947
-4.5639,-0.057947
-4.5639,-0.057947
-4.3995,0.0060272
412.69,6.0786
-4.61,-0.021959
-4.432,-0.058907
-4.6945,-0.18564
-4.6607,-0.14208
-4.3874,-0.027542
-4.6034,0.15163
-4.6985,0.085578
-4.4203,0.041509
240.36,1.9188
-4.5604,-0.048208
-4.3757,-0.15483
-4.6985,0.085578
-36.835,-0.42385
-4.6121,-0.22644
-4.3757,-0.15483
-4.3882,-0.031632
-4.6121,-0.22644
-4.6522,0.013327
14.203,1.2565
-4.4531,-0.036033
-4.3895,-0.040756
-6.5748,-0.033188
-4.5623,-0.054517
-4.5646,-0.057196
-4.6121,-0.22644
-4.6839,-0.070256
-4.3757,-0.15483
-4.6629,-0.11523
-4.6822,-0.052401
-4.5647,-0.2685
-4.671,-0.23879
-4.5647,-0.2685
-4.7598,0.023598
-4.5647,-0.2685
-4.5647,-0.2685
-4.5647,-0.2685
-4.7627,0.010173
-4.5647,-0.2685
-4.6677,-0.24069
-4.5516,0.15352
-4.5647,-0.2685
-4.7029,-0.21749
-4.6727,-0.23707
-4.5516,0.15352
-4.5647,-0.2685
-4.5647,-0.2685
-4.5516,0.15352
-4.5647,-0.2685
-4.5647,-0.2685
-4.5647,-0.2685
-4.707,-0.2139
-4.7293,0.074502
-4.5647,-0.2685
-4.5516,0.15352
-4.5647,-0.2685
-4.5647,-0.2685
-4.6168,-0.25874
-4.6168,-0.25874
-4.3901,-0.03538
-21.6,-0.29403
-4.6121,-0.22644
295.77,2.5017
-4.5644,-0.056712
159.95,1.5882
-4.61,-0.021958
605.72,8.1327
-4.5634,-0.057353
682.86,9.9512
-4.5646,-0.056608
-4.5637,-0.20934
-4.6856,-0.064969
-4.7489,0.047172
-4.5786,0.15173
-4.5647,-0.2685
-4.7401,0.053088
-4.4475,-0.19745
-4.3757,-0.15483
-4.4112,0.089279
-4.636,-0.25501
-4.762,0.018127
-4.5647,-0.2685
-4.636,-0.25501
-4.5664,0.15224
-4.4257,-0.2021
-4.7579,0.028417
-4.3565,-0.10927
-4.6425,0.12519
-4.3875,-0.024732
-4.7449,0.049828
-4.7009,0.08223
-4.7501,0.046673
-4.4083,0.068083
-4.5647,-0.2685
-4.3649,0.01941
-4.6166,0.14471
-4.7048,-0.21587
-4.6711,-0.23837
-4.3606,-0.094977
-4.5647,-0.2685
-4.3737,0.016891
-4.64,0.1136
-4.6664,-0.24139
-4.4059,0.066045
-4.7696,-0.1045
-4.6787,-0.23589
-4.7096,-0.21093
-4.3641,0.020396
-4.7371,0.063657
-4.7096,-0.21093
-4.4229,-0.20145
-4.7298,-0.18952
-4.6051,0.13166
-4.7096,-0.21093
-4.736,0.064447
-4.4385,-0.19559
-4.3958,0.073872
-4.7298,-0.18952
-4.6863,-0.22802
-4.7328,0.067966
-4.3656,0.020797
-4.7323,0.068145
-4.4035,0.065107
-4.6676,-0.24043
-4.6739,0.12654
-4.6711,-0.23837
-4.5647,-0.2685
-4.7096,-0.21093
-4.3857,0.063
-4.7096,-0.21093
-4.6676,-0.24043
-4.3918,0.066016
-4.7367,0.063849
-4.636,-0.25501
-4.6765,0.12384
-4.6355,0.10748
-4.5647,-0.2685
-4.4907,-0.041321
-4.5097,0.13476
-4.552,0.1536
-4.741,-0.1742
-4.3594,-0.10836
-4.7536,0.038074
-4.4297,0.091214
-4.5647,-0.2685
-4.3569,0.0013399
-4.3962,0.052605
-4.4289,-0.21939
-4.5647,-0.2685
-4.7096,-0.21093
-4.4048,0.065045
-4.642,-0.2519
-4.695,0.10873
-4.6787,-0.23589
-4.4409,-0.20014
-4.7096,-0.21093
-4.4521,0.087347
-4.6675,0.092087
-4.7329,0.073053
-4.73,-0.18929
-4.7096,-0.21093
-4.5647,-0.2685
-4.5637,-0.057045
-4.5647,-0.2685
-4.7369,0.053877
-4.5647,-0.2685
-4.3621,-0.11828
-4.5647,-0.2685
-4.3562,-0.10908
-4.642,-0.2519
-4.4073,0.072187
-4.4173,0.068432
-122.57,-4.9141
-4.636,-0.25501
-4.7328,0.067966
-4.762,0.018127
-4.6531,0.11877
-4.7124,0.075938
-4.7498,0.046559
-4.6835,-0.23385
-4.6866,-0.22702
-4.4138,0.070007
-4.7335,-0.18468
-4.5708,0.13771
-4.7449,0.051923
-4.7655,-0.12001
-4.5647,-0.2685
-4.7356,0.064597
-4.4087,0.068871
-4.725,0.069539
-4.5647,-0.2685
-4.3875,0.068289
-4.7096,-0.21093
-4.5647,-0.2685
-4.636,-0.25501
-4.6086,0.12386
-4.5647,-0.2685
-4.3948,0.068487
-4.7152,-0.20548
-4.5501,0.15234
-4.7152,-0.20548
-4.357,-0.10715
-4.3752,-0.15966
-4.5647,-0.2685
-4.359,-0.10708
-4.3757,-0.15483
-4.386,-0.02706
-4.7372,-0.17968
-4.4417,-0.2008
-4.7096,-0.21093
-4.7343,0.067958
-4.6787,-0.23589
-4.552,0.15313
-4.6733,-0.12955
-4.4274,0.088089
-4.5483,0.14599
-4.7318,-0.18698
-4.6105,0.15016
-4.5703,0.1552
-4.4206,0.082626
-4.7096,-0.21093
-4.7741,-0.067114
-4.7501,0.046673
-4.3563,-0.11353
-4.7212,-0.0524
-4.7169,-0.058322
-4.6755,-0.23544
-4.7096,-0.21093
-4.6709,-0.23883
-4.5665,0.13356
-4.7194,-0.20172
-4.396,0.066453
-4.7291,0.072428
-4.6121,-0.22644
-4.563,-0.054724
-4.5646,-0.057098
-105.3,-2.712
-4.5168,-0.039833
-4.5368,0.085782
-4.5637,-0.057145
-4.5754,-0.059411
-4.5645,-0.056942
547.6,7.2008
-4.5637,-0.057284
-4.3882,-0.031632
-4.6121,-0.22644
-4.3897,-0.035892
-4.5608,-0.17598
-4.6319,0.03943
-4.7106,-0.048118
-4.6067,0.046535
-4.5467,-0.049633
-4.774,-0.086479
-4.7347,0.072095
-4.7342,0.07103
-4.6279,0.15061
-4.6771,-0.23627
-4.3757,-0.15483
-4.7501,0.046673
-4.6024,0.15069
-4.6514,-0.020972
-4.7501,0.046673
-4.3561,-0.10786
-4.3619,0.01531
-4.7501,0.046673
-4.703,-0.096691
-4.7501,0.046673
-4.6135,0.14314
-4.6715,0.11884
-4.6034,0.15163
-4.4438,0.090058
-4.5502,0.15342
-4.5496,0.15094
-4.5507,0.15341
-4.7344,0.058746
-4.3561,8.355e-05
-4.5528,0.15331
-4.5642,-0.056371
-4.6787,-0.03395
547.59,7.2485
-4.6822,-0.063371
-4.6586,-0.035949
-4.5646,-0.057268
-4.6121,-0.22644
-4.4105,-0.049753
-4.6775,-0.052428
-4.6594,-0.10332
-4.5645,-0.056916
-4.6749,-0.033109
-4.3882,-0.028013
-4.3896,-0.025521
-4.6784,-0.052131
-4.5637,-0.057091
-4.4987,-0.031216
-4.562,-0.051588
40.554,2.6035
-4.6763,-0.040829
-4.39,-0.03641
-4.5607,-0.053702
-4.5625,-0.055376
-4.6121,-0.22644
-4.5126,-0.04318
-4.6121,-0.22644
-4.6453,0.024663
-4.674,-0.029286
-4.3922,-0.024292
-4.6743,-0.030492
-4.4517,-0.034183
-4.6419,0.024312
270.2,2.3551
-4.6121,-0.22644
-4.61,-0.021959
-4.5645,-0.056958
-4.6776,-0.06065
-4.6078,0.053346
-4.6121,-0.22644
-4.6121,-0.22644
-4.436,-0.22461
-4.5583,-0.052922
-4.724,0.076422
-4.677,-0.069017
-4.6121,-0.22644
-4.6784,-0.23609
-4.3599,-0.11083
-4.774,-0.086479
-4.3557,-1.109e-05
-4.3879,-0.023364
-4.3912,0.072052
-4.36,-0.11083
-4.717,0.091457
-4.357,0.0016604
-4.4347,-0.20517
-4.7382,-0.05833
-4.3855,0.056946
-4.5879,0.14985
-4.3773,0.015063
-4.3548,-0.10919
-4.6766,0.12391
-4.7359,-0.040004
-4.6648,-0.231
-4.3651,0.020418
-4.5714,0.15589
-4.7462,0.046593
-4.7148,-0.068203
-4.3882,-0.03141
-4.4319,0.087327
-4.407,0.067811
-4.3555,-6.5837e-05
-4.5759,0.14568
-4.6034,0.15065
-4.6771,0.12376
-4.4389,-0.21066
-4.6639,0.1217
-4.3555,0.00016403
-4.774,-0.086479
-4.7106,0.078476
-4.7423,-0.055409
-4.6034,0.15163
-4.398,0.0017883
-4.5506,-0.050223
-4.5368,0.085782
-4.6121,-0.22644
-4.5766,0.0587
-4.61,-0.021956
-4.6121,-0.22644
-4.6372,-0.13649
-4.6121,-0.22644
-4.6715,-0.021035
-4.6716,-0.021136
-4.388,-0.054519
756.29,11.726
313.09,2.6975
-4.4497,-0.043275
-4.6121,-0.22644
-4.5678,-0.0017204
954.53,16.832
-4.3895,-0.042628
-4.61,-0.021959
-4.6475,0.018597
-4.6776,-0.055865
-4.5625,-0.055376
-4.5969,-0.14998
-4.6121,-0.22644
-4.6121,-0.22644
-4.5368,0.085782
-4.6732,-0.090904
-4.668,-0.10521
-4.6212,0.039835
-4.5368,0.085782
-4.6121,-0.22644
-4.6121,-0.22644
-4.5368,0.085782
-4.6768,-0.044543
-4.6785,-0.06105
-4.663,-0.1151
-4.6121,-0.22644
-4.6746,-0.083351
-4.6775,-0.052771
160.02,1.5028
-4.676,-0.076314
-4.6396,0.026335
-4.6262,-0.15357
-4.6121,-0.22644
-4.6757,-0.037051
-4.6121,-0.22644
-4.6121,-0.22644
-4.6065,0.046611
-4.61,-0.021958
-4.571,-0.27507
-4.4275,-0.055026
-4.7147,-0.13549
-4.7721,-0.002568
-4.4692,-0.046624
-4.3783,-0.047433
-4.7071,-0.035388
-4.4072,0.070707
-4.6008,-0.032775
-4.5278,-0.0081594
-4.6681,0.12565
-4.6034,0.15065
-4.6984,0.079462
-4.5876,0.1537
-4.3803,-0.007308
-4.4264,0.069796
-4.6639,0.12462
-4.6046,0.14959
-4.6106,0.06308
-4.3447,0.052571
-4.7128,0.14313
-4.3438,-0.17064
-4.6889,0.012816
-4.7905,0.03869
-4.3575,-0.077537
-4.7214,0.090605
-4.7739,0.072667
-4.7161,0.13226
-4.7787,0.12188
-4.7017,0.13724
-4.3617,-0.069146
-4.6692,0.11657
-4.3617,-0.069146
-4.7234,0.092441
-4.7761,0.12096
-4.7482,0.079114
-4.7269,0.086791
-4.7282,0.084674
-4.7269,0.086791
-4.7453,0.083337
-4.7453,0.083337
-4.7262,0.08397
-4.7441,0.081425
-4.7482,0.079114
-4.7482,0.079114
-4.7482,0.079114
-4.7482,0.079114
-4.7453,0.081809
-4.7482,0.079114
-4.7485,0.079121
-4.7193,0.090301
-4.7186,0.094441
-4.7269,0.086791
-4.7482,0.079114
-4.7268,0.087922
-4.7347,0.082062
-4.462,0.044994
-4.3425,0.05124
-4.3799,-0.15764
-4.4685,0.089379
-4.3451,0.017984
-4.7197,0.13408
-4.7019,0.14802
-4.7017,0.14792
-4.7204,0.13386
-4.7854,0.047492
-4.7039,0.13906
-4.7042,0.13916
-4.7042,0.13916
-4.6601,0.11864
-4.4357,-0.20331
-4.4103,0.062023
-4.4012,0.069594
-4.7159,0.13194
-4.4581,-0.0063459
-4.4797,0.020916
-4.4747,0.016818
-4.4747,0.016818
-4.7747,0.12117
-4.5003,0.09118
-4.4318,0.03066
-4.5125,0.10535
-4.3393,-0.22433
-4.7104,0.13744
-4.7489,0.079309
-4.7046,0.13398
-4.6965,-0.0082892
-4.4601,0.046629
-4.6985,-0.039476
-4.5042,0.037733
-4.6168,0.034923
-4.4923,0.078556
-4.6521,-0.0058373
-4.4743,0.060794
-4.7266,0.16952
-4.8389,0.030516
-4.618,0.079035
-4.3617,-0.069147
-4.3617,-0.069147
-4.3617,-0.069147
-4.361,-0.086625
-4.6637,0.12027
-4.3617,-0.069147
-4.3617,-0.069147
-4.3617,-0.069147
-4.3607,-0.064626
-4.6533,0.12396
-4.7899,0.049539
-4.5818,0.15255
-4.6523,0.11417
-4.3988,0.057193
-4.4568,0.10327
-4.6606,0.11821
-4.441,-0.017417
-4.2899,-0.077841
-4.4362,-0.014668
-4.4498,0.040601
-4.4783,0.062462
-4.7115,-0.043897
-4.4792,0.06561
-4.4574,0.040826
-4.4248,-0.034076
-4.4441,0.032255
-4.4543,0.046728
-4.469,0.15672
-4.7742,0.12043
-4.3628,0.077173
-4.4426,0.14569
-4.4561,-0.0071787
-4.526,0.047832
-4.4382,-0.029111
-4.4148,-0.046069
-4.7109,-0.042587
-4.6427,0.11847
-4.6253,0.097428
-4.4573,0.050324
-4.343,-0.17158
-4.3451,-0.17216
-4.3434,-0.17568
-4.713,0.14366
-4.7909,0.11106
-4.7913,0.11127
-4.5866,0.062795
-4.3775,-0.15621
-4.6885,0.078641
-4.4272,0.066101
-4.3305,-0.0031103
-4.4566,0.046221
-4.4422,0.020577
-4.3332,-0.0038156
-4.4998,0.075212
-4.6846,0.029417
-4.4441,0.03215
-4.3329,-0.002212
-4.3762,-0.15297
-4.3799,-0.15764
-4.3762,-0.15297
-4.3775,-0.15605
-4.3762,-0.15297
-4.3799,-0.15764
-4.7445,0.081531
-4.7445,0.081531
-4.7449,0.08176
-4.7479,0.079008
-4.7339,0.077546
-4.7191,0.090848
-4.7479,0.079356
-4.7448,0.08188
-4.3332,-0.0038156
-4.333,-0.00053187
-4.3325,0.0064557
-4.6934,-0.0081159
-4.7787,0.12188
-4.3038,-0.18021
-4.8371,0.031297
-4.3561,0.032536
-4.6964,-0.0091541
-4.6927,0.00162
-4.327,-0.084981
-4.2746,0.031709
-4.4117,-0.078865
-4.4457,0.028191
-4.7014,-0.0019392
-4.3298,-0.0024442
-4.703,0.13957
-4.703,0.13957
-4.703,0.13957
-4.7036,0.13688
-4.3799,-0.15764
-4.3799,-0.15764
-4.3799,-0.15764
-4.3799,-0.15764
-4.3799,-0.15764
-4.3799,-0.15764
-4.3799,-0.15764
-4.3799,-0.15764
-4.3799,-0.15764
-4.3799,-0.15764
-4.3799,-0.15764
-4.3799,-0.15764
-4.3799,-0.15764
-4.3799,-0.15764
-4.3799,-0.15764
-4.3799,-0.15764
-4.3799,-0.15764
-4.3799,-0.15764
-4.3799,-0.15764
-4.3806,-0.15898
-4.3799,-0.15764
-4.3799,-0.15764
-4.3799,-0.15764
-4.3799,-0.15764
-4.3799,-0.15764
-4.3799,-0.15764
-4.3799,-0.15764
-4.3799,-0.15764
-4.3799,-0.15764
-4.3799,-0.15764
-4.3799,-0.15764
-4.3799,-0.15764
-4.3799,-0.15764
-4.3799,-0.15764
-4.3799,-0.15764
-4.3799,-0.15764
-4.7679,0.039955
-4.3393,0.096401
-4.7453,0.098551
-4.7031,0.13934
-4.4438,0.14621
-4.4428,0.14594
-4.3332,-0.0059133
-4.6924,0.0026215
-4.4604,0.043341
-4.7787,0.12188
-4.7788,0.12177
-4.7787,0.12188
-4.7014,-0.0019392
-4.4765,0.056889
-4.4428,0.14594
-4.4069,0.11988
-4.3328,-0.002536
-4.3269,-0.082316
-4.463,0.15739
-4.4061,0.11919
-4.4089,-0.33037
-4.4064,-0.32734
-4.4136,-0.33207
-4.4239,0.0025035
-4.463,0.046476
-4.445,0.026944
-4.7098,-0.055359
-4.7117,-0.047593
-4.3521,0.029514
-4.5228,0.050364
-4.324,-0.022442
-4.4631,0.0021156
-4.5153,0.046011
-4.4689,0.0079582
-4.4236,-0.03205
-4.3429,-0.17163
-4.343,-0.17384
-4.343,-0.17384
-4.3341,-0.0017243
-4.453,0.039184
-4.4493,0.044833
-4.4592,0.045688
-4.4508,0.043089
-4.4599,0.04364
-4.4498,0.043794
-4.4567,0.044344
-4.4442,0.032489
-4.4552,0.042289
-4.4518,0.043171
-4.4587,0.046641
-4.4236,-0.032203
-4.4941,0.072805
-4.4493,0.039448
-4.4567,0.044344
-4.4482,0.039756
-4.4543,0.046728
-4.4442,0.032238
-4.4579,0.045764
-4.449,0.044539
-4.4557,0.042681
-4.4518,0.043185
-4.4543,0.046728
-4.4531,0.046072
-4.4511,0.034759
-4.4442,0.03215
-4.4545,0.043115
-4.4567,0.044344
-4.4452,0.032369
-4.45,0.042241
-4.4515,0.04582
-4.4441,0.032255
-4.4428,0.14594
-4.4428,0.14594
-4.4428,0.14594
-4.4766,0.17868
-4.5153,0.046011
-4.4628,0.001556
-4.5006,0.035674
-4.5153,0.046011
-4.466,0.0055316
-4.4428,0.14594
-4.5153,0.046011
-4.5183,0.047204
-4.5183,0.047204
-4.5228,0.050364
-4.5299,0.051083
-4.3305,-0.0033775
-4.3335,-0.0019602
-4.4671,0.0092744
-4.4284,0.13465
-4.3336,-0.0047261
-4.3267,-0.088237
-4.5636,-0.054954
-4.3269,-0.087338
-4.5279,0.050913
-4.3406,0.012831
-4.327,-0.085799
-4.5153,0.046011
-4.3099,0.094783
-4.7862,0.04667
-4.7862,0.04667
-4.7862,0.04667
-4.3141,0.079803
-4.3255,0.093567
-4.3196,0.093037
-4.3167,0.08095
-4.3173,0.084827
-4.3141,0.079803
-4.4477,0.029207
-4.6952,-0.0039783
-4.4436,0.021612
-4.6978,-0.021306
-4.6918,0.1531
-4.694,0.15252
-4.3619,0.078566
-4.3296,-0.0030196
-4.4174,0.13164
-4.3329,-0.0023757
-4.4363,0.13984
-4.3548,0.065567
-4.3492,0.060138
-4.3294,-0.0032334
-4.3268,-0.087336
-4.4518,0.043185
-4.6927,0.001683
-4.701,-0.026337
-4.6968,-0.0091322
-4.6472,0.057705
-4.6643,0.041666
-4.6931,0.00027009
-4.4512,0.043224
-4.7026,-0.03965
-4.6919,0.0040723
-4.4818,0.066623
-4.7081,-0.018872
-4.6472,0.057705
-4.693,0.00057796
-4.4463,0.025174
-4.3526,0.026687
-4.2899,-0.077841
-4.5279,0.050913
-4.3371,0.0046494
-4.4621,0.00034659
-4.5317,0.050576
-4.5014,0.036069
-4.3306,-0.022521
-4.4212,-0.0014464
-4.8183,-0.011745
-4.4622,0.047604
-4.4555,0.039094
-4.333,-0.0044428
-4.3276,-0.062751
-4.3302,-0.0018487
-4.472,0.15771
-4.472,0.15771
-4.472,0.15771
-4.3407,0.009648
-4.3533,0.027128
-4.4622,0.00042148
-4.4532,0.03629
-4.6445,0.059774
-4.4333,-0.035287
-4.6627,0.029698
-4.3329,-0.002446
-4.3325,-0.0021059
-4.3329,-0.0024223
-4.3294,-0.0033839
-4.4417,-0.19948
-4.4458,0.026714
-4.4004,0.068876
-4.4024,0.072256
-4.5127,0.038457
-4.4162,0.14869
-4.4742,0.17866
-4.372,0.10795
-4.4133,0.14683
-4.3721,0.10808
-4.4441,0.16492
-4.4441,0.16492
-4.4441,0.16492
-4.4441,0.16492
-4.4411,0.16431
-4.4412,0.16434
-4.4751,0.17836
-4.475,0.17807
-4.4751,0.17836
-4.475,0.17807
-4.4751,0.17836
-4.4751,0.17836
-4.4751,0.17836
-4.4751,0.17836
-4.3721,0.10808
-4.3721,0.10808
-4.3721,0.10808
-4.4751,0.17836
-4.4751,0.17836
-4.4751,0.17836
-4.3721,0.10808
-4.3721,0.10808
-4.3721,0.10808
-4.4408,0.16413
-4.4142,0.14765
-4.4766,0.17904
-4.3721,0.10808
-4.4133,0.14683
-4.4133,0.14683
-4.4751,0.17836
-4.4751,0.17836
-4.4751,0.17836
-4.4751,0.17836
-4.4751,0.17836
-4.4751,0.17836
-4.4751,0.17836
-4.4751,0.17836
-4.6205,0.18701
-4.6205,0.18701
-4.4411,0.16431
-4.4646,0.17439
-4.4411,0.16431
-4.4411,0.16431
-4.4411,0.16431
-4.4411,0.16431
-4.4411,0.16431
-4.4646,0.17439
-4.4411,0.16431
-4.4411,0.16431
-4.4411,0.16431
-4.4646,0.17439
-4.4756,0.17827
-4.4756,0.17827
-4.4411,0.16431
-4.4411,0.16431
-4.4411,0.16431
-4.4411,0.16431
-4.4411,0.16431
-4.3721,0.10808
-4.3721,0.10808
-4.4411,0.16431
-4.4477,0.16747
-4.3435,-0.17198
-4.5473,0.062737
-4.5473,0.062737
-4.5473,0.062737
-4.5432,0.064193
-4.5432,0.064193
-4.5391,0.063763
-4.4538,-0.010636
-4.4601,0.0028616
-4.4592,0.0076755
-4.5676,0.065168
-4.5473,0.062737
-4.5458,0.062124
-4.5473,0.062737
-4.5473,0.062737
-4.5473,0.062737
-4.5512,0.063199
-4.5512,0.063199
-4.5473,0.062737
-4.5473,0.062737
-4.5473,0.062737
-4.5473,0.062737
-4.5473,0.062737
-4.5473,0.062737
-4.5449,0.061203
-4.5117,0.053597
-4.6064,0.16721
-4.4453,0.026824
-4.4592,0.04569
-4.4558,-0.0073838
-4.4743,0.060794
-4.3409,0.00062294
-4.3326,-0.0018554
-4.3268,-0.081998
-4.4361,0.14191
-4.333,-0.00067968
-4.3326,-0.0022536
-4.3292,-0.0036474
-4.4425,0.1641
-4.3527,0.027676
-4.473,0.15816
-4.5483,0.05495
-4.4748,0.17819
-4.4748,0.17819
-4.3307,-0.021971
-4.2921,-0.027458
-4.3331,-0.0041581
-4.3316,-0.016086
-4.4568,0.040598
-4.4515,0.04582
-4.4233,-0.028389
-4.5148,0.044292
-4.541,0.05971
-4.5101,0.05203
-4.3362,0.0082711
-4.6706,0.024021
-4.3336,-0.0048764
-4.8821,-0.074764
-4.5147,0.045161
-4.5147,0.045161
-4.4635,0.0015341
-4.4635,0.0015341
-4.6667,0.10057
-4.7015,0.1481
-4.3265,-0.088521
-4.4498,0.030968
-4.4442,0.16582
-4.4768,0.17896
-4.4768,0.17896
-4.4768,0.17896
-4.4768,0.17896
-4.401,0.13725
-4.3972,0.13459
-4.414,0.14735
-4.4411,0.16431
-4.4423,0.16397
-4.3269,-0.086833
-4.4291,0.13494
-4.4675,0.15613
-4.4428,0.14594
-4.3333,-0.0027243
-4.3269,-0.086306
-4.3369,0.0039514
-4.3369,0.0038876
-4.3333,-0.00045477
-4.4058,0.11893
-4.3269,-0.088584
-4.3269,-0.088669
-4.3337,-0.0006603
-4.3329,-0.0048584
-4.341,0.012269
-4.3269,-0.088534
-4.4626,0.0016109
-4.4627,0.0016277
-4.4627,0.0016277
-4.4627,0.0016277
-4.3445,-0.17162
-4.6571,0.1697
-4.5077,0.050695
-4.6227,0.054199
-4.5458,0.062206
-4.6988,-0.021207
-4.4259,-0.020272
-4.327,-0.0852
-4.3329,-0.0022829
-4.687,-0.003148
-4.5246,0.17081
-4.6911,0.018877
-4.341,-0.00087488
-4.352,0.029577
-4.3452,-0.16584
-4.3772,0.070525
-4.3458,-0.16949
-4.7035,0.12708
-4.7714,0.047959
-4.3264,-0.087785
-4.3324,0.0052663
-4.3378,0.0021566
-4.5481,0.054912
-4.621,0.081435
-4.4026,0.069447
-4.4293,0.0037363
-4.4708,0.052955
-4.4204,-0.035583
-4.6935,-0.0082824
-4.4202,-0.020713
-4.4484,0.031777
-4.4305,0.0017713
-4.4619,0.047135
-4.4631,0.046533
-4.4303,0.0012405
-4.6942,-0.0059684
-4.4237,-0.033539
-4.4415,0.013267
-4.4231,-0.028854
-4.4606,0.045829
-4.4207,-0.042582
-4.4723,0.054502
-4.494,0.070015
-4.4765,0.0581
-4.4238,-0.03275
-4.6809,0.03996
-4.4589,0.04136
-4.6917,0.0059728
-4.4215,-0.030364
-4.6225,0.080898
-4.4941,0.069953
-4.4745,0.061145
-4.6938,-0.011583
-4.4581,0.040573
-4.4621,0.048853
-4.6788,0.045065
-4.6732,0.049821
-4.44,0.010709
-4.6934,0.021212
-4.4239,-0.032466
-4.4243,-0.031276
-4.702,-0.0039656
-4.7114,-0.043608
-4.6999,0.00011684
-4.441,0.018838
-4.4556,0.045665
-4.6957,-0.011694
-4.4609,0.045944
-4.6694,0.032373
-4.4237,-0.038033
-4.7114,-0.043926
-4.6523,0.064273
-4.437,0.0047122
-4.4559,0.0426
-4.6667,0.042203
-4.4615,0.049139
-4.7107,-0.047135
-4.4758,0.061205
-4.4631,0.046513
-4.4598,0.042814
-4.6637,0.037879
-4.6984,-0.019853
-4.4397,0.0094147
-4.4569,0.044116
-4.4215,-0.030468
-4.6824,0.024484
-4.6907,0.0016675
-4.462,0.046754
-4.6632,0.050569
-4.46,0.043063
-4.6993,-0.021805
-4.6252,0.071325
-4.6952,-0.024321
-4.4209,-0.035912
-4.6907,0.0017765
-4.4235,-0.031592
-4.6903,-0.005006
-4.4631,0.046523
-4.6741,0.026581
-4.4404,-0.017277
-4.48,0.062096
-4.4458,0.028113
-4.4354,0.015386
-4.4207,-0.042605
-4.4617,0.0494
-4.6696,0.032098
-4.463,0.0012562
-4.4713,0.013727
-4.42,-0.037316
-4.4283,-0.0095053
-4.711,-0.064478
-4.4563,0.039838
-4.4408,0.011959
-4.4215,-0.030054
-4.4652,0.054244
-4.7109,-0.066898
-4.421,-0.037671
-4.4583,0.042759
-4.499,0.027702
-4.7898,0.040179
-4.333,-0.0020404
-4.3339,-0.0021642
-4.3304,-0.0031712
-4.3362,0.0082711
-4.4567,0.040169
-4.7106,-0.04645
-4.6856,0.0048041
-4.4759,0.05759
-4.4226,-0.035963
-4.4616,0.046919
-4.4201,-0.036109
-4.6651,0.043788
-4.6708,0.031194
-4.4635,0.046732
-4.4694,0.053636
-4.4703,0.054576
-4.6663,0.042527
-4.451,0.04351
-4.4426,0.029519
-4.4497,0.040365
-4.4235,-0.032197
-4.3306,-0.02074
-4.477,0.17972
-4.4582,0.040684
-4.4401,0.017168
-4.4522,0.035486
-4.4274,-0.012031
-4.6952,-0.0083873
-4.4204,-0.035583
-4.6991,-0.03984
-4.4213,-0.031625
-4.6662,0.04277
-4.4346,0.014137
-4.4617,0.046935
-4.3439,-0.16997
-4.5285,0.052
-4.7019,0.1345
-4.6963,-0.041452
-4.4498,0.040461
-4.7112,-0.063399
-4.4603,0.043273
-4.6209,0.081448
-4.4211,-0.032241
-4.6689,0.039698
-4.461,0.045873
-4.4209,-0.032452
-4.3335,-0.0034493
-4.332,-0.016198
-4.3317,-0.016862
-4.344,0.017501
-4.3299,-0.0026952
-4.3334,0.0068123
-4.4388,-0.010205
-4.5187,0.049919
-4.4569,-0.006414
-4.7814,0.037175
-4.437,-0.029049
-4.662,0.044608
-4.3805,-0.0071167
-4.3521,0.029514
-4.8185,0.013898
-4.8364,-0.029604
-4.5308,0.051143
-4.4585,-0.0065106
-4.525,0.050905
-4.4385,0.13861
-4.5142,0.17026
-4.4364,0.13973
-4.5284,0.17188
-4.4669,0.15565
-4.4385,0.13861
-4.5106,0.1696
-4.4981,0.16538
-4.4425,0.16404
-4.4631,0.17452
-4.4631,0.17452
-4.4425,0.16404
-4.4425,0.16404
-4.4631,0.17452
-4.4411,0.16431
-4.4411,0.16431
-4.4425,0.1641
-4.4517,0.16952
-4.4411,0.16433
-4.4425,0.1641
-4.475,0.17899
-4.4425,0.1641
-4.4406,0.16389
-4.4411,0.16431
-4.4411,0.16431
-4.4425,0.1641
-4.4411,0.16431
-4.4411,0.16431
-4.4598,0.17233
-4.4425,0.1641
-4.4425,0.1641
-4.4411,0.16431
-4.4411,0.16431
-4.4411,0.16431
-4.4003,0.13659
-4.4411,0.16431
-4.3695,0.10505
-4.4604,0.17328
-4.3717,0.10772
-4.4072,0.14258
-4.4411,0.16431
-4.4072,0.14258
-4.6178,0.18788
-4.4568,0.17173
-4.4072,0.14258
-4.4411,0.16431
-4.4425,0.1641
-4.4411,0.16431
-4.442,0.16465
-4.4425,0.1641
-4.3942,0.13227
-4.443,0.16517
-4.4411,0.16431
-4.5181,0.19097
-4.3943,0.13234
-4.4407,0.16393
-4.3943,0.13234
-4.4641,0.17419
-4.4407,0.16393
-4.442,0.16465
-4.476,0.17838
-4.4411,0.16431
-4.4411,0.16431
-4.4411,0.16431
-4.4411,0.16431
-4.4407,0.16393
-4.4158,0.14839
-4.4022,0.13824
-4.4598,0.17233
-4.4406,0.16385
-4.4411,0.16431
-4.4425,0.1641
-4.4411,0.16431
-4.4425,0.1641
-4.5182,0.19098
-4.4411,0.16431
-4.442,0.16465
-4.4425,0.1641
-4.4411,0.16431
-4.4411,0.16431
-4.4411,0.16431
-4.4748,0.17819
-4.4411,0.16431
-4.4411,0.16431
-4.4411,0.16431
-4.4158,0.14839
-4.4411,0.16431
-4.4411,0.16414
-4.4411,0.16431
-4.4425,0.1641
-4.4072,0.14258
-4.4572,0.1719
-4.372,0.10801
-4.4072,0.14258
-4.4411,0.16414
-4.4411,0.16431
-4.475,0.17899
-4.3982,0.1354
-4.4411,0.16431
-4.4407,0.16393
-4.4411,0.16431
-4.4425,0.1641
-4.4411,0.16431
-4.4411,0.16431
-4.4411,0.16431
-4.4411,0.16431
-4.4411,0.16431
-4.442,0.16465
-4.4425,0.1641
-4.4411,0.16431
-4.4411,0.16431
-4.467,0.17544
-4.4411,0.16431
-4.4411,0.16431
-4.4158,0.14839
-4.4411,0.16431
-4.4411,0.16431
-4.4425,0.1641
-4.4598,0.17233
-4.4411,0.16431
-4.4425,0.1641
-4.4425,0.1641
-4.4425,0.1641
-4.4425,0.1641
-4.4425,0.1641
-4.4425,0.1641
-4.4425,0.1641
-4.4425,0.1641
-4.4425,0.1641
-4.4765,0.17866
-4.4425,0.1641
-4.4425,0.1641
-4.4425,0.1641
-4.4425,0.1641
-4.4425,0.1641
-4.4425,0.1641
-4.4425,0.1641
-4.4425,0.1641
-4.4425,0.1641
-4.4425,0.1641
-4.4421,-0.19667
-4.3407,-0.18118
-4.2953,-0.017757
-4.7741,0.12189
-4.774,0.12195
-4.774,0.12195
-4.7749,0.1215
-4.3297,-0.20785
-4.7737,0.12196
-4.8336,0.0046583
-4.8279,0.027778
-4.292,-0.026876
-4.7754,0.1213
-4.8256,0.033637
-4.7737,0.12195
-4.7737,0.12195
-4.7737,0.12195
-4.3228,0.07802
-4.7066,0.17885
-4.3228,0.07802
-4.3398,-0.22584
-4.4069,0.1245
-4.5692,0.052212
-4.4296,-0.00602
-4.423,-0.029129
-4.3267,-0.088298
-4.3887,0.10379
-4.5432,0.064193
-4.3437,-0.17705
-4.4824,0.041462
-4.3314,-0.016988
-4.3332,-0.0029416
-4.7042,0.13907
-4.5071,0.039115
-4.4977,0.031782
-4.4943,0.029688
-4.3229,-0.021602
-4.7072,0.13655
-4.7085,0.13703
-4.5644,-0.056033
-4.3224,-0.10095
-4.3538,0.03172
-4.6384,0.17327
-4.6386,0.17311
-4.6386,0.17311
-4.6386,0.17311
-4.6386,0.17311
-4.3269,-0.08644
-4.445,-0.015614
-4.4622,0.04615
-4.4271,-0.04121
-4.6232,0.080454
-4.6983,-0.027288
-4.4983,0.16652
-4.3269,-0.086029
-4.4388,-0.010205
-4.4388,-0.010205
-4.4388,-0.010205
-4.4393,-0.0099319
-4.7043,-0.087288
-4.4368,-0.016459
-4.4331,-0.018786
-4.6964,-0.023347
-4.4388,-0.010205
-4.4388,-0.010205
-4.4393,-0.0099319
-4.4393,-0.0099319
-4.4388,-0.010205
-4.4388,-0.010205
-4.4388,-0.010205
-4.4388,-0.010205
-4.4388,-0.010205
-4.4388,-0.010205
-4.4388,-0.010205
-4.4388,-0.010205
-4.4388,-0.010205
-4.4388,-0.010205
-4.4388,-0.010205
-4.4388,-0.010205
-4.4388,-0.010205
-4.4388,-0.010205
-4.4388,-0.010205
-4.4388,-0.010205
-4.4388,-0.010205
-4.4388,-0.010205
-4.4388,-0.010205
-4.4388,-0.010205
-4.4388,-0.010205
-4.4388,-0.010205
-4.4388,-0.010205
-4.4388,-0.010205
-4.4388,-0.010205
-4.4437,0.16551
-4.4437,0.16551
-4.4437,0.16551
-4.6013,0.19097
-4.4759,0.17862
-4.4759,0.17862
-4.4103,0.14448
-4.4419,0.16377
-4.3948,0.13273
-4.3952,0.13325
-4.3952,0.13325
-4.3952,0.13325
-4.3952,0.13325
-4.3952,0.13325
-4.3952,0.13325
-4.3952,0.13325
-4.5065,0.035871
-4.8177,-0.0060152
-4.712,0.13303
-4.7041,0.1391
-4.7725,0.12199
-4.4669,0.0050161
-4.3445,-0.17126
-4.3477,-0.17831
-4.346,-0.16936
-4.344,-0.17093
-4.5286,0.052
-4.5286,0.052
-4.5286,0.052
-4.5286,0.052
-4.704,0.14913
-4.7022,0.14786
-4.7199,0.1342
-4.705,0.13805
-4.789,0.038914
-4.7041,0.13407
-4.7677,0.1066
-4.811,0.011257
-4.5091,0.053399
-4.4377,0.14281
-4.3319,-0.016361
-4.3269,-0.082388
-4.3305,-0.022076
-4.333,-0.0068208
-4.4383,0.14323
-4.3328,0.0042886
-4.3269,-0.087139
-4.669,0.032929
-4.3323,0.0047603
-4.3337,-0.00075567
-4.5911,0.046428
-4.5911,0.046428
-4.6931,-0.042268
-4.4213,-0.035124
-4.5336,0.054376
-4.4564,-0.0072856
-4.4542,-0.0066224
-4.5304,0.052141
-4.7896,0.037185
-4.7103,0.13715
-4.7103,0.13715
-4.7103,0.13715
-4.4411,0.16431
-4.444,0.14635
-4.3333,0.0062217
-4.5637,-0.057128
-4.507,0.039102
-4.507,0.039102
-4.507,0.039102
-4.696,-0.017701
-4.7013,-0.028142
-4.33,-0.0025574
-4.4391,-0.019501
-4.7125,0.13238
-4.7162,0.13178
-4.7125,0.13238
-4.7086,0.13705
-4.7078,0.13603
-4.712,0.13221
-4.7087,0.13699
-4.7168,0.13195
-4.7897,0.036821
-4.7846,0.039166
-4.7125,0.13238
-4.7125,0.13238
-4.7121,0.1322
-4.7107,0.13693
-4.7107,0.13718
-4.4393,-0.0099557
-4.4388,-0.010205
-4.6964,-0.0087105
-4.6966,-0.0092134
-4.6998,-0.024966
-4.6977,-0.041176
-4.6966,-0.0092134
-4.705,-0.003341
-4.3094,0.074215
-4.4208,-0.032876
-4.4624,0.04577
-4.3324,0.0050285
-4.5316,0.050697
-4.3329,-0.0038793
-4.3303,-0.003841
-4.3292,-0.0036935
-4.3303,-0.0018043
-4.6953,-0.007625
-4.5072,0.039167
-4.4055,-0.32582
-4.8797,-0.078623
-4.4236,-0.040284
-4.6966,-0.014372
-4.4419,0.019806
-4.7004,-0.024927
-4.6966,-0.0089475
-4.4637,0.046893
-4.7106,0.13744
-4.7643,0.11935
-4.7693,0.10356
-4.3332,-0.001864
-4.3269,-0.086955
-4.3431,0.014204
-4.3327,0.0069336
-4.3267,-0.088959
-4.3404,0.012024
-4.332,-0.0039855
-4.4169,0.12901
-4.3382,0.0033046
-4.4193,0.12814
-4.3265,-0.088521
-4.3298,-0.0022773
-4.3325,-0.0021389
-4.3803,-0.16405
-4.3435,-0.17577
-4.7655,0.11216
-4.6383,0.16105
-4.4369,-0.01322
-4.7888,0.038136
-4.7104,0.13732
-4.7099,0.13716
-4.3337,-0.0007664
-4.4069,0.11988
-4.3333,-0.00051506
-4.3327,-0.0039804
-4.3334,-0.00018534
-4.3325,-0.0020143
-4.3334,-0.00018534
-4.3335,-0.0034696
-4.3271,-0.086113
-4.418,0.12724
-4.3334,-0.00038028
-4.3334,-0.00038028
-4.3323,-0.01579
-4.4428,0.14594
-4.3333,-0.0055032
-4.3269,-0.088453
-4.3333,-0.0055032
-4.4428,0.14594
-4.4369,-0.01322
-4.4428,0.14594
-4.4428,0.14594
-4.3328,-0.0037857
-4.3328,-0.0037857
-4.3369,0.0038876
-4.3333,-0.0025961
-4.3339,-0.0022346
-4.3326,-0.0042996
-4.3333,-0.0025896
-4.3398,0.011978
-4.333,-0.00077041
-4.4382,0.14317
-4.4382,0.14317
-4.3305,-0.021794
-4.3336,-0.0032029
-4.4173,0.12645
-4.4318,0.13695
-4.4363,0.13971
-4.4367,0.13978
-4.4148,-0.33415
-4.4148,-0.33428
-4.5298,0.050434
-4.4647,0.0022932
-4.5163,0.040447
-4.5275,0.051118
-4.4623,0.0041431
-4.463,0.0020092
-4.5153,0.046011
-4.5153,0.046011
-4.5191,0.049434
-4.5153,0.046011
-4.6411,0.079
-4.6415,0.079227
-4.6324,0.084932
-4.5112,0.056561
-4.6037,0.063061
-4.814,-0.0072694
-4.3453,-0.16887
-4.3495,0.055948
-4.6578,0.16831
-4.6446,0.17274
-4.346,-0.16946
-4.3454,-0.17036
-4.3465,0.053225
-4.3445,-0.16532
-4.6623,0.16841
-4.6571,0.16967
-4.6571,0.16967
-4.3458,-0.16993
-4.3446,-0.16522
-4.3463,0.053316
-4.6441,0.17258
-4.3452,-0.1712
-4.3466,0.053462
-4.6448,0.17266
-4.3464,0.053367
-4.3452,-0.17114
-4.3452,-0.17114
-4.6572,0.16957
-4.6573,0.16924
-4.6572,0.16957
-4.6572,0.16957
-4.6572,0.16957
-4.6572,0.16957
-4.6446,0.17296
-4.6571,0.16967
-4.6571,0.16967
-4.3452,-0.17099
-4.3495,0.055948
-4.6578,0.16831
-4.3458,-0.16993
-4.6573,0.1692
-4.6622,0.16845
-4.6384,0.17335
-4.6443,0.17237
-4.3469,0.053482
-4.6446,0.17296
-4.6578,0.16829
-4.639,0.17253
-4.3501,0.055975
-4.6385,0.17383
-4.6452,0.17544
-4.3429,-0.17142
-4.6589,0.16935
-4.6576,0.16865
-4.3435,-0.17633
-4.3423,-0.15674
-4.3423,-0.15674
-4.6441,0.17268
-4.3425,-0.15792
-4.3407,-0.15115
-4.3463,0.054222
-4.3463,0.053263
-4.3463,0.054222
-4.3374,-0.15062
-4.3463,0.053272
-4.346,0.054093
-4.3463,0.053318
-4.3461,0.053226
-4.3462,0.054184
-4.6561,0.168
-4.6453,0.17275
-4.3391,-0.15416
-4.3466,0.053462
-4.6525,0.11699
-4.7098,0.13732
-4.456,0.043501
-4.2899,-0.077841
-4.7572,0.030105
-4.7517,0.043164
-4.711,-0.065246
-4.6934,-0.041023
-4.3404,0.013369
-4.3404,0.013369
-4.4297,-0.010923
-4.7036,0.13941
-4.2899,-0.077841
-4.6106,0.06308
-4.3447,0.052571
-4.693,0.00098787
-4.4652,0.054225
-4.3333,0.0066525
-4.4899,0.041329
-4.3268,-0.081723
-4.3425,0.01259
-4.3269,-0.087275
-4.3417,0.01218
-4.333,-0.00070081
-4.3343,-0.0011212
-4.3337,-0.00061102
-4.3314,-0.016795
-4.3343,0.0095169
-4.7027,0.15068
-4.7018,0.13769
-4.7372,0.086422
-4.7475,0.079517
-4.4388,-0.010205
-4.7084,0.13446
-4.7074,0.13452
-4.7064,0.13453
-4.7118,0.13241
-4.7081,0.13467
-4.7081,0.13467
-4.7837,0.039338
-4.5288,0.051676
-4.4984,0.038606
-4.4572,-0.0064281
-4.7361,0.09998
-4.3444,0.014254
-4.3511,0.029108
-4.3413,9.9946e-05
-4.3224,-0.10095
-4.3328,-0.0037319
-4.333,0.0047958
-4.3296,-0.0027893
-4.3284,-0.0045868
-4.3334,0.0068421
-4.3337,-0.00082116
-4.3331,-0.0040403
-4.3316,-0.01603
-4.3344,0.00027919
-4.3292,-0.0037661
-4.3291,-0.0040979
-4.3326,-0.0041406
-4.3331,-0.0041182
-4.3333,-0.00035415
-4.324,-0.024758
-4.3323,0.004621
-4.3323,0.004621
-4.3379,0.0024734
-4.3799,0.089576
-4.3232,-0.024699
-4.3328,0.0042109
-4.3327,-0.0022101
-4.3306,-0.0029631
-4.3267,-0.088736
-4.3269,-0.082245
-4.3267,-0.088736
-4.3333,0.0066271
-4.3337,-0.00062219
-4.341,0.013228
-4.3315,-0.00017768
-4.333,-0.00098715
-4.3324,0.0050355
-4.4371,0.14
-4.3336,-0.00098078
-4.3268,-0.08716
-4.3268,-0.08716
-4.3268,-0.086828
-4.3336,-0.00098078
-4.3336,-0.00098078
-4.4428,0.14586
-4.3303,-0.003656
-4.3332,-0.0030024
-4.3336,-0.003235
-4.3269,-0.089123
-4.3329,-0.0025426
-4.3305,-0.021932
-4.3526,0.026795
-4.3269,-0.087453
-4.7954,0.033927
-4.7053,0.12832
-4.4467,0.044877
-4.4461,0.024275
-4.5061,0.085703
-4.4121,-0.086279
-4.6998,0.008912
-4.6253,0.07931
-4.4941,0.073584
-4.4936,0.071263
-4.4466,0.025616
-4.4543,0.046728
-4.4616,0.045575
-4.4762,0.062398
-4.4494,0.039806
-4.4498,0.040461
-4.4294,-0.027852
-4.4563,-0.0071223
-4.695,-0.048331
-4.5498,0.05277
-4.5714,0.052435
-4.4803,0.18024
-4.433,-0.022455
-4.4343,-0.029565
-4.6606,0.06499
-4.4695,0.068015
-4.4563,-0.0071223
-4.5409,0.059468
-4.6241,0.096095
-4.4334,0.0020763
-4.3279,-0.046059
-4.3279,-0.046059
-4.3329,-0.0013646
-4.3299,-0.0026724
-4.3299,-0.0026724
-4.4069,0.12427
-4.4173,0.12657
-4.3767,0.085749
-4.6487,0.11357
-4.4567,0.010514
-4.3326,-0.0041901
-4.3758,0.11225
-4.5054,0.038888
-4.7385,0.10105
-4.3329,0.0046219
-4.4557,0.043245
-4.4439,0.031941
-4.4612,0.047081
-4.4582,0.046035
-4.4738,0.17852
-4.3327,0.0069092
-4.7364,0.086588
-4.7783,0.038345
-4.6993,0.15473
-4.7027,0.13723
-4.7715,0.048089
-4.5416,0.061747
-4.7108,-0.074459
-4.7115,0.12744
-4.7435,0.082036
-4.3695,0.10505
-4.4804,0.1803
-4.4772,0.17915
-4.3721,0.10811
-4.3695,0.10505
-4.3695,0.10505
-4.3695,0.10505
-4.3695,0.10505
-4.3695,0.10505
-4.3329,-0.0020304
-4.3597,0.036452
-4.3402,0.013241
-4.5523,0.15374
-4.7238,0.084557
-4.818,0.10466
-4.818,0.10466
-4.818,0.10466
-4.818,0.10466
-4.4778,0.058127
-4.6312,0.068343
-4.711,-0.054932
-4.708,-0.021427
-4.4542,0.045839
-4.4452,0.02665
-4.4236,-0.22889
-4.5647,-0.2685
-4.4358,-0.016948
-4.4562,0.041742
-4.4383,-0.028336
-4.6666,-0.24127
-4.5647,-0.2685
-4.5288,0.051676
-4.4984,0.038606
-4.4572,-0.0064281
-4.5145,0.045234
-4.6638,0.03454
-4.6666,-0.24127
-4.5647,-0.2685
-4.4364,-0.014051
-4.4388,-0.010205
-4.3334,-0.00016095
-4.6925,-0.0028928
-4.5647,-0.2685
-4.7648,-0.12237
-4.5647,-0.2685
-4.5647,-0.2685
-4.6677,-0.24068
-4.6677,-0.24068
-4.6158,-0.26209
-4.6965,-0.21938
-4.6677,-0.24068
-4.6677,-0.24068
-4.5647,-0.2685
-4.7109,-0.2102
-4.6954,-0.0092748
-4.6765,0.046413
-4.4356,-0.022831
-4.4295,-0.033349
-4.4601,0.043058
-4.6958,-0.020062
-4.4362,-0.018148
-4.699,-0.040001
-4.6666,-0.24127
-4.5647,-0.2685
-4.4108,0.14528
-4.7332,0.070306
-4.6666,-0.24127
-4.4658,0.0029847
-4.334,-0.0016228
-4.3354,-0.00067173
-4.3427,0.014492
-4.3313,-0.016763
-4.3371,-0.0017541
-4.3408,0.0099223
-4.3408,0.0099223
-4.3314,-0.016675
-4.3314,-0.016489
-4.3319,-0.016193
-4.3296,-0.0027077
-4.3452,0.018445
-4.3384,0.0037261
-4.3331,-0.0039492
-4.3406,0.013545
-4.3337,-0.00055863
-4.3371,0.0045054
-4.3413,0.0015088
-4.3333,-0.00108
-4.3396,0.012149
-4.3336,-0.00098349
-4.3372,0.0045842
-4.3343,-0.00091452
-4.7668,0.12749
-4.5138,0.19013
-4.5647,-0.2685
-4.6729,-0.23767
-4.3615,-0.11627
-4.3615,-0.11627
-4.7648,-0.12232
-4.6391,-0.25304
-4.7115,-0.20918
-4.7668,-0.1195
-4.5647,-0.2685
-4.5647,-0.2685
-4.5647,-0.2685
-4.6729,-0.23767
-4.3333,0.0066093
-4.7015,-0.041304
-4.7117,-0.046907
-4.5647,-0.2685
-4.3336,-0.0047975
-4.3299,-0.002551
-4.6666,-0.24127
-4.6666,-0.24127
-4.6666,-0.24127
-4.6666,-0.24127
-4.5647,-0.2685
-4.3548,0.029407
-4.3399,0.012182
-4.3561,0.032536
-4.333,-0.0046353
-4.3305,-0.021985
-4.3331,-0.0043251
-4.6082,0.14749
-4.6082,0.14749
-4.6082,0.14749
-4.7698,-0.1085
-4.6761,-0.2351
-4.6082,0.14749
-4.679,-0.23568
-4.6082,0.14749
-4.6082,0.14749
-4.5647,-0.2685
-4.7103,-0.21069
-4.5647,-0.2685
-4.428,-0.033685
-4.4351,-0.013504
-4.4394,-0.011779
-4.7151,-0.20557
-4.6666,-0.24127
-4.7158,-0.20492
-4.4288,0.13491
-4.4691,0.15669
-4.4698,0.066765
-4.6324,0.086147
-4.5095,0.094482
-4.6328,-0.25595
-4.6328,-0.25595
-4.6328,-0.25595
-4.6328,-0.25595
-4.5451,0.061961
-4.4445,0.033153
-4.5134,0.19016
-4.5134,0.19016
-4.5134,0.19016
-4.5134,0.19016
-4.4483,0.16782
-4.5134,0.19016
-4.5134,0.19016
-4.4421,0.16479
-4.5134,0.19016
-4.5134,0.19016
-4.5134,0.19016
-4.5134,0.19016
-4.5051,0.18809
-4.5647,-0.2685
-4.5647,-0.2685
-4.5077,-0.25914
-4.671,-0.23879
-4.5196,0.049387
-4.3269,-0.088259
-4.3619,-0.11749
-4.3778,-0.0083387
-4.7735,-0.026259
-4.7735,-0.026259
-4.4271,-0.21675
-4.7735,-0.026259
-4.7338,0.057555
-4.7195,0.086647
-4.7735,-0.026259
-4.7735,-0.026259
-4.5863,0.14984
-4.5642,0.15275
-4.7735,-0.026259
-4.7735,-0.026259
-4.7735,-0.026259
-4.7735,-0.026259
-4.7735,-0.026259
-4.7735,-0.026259
-4.7735,-0.026259
-4.7735,-0.026259
-4.3757,-0.15477
-4.7735,-0.026259
-4.7735,-0.026259
-4.7735,-0.026259
-4.7735,-0.026259
-4.7735,-0.026259
-4.7735,-0.026259
-4.7735,-0.026259
-4.7735,-0.026259
-4.7735,-0.026259
-4.7735,-0.026259
-4.7735,-0.026259
-4.7735,-0.026259
-4.7496,0.046855
-4.7735,-0.026259
-4.7735,-0.026259
-4.7735,-0.026259
-4.7578,0.028579
-4.7735,-0.026259
-4.7735,-0.026259
-4.5642,0.15275
-4.7735,-0.026259
-4.7735,-0.026259
-4.7735,-0.026259
-4.3568,-0.10583
-4.7735,-0.026259
-4.6305,0.14358
-4.7735,-0.026259
-4.7735,-0.026259
-4.7735,-0.026259
-4.7735,-0.026259
-4.7735,-0.026259
-4.7735,-0.026259
-4.7735,-0.026259
-4.7735,-0.026259
-4.4499,0.042149
-4.4391,0.015259
-4.6916,0.0048439
-4.7379,0.10111
-4.7422,0.086384
-4.7456,0.08794
-4.7455,0.090822
-4.702,0.13655
-4.745,0.097751
-4.7456,0.08794
-4.7411,0.098496
-4.3601,-0.11108
-4.6912,-0.22381
-4.7693,-0.11037
-4.7672,-0.11804
-4.7672,-0.11804
-4.7346,-0.18325
-4.7672,-0.11804
-4.7672,-0.11804
-4.7672,-0.11804
-4.7672,-0.11804
-4.7672,-0.11804
-4.7672,-0.11804
-4.7672,-0.11804
-4.7578,0.028547
-4.7672,-0.11804
-4.3568,-0.10622
-4.7672,-0.11804
-4.7672,-0.11804
-4.7672,-0.11804
-4.7698,-0.10847
-4.7672,-0.11804
-4.7163,-0.20454
-4.7672,-0.11804
-4.7672,-0.11804
-4.7672,-0.11804
-4.7672,-0.11804
-4.423,0.021948
-4.7672,-0.11804
-4.7668,-0.11956
-4.7521,0.04139
-4.7672,-0.11804
-4.7672,-0.11804
-4.7672,-0.11804
-4.7672,-0.11804
-4.7672,-0.11804
-4.7672,-0.11804
-4.7672,-0.11804
-4.7495,0.046659
-4.7672,-0.11804
-4.7672,-0.11804
-4.7672,-0.11804
-4.7672,-0.11804
-4.7672,-0.11804
-4.7672,-0.11804
-4.7672,-0.11804
-4.7672,-0.11804
-4.7672,-0.11804
-4.7672,-0.11804
-4.7672,-0.11804
-4.7647,-0.12263
-4.6354,0.090476
-4.4259,0.031991
-4.4364,-0.031665
-4.5482,0.053213
-4.4433,0.16528
-4.4425,0.16409
-4.5202,0.048345
-4.3636,-0.13701
-4.6951,-0.023612
-4.5758,0.14222
-4.6484,0.12316
-4.4234,-0.032822
-4.786,0.046832
-4.7039,0.13902
-4.5764,0.14886
-4.5764,0.14886
-4.7109,0.087292
-4.5647,-0.2685
-4.63,0.14406
-4.4883,0.022256
-4.4883,0.022256
-4.5647,-0.26849
-4.5647,-0.26849
-4.6883,0.0014735
-4.4509,0.04352
-4.4424,0.021238
-4.4616,0.045575
-4.4616,0.045575
-4.4368,0.012003
-4.4616,0.045575
-4.4616,0.045575
-4.4602,0.046592
-4.4616,0.045575
-4.4616,0.045575
-4.4424,0.021238
-4.502,0.08493
-4.4332,0.019066
-4.5007,0.075038
-4.4544,0.045362
-4.6964,-0.21965
-4.6964,-0.21965
-4.4443,0.032649
-4.6915,0.089948
-4.4089,0.075275
-4.6915,0.089948
-4.663,0.11873
-4.5486,0.13641
-4.4348,-0.23476
-4.3658,-0.03036
-4.7103,0.13736
-4.7859,0.042452
-4.7865,0.042184
-4.7865,0.042184
-4.7058,0.13878
-4.7851,0.040286
-4.7359,0.084946
-4.7066,0.12567
-4.7114,0.12561
-4.7041,0.12618
-4.7041,0.12618
-4.7104,0.12176
-4.7041,0.12618
-4.5841,0.15892
-4.3363,0.095021
-4.5877,0.093226
-4.5228,0.090429
-4.3493,0.05568
-4.3353,0.014301
-4.4243,-0.18427
-4.7467,0.053245
-4.4673,0.013219
-4.7659,-0.11891
-4.7171,0.071237
-4.5217,0.041782
-4.39,-0.036031
-4.39,-0.036031
-4.39,-0.036031
-4.7294,-0.063298
-4.6503,0.018083
-4.39,-0.036031
-4.39,-0.036031
-4.39,-0.036031
-4.39,-0.036031
-4.7324,-0.087917
-4.7294,-0.063298
-4.3896,-0.02545
-4.39,-0.036031
-4.3807,0.061803
-4.5549,0.15455
-4.3565,-0.022213
-4.6286,0.1428
-4.5482,0.15173
-4.631,0.14351
-4.5503,0.15121
-4.5503,0.15121
-4.5482,0.15157
-4.7263,0.075052
-4.7263,0.075052
-4.4362,-0.22525
-4.7263,0.075052
-4.6441,0.17278
-4.7263,0.072165
-4.6331,-0.25584
-4.6031,0.14631
-4.6031,0.14631
-4.6031,0.14631
-4.6228,0.16149
-4.3397,0.012275
-4.3309,-0.019206
-4.3403,0.013172
-4.3338,-0.004168
-4.3309,-0.019206
-4.3309,-0.019206
-4.3306,-0.022521
-4.3402,0.011917
-4.3395,0.012034
-4.3306,-0.022521
-4.341,0.013249
-4.3309,-0.019206
-4.3306,-0.022521
-4.3398,0.012208
-4.3309,-0.019206
-4.3346,-0.00010042
-4.3309,-0.019206
-4.3306,-0.022521
-4.3395,0.012034
-4.3309,-0.019206
-4.5353,0.17222
-4.3309,-0.019206
-4.3332,-0.0027982
-4.3405,0.013066
-4.5353,0.17222
-4.3395,0.012034
-4.3398,0.012208
-4.3306,-0.022521
-4.3374,-0.0012741
-4.3309,-0.019206
-4.3309,-0.019206
-4.3314,-0.016675
-4.3306,-0.022521
-4.3405,0.013066
-4.3318,-0.016411
-4.3403,0.013172
-4.3337,-0.0042851
-4.7898,0.13931
-4.3324,0.0052663
-4.3345,0.00066597
-4.341,0.012393
-4.3345,0.00066597
-4.3345,0.00066597
-4.3403,0.013172
-4.3345,0.00066597
-4.3533,0.028315
-4.4397,-0.010154
-4.4393,-0.011815
-4.6034,0.15065
-4.7197,0.13408
-4.7854,0.047492
-4.6601,0.11864
-4.4581,-0.0063459
-4.7489,0.079309
-4.7046,0.13398
-4.5125,0.10535
-4.5042,0.037733
-4.4923,0.078556
-4.6521,-0.0058373
-4.725,0.13411
-4.5818,0.15255
-4.7787,0.12188
-4.4382,-0.029111
-4.4148,-0.046069
-4.7109,-0.042587
-4.6427,0.11847
-4.6253,0.097428
-4.4573,0.050324
-4.343,-0.17158
-4.7679,0.039955
-4.7204,0.13341
-4.7862,0.04667
-4.5512,0.063199
-4.8183,-0.011745
-4.6211,0.14486
-4.3452,-0.16584
-4.7019,0.1345
-4.7453,0.098551
-4.526,0.047832
-4.7883,0.039992
-4.7028,0.13866
-4.7643,0.11935
-4.3772,0.070525
-4.703,0.13957
-4.6328,0.099219
-4.4458,0.026714
-4.4212,-0.0014464
-4.8119,0.0056354
-4.5482,0.15172
-4.6965,-0.21936
-4.5481,0.15218
-4.3757,-0.15483
-4.5647,-0.2685
-4.7387,0.052374
-4.6029,0.15156
-4.4279,-0.22273
-4.7072,-0.21371
-4.6785,0.12156
-4.5553,0.15457
-4.6092,0.14713
-4.7386,-0.17639
-4.7627,0.010205
-4.7733,-0.081673
-4.7189,0.075003
-4.359,-0.10695
-4.5482,0.15172
-4.6034,0.15163
-4.6135,0.14314
-4.551,0.15117
-4.3757,-0.15483
-4.7096,-0.21093
-4.774,-0.086479
-4.7424,-0.172
-4.5647,-0.2685
-4.6775,-0.053659
-4.4095,0.033725
-4.5647,-0.2685
-4.774,-0.086531
-4.3757,-0.15483
-4.6728,-0.23775
-4.5647,-0.2685
-4.774,-0.086479
-4.5507,0.15278
-4.5647,-0.2685
-4.4431,-0.19903
-4.6713,-0.23867
-4.7096,-0.21093
-4.774,-0.086479
-4.3757,-0.15483
-4.6837,0.096233
-4.5647,-0.2685
-4.4226,0.030645
-4.774,-0.086479
-4.7725,-0.087589
-4.6161,0.14713
-4.6873,0.081782
-4.774,-0.086479
-4.5647,-0.2685
-4.3757,-0.15483
-4.6034,0.15163
-4.7588,0.026085
-4.3898,-0.045929
-4.3757,-0.15483
-4.3757,-0.15483
-4.774,-0.086479
-4.3757,-0.15483
-4.6709,-0.23886
-4.6072,0.15071
-4.7686,-0.1087
-4.774,-0.086479
-4.3757,-0.15483
-4.5647,-0.2685
-4.5645,-0.057078
-4.6787,-0.23589
-4.7725,-0.087589
-4.359,-0.10708
-4.774,-0.086479
-4.5647,-0.2685
-4.4384,-0.22263
-4.7386,-0.17639
-4.4274,-0.21792
-4.4365,-0.18517
-4.7386,-0.17639
-4.7669,-0.0034078
-4.7386,-0.17639
-4.5647,-0.2685
-4.7586,0.02647
-4.6073,0.14423
-4.6593,0.11454
-4.7262,0.074611
-4.7685,-0.0024689
-4.5647,-0.2685
-4.774,-0.086479
-4.7685,-0.0024689
-4.4112,0.082309
-4.6034,0.15163
-4.5647,-0.2685
-4.5823,0.15482
-4.738,-0.17727
-4.6783,-0.051523
-4.5637,-0.05696
-4.6034,0.15065
-4.356,0.00056132
-4.774,-0.086479
-4.7246,0.077142
-4.6712,-0.23864
-4.774,-0.086479
-4.3757,-0.15483
-4.6316,0.14384
-4.7588,0.026085
-4.3757,-0.15483
-4.5482,0.15172
-4.4257,0.068116
-4.5511,0.15341
-4.3757,-0.15483
-4.6709,-0.23886
-4.3615,-0.11623
-4.577,0.15225
-4.7588,0.026085
-4.774,-0.086479
-4.71,-0.21114
-4.7453,0.05237
-4.5483,0.15122
-4.5482,0.15172
-4.3757,-0.15483
-4.7627,0.010205
-4.732,-0.038911
-4.4263,-0.21644
-4.5647,-0.2685
-4.6028,0.14624
-4.3757,-0.15483
-4.3757,-0.15483
-4.7264,-0.041214
-4.6341,-0.25548
-4.7386,-0.17639
-4.774,-0.086531
-4.6135,0.14314
-4.6666,-0.24127
-4.7355,-0.18205
-4.6331,-0.25584
-4.5647,-0.2685
-4.5645,-0.057042
-4.7627,0.010205
-4.359,-0.10708
-4.6349,0.11235
-4.5714,0.15511
-4.774,-0.086479
-4.3757,-0.15483
-4.4545,-0.0085318
-4.3757,-0.15483
-4.6613,0.12107
-4.5523,0.15301
-4.3757,-0.15483
-4.774,-0.086479
-4.5482,0.15172
-4.6161,0.14713
-4.3757,-0.15483
-4.6034,0.15065
-4.774,-0.086479
-4.71,-0.21114
-4.359,-0.10708
-4.7138,0.088847
-4.774,-0.086479
-4.3757,-0.15483
-4.7096,-0.21093
-4.7182,-0.20241
-4.5647,-0.2685
-4.5483,0.15174
-4.7386,-0.17639
-4.766,-4.799e-05
-4.615,0.14459
-4.3694,0.0091716
-4.4272,-0.18063
-4.5647,-0.2685
-4.362,-0.11797
-4.5647,-0.2685
-4.7462,0.05653
-4.774,-0.086479
-4.683,-0.047695
-4.6121,-0.22644
-4.4238,-0.21481
-4.5501,-0.19039
-4.4265,-0.16945
-4.7096,-0.21093
-4.7143,-0.2065
-4.3757,-0.15483
-4.7627,0.010205
-4.5482,0.15172
-4.6715,0.12325
-4.7336,-0.0068675
-4.6022,0.15154
-4.3757,-0.15483
-4.774,-0.086479
-4.774,-0.086479
-4.6787,-0.10353
-4.6316,0.14384
-4.774,-0.086479
-4.774,-0.086479
-4.6034,0.15163
-4.6349,-0.25543
-4.3894,0.062258
-4.7725,-0.087589
-4.3757,-0.15483
-4.549,0.15178
-4.5715,0.15513
-4.3757,-0.15483
-4.774,-0.086479
-4.5647,-0.2685
-4.6709,-0.23883
-4.3619,-0.11753
-4.5508,0.15272
-4.3757,-0.15483
-4.3757,-0.15483
-4.6076,-0.22199
-4.3757,-0.15483
-4.5714,0.15487
-4.36,-0.11075
-4.6713,-0.23824
-4.6727,-0.2375
-4.7343,0.060422
-4.774,-0.086479
-4.7143,-0.2065
-4.4369,-0.18511
-4.7321,-0.10118
-4.3812,-0.16412
-4.6316,0.14384
-4.7671,-0.0040058
-4.7739,-0.087365
-4.7403,-0.17375
-4.435,-0.20276
-4.6034,0.15163
-4.774,-0.086479
-4.7386,-0.17639
-4.5637,-0.057064
-4.774,-0.086479
-4.749,0.050283
-4.5647,-0.2685
-4.4444,-0.1985
-4.7194,0.086551
-4.5471,0.15109
-4.4401,-0.18708
-4.5482,0.15172
-4.7091,-0.043202
-4.359,-0.10708
-4.6331,-0.25584
-4.7096,-0.21093
-4.774,-0.086479
-4.4381,-0.21985
-4.5647,-0.2685
-4.56,-0.05057
-4.5482,0.15172
-4.7386,-0.17639
-4.3757,-0.15483
-4.7726,-0.087515
-4.7127,-0.20805
-4.4293,-0.21663
-4.5647,-0.26849
-4.3913,0.06992
-4.6666,-0.24127
-4.6654,0.13024
-4.7453,0.05237
-4.7096,-0.21093
-4.6009,-0.22542
-4.7106,-0.048118
-4.6121,-0.22644
-4.7725,-0.08749
-4.774,-0.086479
-4.3757,-0.15483
-4.6289,0.14275
-4.3898,-0.047017
-4.6161,0.14713
-4.5022,0.04104
-4.6553,0.11558
-4.7386,-0.17639
-4.774,-0.086479
-4.6135,0.14314
-4.668,-0.24255
-4.7713,-0.094812
-4.5645,-0.057078
-4.5804,0.12465
-4.565,-0.2685
-4.774,-0.086479
-4.4417,-0.2289
-4.7627,0.010205
-4.7386,-0.17639
-4.6121,-0.22644
-4.74,-0.17418
-4.6316,0.14384
-4.4452,-0.19538
-4.3736,0.032655
-4.6709,-0.23886
-4.3694,-0.13839
-4.3757,-0.15483
-4.774,-0.086479
-4.7412,-0.17238
-4.5644,-0.26848
-4.5645,-0.057063
-4.71,-0.21114
-4.5647,-0.2685
-4.6716,-0.23772
-4.7271,0.077336
-4.5536,0.15334
-4.5647,-0.2685
-4.7588,0.026085
-4.6034,0.15163
-4.7241,-0.059618
-4.7729,-0.084748
-4.3757,-0.15483
-4.774,-0.086479
-4.5647,-0.2685
-4.6666,-0.24127
-4.7627,0.010205
-4.6034,0.15065
-4.6161,0.14713
-4.6161,0.14713
-4.5846,0.15316
-4.6298,0.14268
-4.5647,-0.2685
-4.774,-0.086479
-4.774,-0.086479
-4.774,-0.086479
-4.6666,-0.24127
-4.5647,-0.2685
-4.3757,-0.15483
-4.6392,-0.25301
-4.7296,0.0020642
-4.4368,-0.18465
-4.5647,-0.2685
-4.5647,-0.2685
-4.6909,-0.226
-4.5482,0.15172
-4.382,-0.16385
-4.6673,0.10714
-4.774,-0.086479
-4.5515,0.15325
-4.774,-0.086479
-4.774,-0.086479
-4.3757,-0.15483
-4.3757,-0.15483
-4.7748,-0.036159
-4.3757,-0.15483
-4.774,-0.086531
-4.7386,-0.17639
-4.5645,-0.057078
-4.7302,0.070044
-4.7273,-0.042159
-4.6064,0.15026
-4.6034,0.15163
-4.5647,-0.2685
-4.7077,-0.067064
-4.6713,-0.23856
-4.7386,-0.17639
-4.774,-0.086531
-4.3757,-0.15483
-4.6147,-0.26551
-4.5637,-0.057093
-4.5536,0.15319
-4.3565,-0.10737
-4.71,-0.21114
-4.774,-0.086479
-4.5503,0.15242
-4.7386,-0.17639
-4.774,-0.086479
-4.6796,-0.010487
-4.7038,-0.21672
-4.774,-0.086479
-4.7713,-0.094812
-4.5647,-0.2685
-4.7386,-0.17639
-4.636,-0.25501
-4.7168,0.09121
-4.7741,-0.066997
-4.7182,-0.20241
-4.3757,-0.15483
-4.6655,0.13032
-4.7588,0.026085
-4.3611,-0.11499
-4.7386,-0.17639
-4.3757,-0.15483
-4.5647,-0.2685
-4.5661,-0.2685
-4.5647,-0.2685
-4.3757,-0.15483
-4.7191,0.086805
-4.774,-0.086479
-4.6316,0.14384
-4.7181,0.090902
-4.774,-0.086479
-4.5846,0.15316
-4.6672,0.11825
-4.74,-0.17418
-4.6161,0.14713
-4.7144,-0.2063
-4.774,-0.086479
-4.3757,-0.15483
-4.5647,-0.2685
-4.6666,-0.24127
-4.4382,-0.22208
-4.6713,-0.23859
-4.6058,0.15039
-4.5825,0.14849
-4.7386,-0.17639
-4.3757,-0.15483
-4.5482,0.15172
-4.7386,-0.17639
-4.6666,-0.24127
-4.6121,-0.22644
-4.5482,0.15172
-4.6709,-0.23886
-4.3601,-0.1111
-4.6265,0.1427
-4.359,-0.10709
-4.6387,-0.25625
-4.3546,-0.092655
-4.3757,-0.15483
-4.7096,-0.21093
-4.71,-0.21114
-4.5647,-0.2685
-4.4368,-0.18465
-4.3757,-0.15483
-4.3554,-0.11254
-4.5644,-0.26848
-4.5482,0.15173
-4.3757,-0.15483
-4.7386,-0.17639
-4.6135,0.14314
-4.7337,0.071164
-4.6316,0.14384
-4.6133,0.14441
-4.6275,0.1474
-4.5482,0.15172
-4.63,0.14406
-4.7029,-0.21757
-4.6188,0.13766
-4.3615,-0.11612
-4.6779,0.12287
-4.3757,-0.15483
-4.6034,0.15156
-4.6034,0.15163
-4.4251,0.08454
-4.565,-0.2685
-4.774,-0.086479
-4.7106,-0.21017
-4.774,-0.086479
-4.5647,-0.2685
-4.7118,0.092317
-4.7386,-0.17639
-4.5645,-0.056994
-4.6034,0.15163
-4.6775,-0.062047
-4.774,-0.086479
-4.3757,-0.15483
-4.6316,0.14384
-4.5647,-0.2685
-4.6034,0.15065
-4.774,-0.086479
-4.3757,-0.15483
-4.5357,0.14439
-4.7194,0.086551
-4.7579,0.028276
-4.5647,-0.2685
-4.5647,-0.2685
-4.6034,0.15163
-4.7257,-0.041181
-4.5482,0.15172
-4.7171,0.090426
-4.3757,-0.15483
-4.5506,0.15109
-4.3757,-0.15483
-4.7386,-0.17639
-4.7725,-0.087589
-4.5536,0.15334
-4.5647,-0.2685
-4.5506,0.15135
-4.4448,-0.19755
-4.7336,-0.0068675
-4.6243,0.11671
-4.774,-0.086479
-4.774,-0.086479
-4.5515,0.15301
-4.5647,-0.2685
-4.615,0.14459
-4.7096,-0.21093
-4.3619,-0.11753
-4.374,-0.16166
-4.3757,-0.15483
-4.4222,-0.19805
-4.5647,-0.2685
-4.5522,0.15299
-4.7386,-0.17639
-4.634,-0.25551
-4.5482,0.15172
-4.4359,-0.19512
-4.5647,-0.2685
-4.4449,-0.1962
-4.3757,-0.15483
-4.6034,0.15163
-4.5647,-0.2685
-4.5484,0.1512
-4.7588,0.026085
-4.7588,0.026085
-4.5645,-0.057063
-4.5503,0.15111
-4.6654,0.13024
-4.5662,-0.26849
-4.3925,0.081377
-4.3757,-0.15483
-4.774,-0.086479
-4.735,-0.18266
-4.5228,-0.26439
-4.6121,-0.22644
-4.7096,-0.21093
-4.71,-0.21114
-4.3757,-0.15483
-4.5487,0.1523
-4.7096,-0.21093
-4.7627,0.010205
-4.6757,-0.037226
-4.7635,0.0077636
-4.7166,0.091325
-4.4399,-0.19952
-4.4306,-0.22563
-4.5516,0.15352
-4.7374,-0.17818
-4.6034,0.15065
-4.5228,-0.26439
-4.774,-0.086479
-4.7627,0.010205
-4.5647,-0.2685
-4.7386,-0.17639
-4.6673,-0.24007
-4.774,-0.086479
-4.6584,0.0045587
-4.4279,-0.21374
-4.774,-0.086479
-4.5637,-0.057018
-4.5647,-0.2685
-4.5647,-0.2685
-4.6185,0.048134
-4.774,-0.086479
-4.3757,-0.15483
-4.3968,-0.0064321
-4.5647,-0.2685
-4.7657,-0.11936
-4.5785,0.1498
-4.5647,-0.2685
-4.7588,0.02587
-4.7096,-0.21093
-4.7386,-0.17639
-4.3757,-0.15483
-4.6065,0.15032
-4.4244,-0.21525
-4.4377,-0.21891
-4.6786,-0.23596
-4.5482,0.15172
-4.5647,-0.2685
-4.7685,-0.0024689
-4.4128,-0.19446
-4.5482,0.15172
-4.7324,0.06461
-4.6648,-0.24453
-4.7627,0.010205
-4.774,-0.086479
-4.7284,0.073677
-4.3757,-0.15483
-4.6034,0.15065
-4.7588,0.026085
-4.5558,0.15461
-4.3601,-0.11096
-4.4027,0.062667
-4.7386,-0.17639
-4.6161,0.14713
-4.774,-0.086479
-4.5647,-0.2685
-4.7648,0.0038357
-4.3757,-0.15483
-4.5644,-0.056605
-4.7194,0.086551
-4.774,-0.086479
-4.7386,-0.17639
-4.6718,-0.23772
-4.6161,0.14713
-4.7386,-0.17639
-4.5482,0.15172
-4.774,-0.086479
-4.3843,0.055837
-4.5536,0.15334
-4.3611,-0.11499
-4.7526,0.040114
-4.734,0.047055
-4.6052,0.14541
-4.7579,-0.14095
-4.6034,0.15163
-4.5647,-0.2685
-4.4876,-0.15237
-4.5645,-0.057063
-4.3531,-0.054021
-4.774,-0.086531
-4.7724,-0.087877
-4.6135,0.14314
-4.6114,0.1304
-4.6161,0.14713
-4.3757,-0.15483
-4.6161,0.14713
-4.4369,-0.18526
-4.7635,0.0077816
-4.7588,0.026085
-4.7703,-0.10142
-4.3761,-0.15319
-4.7402,-0.17393
-4.4124,0.035618
-4.7627,0.010205
-4.6291,0.034887
-4.5647,-0.2685
-4.774,-0.086479
-4.5647,-0.2685
-4.7506,0.038356
-4.5482,0.15172
-4.3898,-0.045929
-4.774,-0.086479
-4.7397,0.052842
-4.3757,-0.15483
-4.4256,-0.21403
-4.6193,0.14651
-4.6308,0.14344
-4.7096,-0.21093
-4.4341,-0.19007
-4.7386,-0.17639
-4.7097,-0.21135
-4.5945,0.13424
-4.5647,-0.2685
-4.3757,-0.15483
-4.6656,-0.030365
-4.5482,0.15172
-4.5823,0.15482
-4.7627,0.010205
-4.7386,-0.17639
-4.774,-0.086479
-4.7286,0.074775
-4.7386,-0.17639
-4.553,0.15313
-4.6034,0.15163
-4.6035,0.15046
-4.5518,0.14991
-4.774,-0.086479
-4.5647,-0.2685
-4.5496,0.15247
-4.735,-0.066336
-4.3757,-0.15483
-4.774,-0.086479
-4.6676,-0.24074
-4.3757,-0.15483
-4.774,-0.086479
-4.5486,0.15226
-4.738,-0.17715
-4.5511,0.15341
-4.774,-0.086479
-4.3757,-0.15483
-4.6135,0.14314
-4.3757,-0.15483
-4.3918,-0.019435
-4.6135,0.14314
-4.6083,0.14747
-4.5647,-0.2685
-4.5647,-0.2685
-4.753,0.040085
-4.7714,-0.094366
-4.7096,-0.21093
-4.6961,0.093257
-4.7627,0.010205
-4.6635,0.1214
-4.7725,-0.087589
-4.5645,-0.056668
-4.4468,-0.030252
-4.3757,-0.15483
-4.6023,0.15157
-4.6909,0.083158
-4.4173,0.038422
-4.7725,-0.087571
-4.6034,0.15163
-4.7741,-0.067073
-4.6121,-0.22644
-4.774,-0.086479
-4.5482,0.15172
-4.7417,-0.17316
-4.7627,0.010205
-4.774,-0.086479
-4.6135,0.14314
-4.4984,0.10842
-4.5512,0.14957
-4.3757,-0.15483
-4.7299,-0.055503
-4.6693,0.12668
-4.774,-0.086479
-4.7627,0.010205
-4.3757,-0.15483
-4.7748,-0.036159
-4.774,-0.086479
-4.439,-0.19447
-4.359,-0.10708
-4.4253,0.08447
-4.5773,0.15226
-4.5523,0.15367
-4.7627,0.010205
-4.6297,0.14271
-4.6712,-0.2386
-4.6034,0.15163
-4.5822,0.15483
-4.5514,0.15263
-4.766,-4.79e-05
-4.3757,-0.15483
-4.5551,0.15455
-4.5645,-0.057024
-4.5647,-0.2685
-4.3757,-0.15483
-4.6034,0.15163
-4.774,-0.086479
-4.3697,-0.13924
-4.7166,0.085934
-4.4065,0.025678
-4.677,-0.23451
-4.6313,0.1435
-4.5644,-0.26848
-4.7748,-0.036159
-4.5512,0.15165
-4.3584,-0.10315
-4.6161,0.14713
-4.5647,-0.2685
-4.5647,-0.2685
-4.3757,-0.15483
-4.774,-0.086479
-4.5486,0.15226
-4.7659,-0.11889
-4.5482,0.15172
-4.7386,-0.17639
-4.3757,-0.15483
-4.5647,-0.2685
-4.7443,0.053135
-4.7748,-0.036159
-4.3757,-0.15483
-4.6034,0.15163
-4.7386,-0.17639
-4.7726,-0.08738
-4.6304,0.14352
-4.5647,-0.2685
-4.6005,0.15125
-4.7501,0.046673
-4.774,-0.086479
-4.6331,-0.25584
-4.5489,0.15176
-4.3757,-0.15483
-4.6666,-0.24127
-4.6712,-0.23864
-4.5647,-0.2685
-4.6279,0.14265
-4.708,-0.16445
-4.6123,0.14284
-4.7327,-0.088793
-4.774,-0.086479
-4.5647,-0.2685
-4.3757,-0.15483
-4.6357,0.11243
-4.6784,-0.23783
-4.3757,-0.15483
-4.774,-0.086531
-4.5482,0.15172
-4.4244,-0.21525
-4.6435,0.11395
-4.5647,-0.2685
-4.7148,-0.20591
-4.6161,0.14713
-4.4383,-0.18522
-4.4161,-0.061441
-4.5647,-0.2685
-4.774,-0.086479
-4.5645,-0.057015
-4.5489,0.15176
-4.6967,-0.21954
-4.3757,-0.15483
-4.359,-0.10708
-4.774,-0.086479
-4.7412,-0.17238
-4.7588,0.026085
-4.6917,0.10484
-4.5482,0.15172
-4.6067,0.046559
-4.6287,0.14269
-4.7133,-0.20747
-4.6067,0.046561
-4.5645,-0.057041
-4.7386,-0.17639
-4.7588,0.026085
-4.7333,-0.081786
-4.6657,-0.24068
-4.4324,0.032899
-4.5514,0.14965
-4.7492,0.047584
-4.7588,0.026085
-4.774,-0.086479
-4.6316,0.14384
-4.7725,-0.087589
-4.7118,0.092317
-4.3757,-0.15483
-4.5482,0.15172
-4.6793,0.11985
-4.5774,0.15227
-4.5516,0.15352
-4.7691,-0.11139
-4.7131,-0.20769
-4.5482,0.15172
-4.5647,-0.2685
-4.6296,0.14271
-4.7096,-0.21093
-4.6161,0.14713
-4.5647,-0.2685
-4.774,-0.086479
-4.7402,0.053205
-4.7328,0.070852
-4.3757,-0.15483
-4.615,0.14459
-4.3573,-0.10956
-4.4466,-0.19998
-4.7247,-0.053335
-4.6034,0.15163
-4.3757,-0.15483
-4.6161,0.14713
-4.7744,-0.031924
-4.3757,-0.15483
-4.7402,0.053205
-4.7096,-0.21093
-4.3847,-0.0058497
-4.5645,-0.057042
-4.4535,0.088207
-4.3757,-0.15483
-4.3757,-0.15483
-4.7725,-0.087644
-4.5647,-0.2685
-4.4322,-0.17124
-4.7627,-0.12871
-4.6161,0.14713
-4.656,0.012581
-4.3757,-0.15483
-4.5482,0.15172
-4.5519,0.15297
-4.5481,0.15171
-4.774,-0.086479
-4.5647,-0.2685
-4.4446,-0.20076
-4.5482,0.15172
-4.6905,-0.22408
-4.774,-0.086479
-4.5647,-0.2685
-4.7096,-0.21093
-4.6919,0.090748
-4.3554,-0.11254
-4.6764,-0.03903
-4.6034,0.15163
-4.4476,-0.19781
-4.6163,-0.26195
-4.774,-0.086479
-4.774,-0.086479
-4.7138,0.088847
-4.3757,-0.15483
-4.5647,-0.2685
-4.395,0.063975
-4.6161,0.14713
-4.6713,-0.23867
-4.6316,0.14384
-4.3757,-0.15483
-4.7423,-0.058211
-4.774,-0.086479
-4.5015,0.12179
-4.774,-0.086479
-4.5647,-0.2685
-4.774,-0.086479
-4.5482,0.15172
-4.3614,-0.11603
-4.6161,0.14713
-4.774,-0.086479
-4.5482,0.15172
-4.7588,0.026085
-4.3757,-0.15483
-4.774,-0.086479
-4.3898,-0.045929
-4.7679,-0.00034703
-4.3949,-0.015501
-4.3757,-0.15483
-4.6972,0.092306
-4.6712,-0.23865
-4.774,-0.086479
-4.7386,-0.17639
-4.7664,-0.11712
-4.656,0.012581
-4.6161,0.14713
-4.774,-0.086479
-4.7249,0.080448
-4.3757,-0.15483
-4.3757,-0.15483
-4.7251,0.069218
-4.4457,0.10075
-4.774,-0.086479
-4.6681,-0.10515
-4.7402,-0.17393
-4.5647,-0.2685
-4.7096,-0.21093
-4.3757,-0.15483
-4.6034,0.15163
-4.7494,0.046313
-4.6161,0.14713
-4.3757,-0.15483
-4.4444,-0.015614
-4.3757,-0.15483
-4.56,0.05941
-4.3757,-0.15483
-4.774,-0.086479
-4.3965,-0.010561
-4.615,0.14459
-4.5473,0.12435
-4.3757,-0.15483
-4.5516,0.15352
-4.7145,0.091193
-4.5647,-0.2685
-4.5489,0.15176
-4.5647,-0.2685
-4.6135,0.14314
-4.6727,-0.23775
-4.774,-0.086479
-4.6787,-0.23589
-4.5809,0.14967
-4.734,0.07109
-4.4372,-0.18542
-4.5645,-0.056998
-4.5516,0.15352
-4.5637,-0.057002
-4.6034,0.15065
-4.3757,-0.15483
-4.6161,0.14713
-4.5482,0.15172
-4.3619,-0.11753
-4.6316,0.14384
-4.6135,0.14314
-4.3757,-0.15483
-4.359,-0.10704
-4.7386,-0.17639
-4.7405,0.052149
-4.7198,0.086372
-4.5647,-0.2685
-4.6135,0.14314
-4.6016,0.14544
-4.774,-0.086479
-4.6265,0.1427
-4.7146,-0.20601
-4.6034,0.15163
-4.6762,-0.039655
-4.702,0.092518
-4.5647,-0.2685
-4.7685,-0.0024848
-4.5647,-0.2685
-4.4345,-0.17549
-4.6489,0.11623
-4.6682,-0.23982
-4.5647,-0.2685
-4.7695,-0.0061846
-4.774,-0.086479
-4.5645,-0.056955
-4.4271,-0.21664
-4.618,0.14897
-4.7171,0.090426
-4.5243,-0.1957
-4.4452,-0.1969
-4.6709,-0.23886
-4.4057,0.023013
-4.774,-0.086479
-4.7627,0.010205
-4.5655,-0.26848
-4.6331,-0.25584
-4.6848,-0.22866
-4.738,-0.17715
-4.36,-0.11065
-4.6668,-0.24057
-4.774,-0.086479
-4.7324,0.067356
-4.6033,0.15042
-4.5661,-0.2685
-4.7032,-0.21732
-4.6709,-0.23886
-4.4366,-0.22207
-4.7685,-0.0024688
-4.6316,0.14384
-4.7171,0.090426
-4.7402,-0.17393
-4.6867,0.095964
-4.6161,0.14713
-4.7725,-0.087589
-4.551,0.15162
-4.6122,0.14287
-4.774,-0.086479
-4.4514,-0.19599
-4.413,-0.046587
-4.6066,0.1503
-4.7037,-0.21684
-4.774,-0.086479
-4.7336,-0.0068675
-4.6121,-0.22644
-4.7588,0.026085
-4.6155,-0.26159
-4.774,-0.086479
-4.7239,-0.049565
-4.7627,0.010205
-4.3757,-0.15483
-4.726,0.056658
-4.5647,-0.2685
-4.359,-0.10708
-4.5647,-0.2685
-4.3694,0.0091716
-4.774,-0.086479
-4.774,-0.086479
-4.615,0.14459
-4.5054,-0.25849
-4.3757,-0.15483
-4.3757,-0.15483
-4.4467,-0.2015
-4.5645,-0.057078
-4.5647,-0.2685
-4.5647,-0.2685
-4.7426,0.055578
-4.6034,0.15163
-4.5482,0.15172
-4.6716,-0.23808
-4.6912,0.076383
-4.7386,-0.17639
-4.3757,-0.15483
-4.774,-0.068219
-4.6522,0.11592
-4.5507,0.15279
-4.7096,-0.21093
-4.4266,-0.21726
-4.3757,-0.15483
-4.5482,0.15172
-4.4381,-0.18829
-4.7182,-0.20241
-4.5647,-0.2685
-4.5647,-0.2685
-4.7386,-0.17639
-4.7588,0.026085
-4.6014,0.15129
-4.74,-0.17418
-4.6693,0.10583
-4.7104,-0.052619
-4.774,-0.086479
-4.4474,-0.1975
-4.7194,0.086551
-4.5532,0.15099
-4.5521,0.15299
-4.4247,-0.20068
-4.3757,-0.15483
-4.738,-0.17715
-4.3882,-0.032281
-4.5483,0.15122
-4.6713,-0.23867
-4.3898,-0.045929
-4.7386,-0.17639
-4.7696,-0.10445
-4.57,0.1549
-4.5647,-0.2685
-4.3757,-0.15483
-4.6332,-0.25522
-4.5714,0.15511
-4.7234,-0.056592
-4.6034,0.15065
-4.5647,-0.2685
-4.6709,-0.23891
-4.4323,-0.2189
-4.7439,0.05162
-4.774,-0.086479
-4.774,-0.086479
-4.6733,-0.23945
-4.5645,-0.057078
-4.5647,-0.2685
-4.4265,-0.21836
-4.6034,0.15163
-4.7468,0.049865
-4.6181,-0.26152
-4.4169,0.062673
-4.7173,-0.056219
-4.7217,0.072066
-4.6727,-0.23707
-4.6034,0.15065
-4.5645,-0.057055
-4.4324,-0.053798
-4.5647,-0.2685
-4.6316,0.14384
-4.6034,0.15163
-4.5482,0.15172
-4.6265,0.1427
-4.4268,-0.22355
-4.63,0.14406
-4.774,-0.086479
-4.6034,0.15065
-4.774,-0.086479
-4.3757,-0.15483
-4.7049,0.093206
-4.6121,-0.22644
-4.774,-0.086479
-4.5647,-0.2685
-4.5647,-0.2685
-4.6666,-0.24127
-4.3757,-0.15483
-4.5655,-0.26848
-4.6034,0.15163
-4.5482,0.15172
-4.6746,0.12361
-4.6316,0.14384
-4.774,-0.086479
-4.3757,-0.15483
-4.6316,0.14386
-4.7095,-0.21104
-4.722,-0.074604
-4.4102,0.079984
-4.3757,-0.15483
-4.6727,-0.23707
-4.5226,-0.26438
-4.774,-0.086479
-4.716,0.086237
-4.6713,-0.23867
-4.6316,0.14384
-4.671,-0.23879
-4.7386,-0.17639
-4.7627,0.010205
-4.6034,0.15163
-4.738,-0.17715
-4.7402,-0.17393
-4.774,-0.086531
-4.3936,-0.12759
-4.3757,-0.15483
-4.5647,-0.2685
-4.6135,0.14314
-4.7445,0.046792
-4.6034,0.15163
-4.774,-0.086479
-4.5647,-0.2685
-4.7337,0.071312
-4.7183,-0.20231
-4.7284,0.073677
-4.774,-0.086479
-4.774,-0.086479
-4.7092,-0.046583
-4.5482,0.15172
-4.774,-0.086479
-4.3757,-0.15483
-4.6034,0.15163
-4.3891,0.066565
-4.7635,0.0077637
-4.3757,-0.15483
-4.3757,-0.15483
-4.774,-0.086531
-4.7291,0.074563
-4.774,-0.086479
-4.4452,-0.20074
-4.7588,0.026085
-4.7736,-0.077048
-4.3757,-0.15483
-4.3757,-0.15483
-4.3757,-0.15483
-4.551,0.15117
-4.5647,-0.2685
-4.5846,0.15316
-4.6034,0.15163
-4.5647,-0.2685
-4.774,-0.086479
-4.5551,0.15455
-4.5647,-0.2685
-4.3757,-0.15483
-4.5647,-0.2685
-4.4237,-0.18158
-4.5489,0.15176
-4.3757,-0.15483
-4.5482,0.15172
-4.676,-0.23513
-4.6161,0.14713
-4.6914,-0.22371
-4.5647,-0.2685
-4.7171,0.090427
-4.421,-0.21223
313.14,2.7157
-4.5647,-0.2685
-4.6611,0.11841
-4.6705,-0.23912
-4.5506,0.15135
-4.5503,0.15345
-4.7445,0.050124
-4.6161,0.14713
-4.3757,-0.15483
-4.6135,0.14314
-4.5647,-0.2685
-4.5647,-0.2685
-4.5645,-0.056995
-4.774,-0.086531
-4.774,-0.086479
-4.6334,-0.25515
-4.6219,-0.041354
-4.774,-0.086479
-4.3575,-0.1034
-4.774,-0.086479
-4.774,-0.086479
-4.6034,0.15065
-4.3757,-0.15483
-4.7194,-0.20172
-4.6678,-0.24265
-4.5486,0.15228
-4.3757,-0.15483
-4.3837,-0.033685
-4.7647,-0.12268
-4.7386,-0.17639
-4.5647,-0.2685
-4.3757,-0.15483
-4.7008,0.091995
-4.5536,0.15334
-4.774,-0.086479
-4.7756,-0.069946
-4.716,-0.20478
-4.6181,0.13797
-4.3757,-0.15483
-4.6103,0.15058
-4.3757,-0.15483
-4.7725,-0.087644
-4.7068,-0.21403
-4.6839,-0.034933
-4.7194,0.086551
-4.5647,-0.2685
-4.359,-0.10708
-4.5773,0.15226
-4.6722,0.1183
-4.359,-0.10708
-4.6637,0.098549
-4.7725,-0.087589
-4.704,-0.21657
-4.5647,-0.2685
-4.5512,0.15165
-4.5482,0.15172
-4.5846,0.15316
-4.5524,0.15291
-4.6307,0.144
-4.5511,0.15341
-4.4442,-0.097566
-4.7183,-0.20231
-4.6666,-0.24126
-4.3757,-0.15483
-4.4227,-0.20504
-4.3757,-0.15483
-4.7386,-0.17639
-4.6712,-0.23864
-4.5499,0.15251
-4.774,-0.086479
-4.6666,-0.24127
-4.5647,-0.2685
-4.3694,-0.13852
-4.6666,-0.24127
-4.6765,0.12312
-4.7725,-0.087644
-4.6121,-0.22644
-4.5823,0.15482
-4.7396,0.052627
-4.3757,-0.15483
-4.774,-0.086531
-4.6034,0.15163
-4.7659,0.00014319
-4.5647,-0.2685
-4.6666,-0.24127
-4.774,-0.086479
-4.5647,-0.2685
-4.7725,-0.087589
-4.6676,-0.24074
-4.7096,-0.21093
-4.774,-0.086479
-4.7685,-0.0024689
-4.774,-0.086479
-4.5647,-0.2685
-4.6785,-0.23597
-4.3757,-0.15483
-4.415,0.017825
-4.718,0.090941
-4.457,-0.0084699
-4.5647,-0.2685
-4.3757,-0.15483
-4.7104,-0.052619
-4.5647,-0.2685
-4.774,-0.086479
-4.7326,0.072175
-4.5716,0.15489
-4.7094,-0.21135
-4.6727,-0.23783
-4.6045,0.15054
-4.6161,0.14713
-4.774,-0.086479
-4.4787,0.10405
-4.5647,-0.2685
-4.3757,-0.15483
-4.7474,-0.16397
-4.4215,-0.047969
-4.3757,-0.15483
-4.7386,-0.17639
-4.7072,-0.21371
-4.5647,-0.2685
-4.4152,0.024623
-4.633,0.12014
-4.5647,-0.2685
-4.7386,-0.17639
-4.3779,-0.1607
-4.7402,-0.17393
-4.5647,-0.2685
-4.5647,-0.2685
-4.6316,0.14384
-4.6973,0.083912
-4.3757,-0.15483
-4.6691,0.1207
-4.4376,-0.18799
-4.3972,0.063634
-4.5482,0.15172
-4.4383,-0.18503
-4.7386,-0.17639
-4.5042,-0.25813
-4.774,-0.086479
-4.4401,-0.1874
-4.5771,0.15225
-4.7697,-0.0069891
-4.5482,0.15172
-4.5647,-0.2685
-4.4322,-0.17124
-4.5647,-0.2685
-4.7096,-0.21093
-4.3757,-0.15483
-4.7279,-0.10539
-4.5673,0.13627
-4.729,0.074601
-4.6666,-0.24127
-4.6034,0.15163
-4.6709,-0.23886
-4.6034,0.15163
-4.3757,-0.15483
-4.7402,-0.17393
-4.774,-0.086479
-4.774,-0.086479
-4.5951,0.14058
-4.774,-0.086479
-4.6485,0.11464
-4.7725,-0.087589
-4.3757,-0.15483
-4.6901,-0.018555
-4.5483,0.15122
-4.5533,0.15242
-4.774,-0.086531
-4.7679,-0.00034693
-4.7101,-0.052783
-4.774,-0.086479
-4.774,-0.086479
-4.6313,0.14349
-4.5647,-0.2685
-4.4776,-0.036639
-4.5647,-0.2685
-4.7637,0.007213
-4.4259,0.031163
-4.5482,0.15172
-4.5486,0.15225
-4.5647,-0.2685
-4.7627,0.010205
-4.774,-0.086479
-4.774,-0.086479
-4.3757,-0.15428
-4.6709,0.12441
-4.774,-0.086479
-4.5647,-0.2685
-4.7386,-0.17639
-4.7666,-0.11995
-4.7753,-0.0746
-4.5497,0.15157
-4.6642,-0.11286
-4.3757,-0.15483
-4.774,-0.086479
-4.5647,-0.2685
-4.5647,-0.2685
-4.774,-0.086531
-4.6034,0.15065
-4.5487,0.1523
-4.6676,-0.24074
-4.6036,0.15065
-4.774,-0.086479
-4.5647,-0.2685
-4.5506,0.15135
-4.7194,0.086551
-4.3601,-0.11128
-4.774,-0.086479
-4.6062,0.14529
-4.7725,-0.087377
-4.5482,0.15172
-4.3757,-0.15483
-4.3757,-0.15483
-4.5482,0.15172
-4.362,-0.11802
-4.6057,0.15067
-4.7386,-0.17639
-4.6007,0.15291
-4.5511,0.15341
-4.7725,-0.087589
-4.6894,-0.2253
-4.7627,0.010205
-4.7386,-0.17639
-4.3757,-0.15483
-4.6766,0.12314
-4.3898,-0.047017
-4.6682,0.12771
-4.6034,0.15065
-4.55,0.15191
-4.3932,0.066444
-4.6667,0.12571
-4.691,0.091267
-4.7194,-0.20172
-4.6507,0.11089
-4.439,-0.19447
-4.7015,0.09293
-4.774,-0.086479
-4.4297,-0.18374
-4.3843,0.041714
-4.7599,0.023178
-4.3757,-0.15483
-4.3757,-0.15483
-4.3802,0.060672
-4.6121,-0.22644
-4.7156,-0.20532
-4.726,0.075575
-4.5647,-0.2685
-4.5645,-0.057055
-4.5647,-0.2685
-4.6288,0.14269
-4.6069,0.15033
-4.6669,0.12485
-4.6666,-0.24127
-4.7355,-0.18205
-4.7106,-0.048118
-4.3757,-0.15483
-4.6065,0.15033
-4.7725,-0.087734
-4.5647,-0.2685
-4.774,-0.086479
-4.3918,-0.019237
-4.5501,0.15328
-4.678,0.12373
-4.7725,-0.087589
-4.549,0.15178
-4.774,-0.086479
-4.7126,0.090027
-4.5513,0.15272
-4.7061,0.08561
-4.4368,-0.18465
-4.5084,-0.25931
-4.6713,-0.23867
-4.7726,-0.087476
-4.6121,-0.22644
-4.6034,0.15163
-4.7386,-0.17639
-4.7096,-0.21093
-4.3611,-0.11499
-4.5551,0.15455
-4.4271,-0.22035
-4.7184,0.09092
-4.7075,0.080193
-4.3757,-0.15483
-4.4353,-0.033252
-4.6788,-0.23579
-4.3757,-0.15483
-4.4449,-0.19635
-4.7386,-0.17639
-4.6932,0.092314
-4.3757,-0.15483
-4.6164,-0.26194
-4.5647,-0.2685
-4.7588,0.026085
-4.5522,0.15301
-4.5647,-0.2685
-4.774,-0.086479
-4.7277,0.013055
-4.6712,-0.23865
-4.3757,-0.15483
-4.74,-0.17418
-4.774,-0.086479
-4.7341,0.071042
-4.7096,-0.21093
-4.6664,0.12626
-4.7386,-0.17639
-4.7097,-0.21135
-4.774,-0.086479
-4.6121,-0.22644
-4.7402,0.053205
-4.6349,-0.25543
-4.3757,-0.15483
-4.774,-0.086479
-4.6666,-0.24127
-4.717,0.091493
-4.5647,-0.2685
-4.7412,-0.17238
-4.7254,0.076273
-4.6666,-0.24127
-4.3757,-0.15483
-4.774,-0.086479
-4.6685,0.12634
-4.3757,-0.15483
-4.5018,-0.25734
-4.774,-0.06794
