-1.9353,0.08194
-1.5844,-0.13156
-1.7699,-0.23015
-1.8616,0.14967
-1.7714,-0.2304
-1.6056,0.082697
-1.6001,0.076499
-1.7714,-0.2304
-1.9447,0.063871
-1.6065,0.082034
-1.5953,0.062813
-1.9667,-0.035716
-1.867,0.14711
-1.6165,-0.0017668
-1.6205,0.079786
-1.8511,-0.21206
-1.6427,-0.19036
-1.647,-0.080271
-1.9639,0.0052642
-1.6777,-0.21153
-1.5956,-0.026764
-1.8511,-0.21199
-1.6056,0.082725
14.428,0.12954
219.62,3.1193
-1.6037,0.080446
-1.5999,0.077075
17.256,0.15973
-1.8777,0.14058
-1.5972,0.01256
-1.5839,-0.12665
-1.9398,0.081419
-1.6,0.077114
-1.8237,-0.047798
-1.5793,0.037773
-1.7619,-0.028008
-1.65,-0.09979
-1.6557,0.13246
-1.7714,-0.2304
-1.6588,-0.20144
-1.958,-0.088271
-1.9447,0.063871
-1.9447,0.063871
-1.8821,0.13765
-1.6027,0.0010705
-1.8755,-0.057578
-1.764,-0.027394
-1.7637,-0.02725
177.41,3.326
-1.6812,0.1144
-1.5861,0.043579
-1.8651,-0.11042
-1.7638,-0.027137
-1.8344,0.11872
-1.8134,0.13855
-1.6062,-0.10958
-1.611,-0.098604
-1.6062,-0.10958
-2.7194,-0.036894
-1.7854,-0.027741
-1.6143,0.068017
-1.8007,0.17084
-1.7619,-0.028013
-1.785,-0.027857
-0.46293,-0.028946
-1.5932,0.061235
206.11,2.8899
-1.7917,-0.027715
-1.93,-0.14855
-1.7679,-0.027893
-1.9656,-0.0071705
-1.7629,-0.027709
0.28818,-0.02536
-1.847,-0.046032
-1.7701,-0.23018
-1.5933,0.061279
-1.7662,-0.027684
-1.7717,-0.23005
-1.8172,-0.04256
-1.9447,0.063871
-1.9447,0.063871
-1.5843,-0.13167
-1.8771,0.14077
-1.8359,-0.052098
-1.7637,-0.0274
-1.6061,0.0169
-1.7629,-0.027501
-1.5941,0.062421
-1.5925,0.06045
-1.584,-0.12702
-1.658,-0.027089
-1.9447,0.063871
-1.5843,-0.13167
-1.6346,-0.10054
-1.624,0.019045
-1.9447,0.063871
-1.9612,0.018938
-1.6114,0.0097184
-1.961,-0.0774
-1.7714,-0.2304
-1.867,0.14711
-1.5839,-0.1267
-1.7021,0.15959
-1.9447,0.063871
-1.9447,0.063871
-1.9668,-0.024982
-1.9447,0.063871
-1.7629,-0.027427
-1.6369,-0.097797
-1.7849,0.12641
-1.9447,0.063871
-1.7716,-0.23061
-1.9626,0.012439
-1.9447,0.063871
-1.961,-0.0774
-1.9518,0.047289
-1.8796,0.13941
-1.9447,0.063871
-1.7591,-0.027549
-1.9447,0.063871
-1.6631,-0.060724
-1.9518,0.047162
-1.9653,-0.0050111
-1.7515,-0.027285
-1.9602,-0.080643
-1.9447,0.063871
-1.7625,-0.027444
-1.8656,-0.098118
-1.7599,-0.027675
-1.7762,0.11475
-1.7704,-0.23038
-1.9447,0.063871
-1.5839,-0.1267
-1.9447,0.063871
215.22,2.9932
-1.9447,0.063871
-1.9447,0.063871
-1.9447,0.063871
-1.7695,-0.23004
-1.7694,-0.23016
-1.8498,0.1551
-1.7717,-0.23005
-1.5941,0.062421
-1.9447,0.063871
-1.7714,-0.2304
-1.7714,-0.2304
-1.7714,-0.2304
-1.7714,-0.2304
-1.6805,-0.21285
-1.7714,-0.2304
-1.9666,-0.01881
-1.9447,0.063871
-1.828,0.096342
-1.6979,-0.027591
-1.5839,-0.12665
-1.9457,-0.12214
-1.7645,-0.027227
-1.5941,0.062421
-1.9339,0.083749
116.73,1.2926
-1.6172,0.0097174
-1.6844,-0.21453
345.28,5.7392
-1.5843,-0.13167
-1.8152,0.10979
-1.9524,-0.1083
-1.8493,-0.063568
-1.6155,-0.0041395
-1.7628,-0.027557
-1.8012,-0.22627
-1.9447,0.063871
-1.9447,0.063871
-1.9327,-0.14316
-1.6626,0.049097
-1.5839,-0.12665
-1.6135,0.064032
-1.7629,-0.02762
-1.9626,0.01237
-1.657,0.092713
251.05,3.7581
-1.9447,0.063871
88.05,0.92481
-1.5941,0.062421
-1.5953,-0.022909
-1.9447,0.063871
-1.7627,-0.027423
-1.879,0.13982
88.301,0.92844
-1.9666,-0.01881
-1.1489,0.0095106
-1.7036,0.080752
-1.6151,-0.0040505
-1.8693,-0.057218
-1.6162,0.04331
-1.8588,-0.050983
-1.7642,-0.027379
-1.7636,0.13137
-1.5839,0.04804
87.901,0.92386
-1.7632,-0.027334
-1.9447,0.063871
-1.867,0.14711
-1.9447,0.063871
-1.647,0.12696
-1.775,0.15989
-1.781,0.15888
-1.6475,0.12712
-1.775,0.15989
-1.5966,-0.14707
-1.5963,-0.019852
-1.782,0.18696
-1.6124,0.12333
251.01,3.7582
456.13,8.6237
-1.9158,-0.17247
-1.784,0.10822
-1.5941,0.062421
-1.9447,0.063871
-1.8801,0.139
-1.7621,-0.02715
-1.7637,-0.027455
-1.9447,0.063871
-1.6991,-0.036148
116.75,1.2932
-1.9447,0.063871
-1.8511,-0.21195
-1.9447,0.063871
-1.9447,0.063871
-1.9447,0.063871
-1.9447,0.063871
-1.5932,-0.019154
-1.9447,0.063871
-1.9447,0.063871
-1.9447,0.063871
-1.9447,0.063871
-1.763,-0.027441
-1.7636,0.13137
-1.9447,0.063871
-1.8761,-0.19884
-1.9447,0.063871
-1.9447,0.063871
-1.9447,0.063871
-1.5947,-0.02307
-1.9457,-0.12214
-1.9655,-0.0067404
-1.9447,0.063871
-1.7629,-0.027555
-1.5844,-0.13162
-1.9447,0.063871
-1.9447,0.063871
-1.9447,0.063871
-0.53099,-0.048311
-1.9447,0.063871
-1.9601,-0.081098
-1.9602,-0.080642
-59.631,-0.44174
-1.5918,0.060351
-1.763,-0.027257
-1.9447,0.063871
-1.9284,-0.14906
-1.7951,-0.035592
-1.8794,0.13944
-1.9447,0.063871
-1.762,-0.02713
-1.8203,-0.046447
-1.9626,0.012439
-61.124,-0.45384
217.23,3.0304
-1.9447,0.063871
-1.7832,0.17948
-1.5766,0.04588
-1.7714,-0.2304
-1.6281,-0.1177
-1.8223,-0.042903
-1.8369,0.15919
-1.9447,0.063871
-1.9447,0.063871
-1.7697,-0.2299
-1.9447,0.063871
-1.9447,0.063871
-1.6137,-0.010191
-1.9626,0.012442
-1.9447,0.063871
-1.7697,-0.2299
-1.5841,-0.12693
-1.6847,-0.21461
-1.9447,0.063871
-1.9447,0.063871
-1.7697,-0.2299
-1.6172,0.0097174
-1.8016,-0.22642
-1.7697,-0.2299
-1.5949,-0.023025
-1.9632,0.0090705
-1.7697,-0.2299
-1.9447,0.063871
-1.7226,-0.028124
-1.7697,-0.2299
-1.8511,-0.21206
-1.5839,-0.12664
-1.8542,-0.02818
-1.7697,-0.2299
-1.7697,-0.2299
-1.9447,0.063871
-1.9447,0.063871
-1.7697,-0.2299
-1.9284,-0.14898
-1.7697,-0.2299
-1.7104,0.062239
-1.8448,-0.045552
-1.9447,0.063871
-1.9447,0.063871
-1.9447,0.063871
-1.7697,-0.2299
-1.7697,-0.2299
-1.8676,0.14685
-1.6199,0.069317
-1.9604,0.021899
-1.7697,-0.2299
-1.7697,-0.2299
-1.7697,-0.2299
-1.5941,0.062421
-1.9447,0.063871
-1.9447,0.063871
-1.8182,0.11702
-1.7697,-0.2299
-1.9447,0.063871
-1.7714,-0.2304
-1.7714,-0.2304
-1.7714,-0.2304
-1.7714,-0.2304
-1.7714,-0.2304
-1.9447,0.063871
-1.9447,0.063871
-1.5941,0.062421
-1.9447,0.063871
-1.5941,0.062421
-1.9447,0.063871
-26.523,-0.20403
-1.9447,0.063871
-1.9447,0.063871
-1.9447,0.063871
-1.9447,0.063871
-1.6378,-0.094876
-1.9447,0.063871
-1.5956,-0.02676
-1.961,-0.077399
-1.9447,0.063871
-1.9599,-0.081678
-1.9447,0.063871
-1.9447,0.063871
-1.9447,0.063871
-1.9447,0.063871
-1.9447,0.063871
-1.9447,0.063871
-1.9447,0.063871
-58.587,-0.40504
-1.7622,-0.02752
-1.8681,0.14657
-1.8511,-0.21206
-1.9447,0.063871
-1.9447,0.063871
-1.8071,-0.035209
88.217,0.9272
-1.9668,-0.03232
-1.9447,0.063871
-1.7646,-0.027224
-1.9624,-0.07078
-1.6841,-0.036289
-1.595,-0.0231
-1.9447,0.063871
-1.9626,0.01237
-1.5842,-0.13119
-1.9447,0.063871
-1.9447,0.063871
-1.9447,0.063871
-1.8511,-0.212
-1.8624,-0.051988
-1.9447,0.063871
-1.5843,-0.13167
-1.5947,-0.02307
-1.5915,-0.0080802
-1.881,0.13838
-1.9447,0.063873
-1.8794,0.13944
-1.9666,-0.01881
-1.9447,0.063871
-1.8351,-0.051818
-1.9447,0.063871
-7.8161,-0.084869
-1.9447,0.063871
17.846,0.1671
-1.7701,-0.23018
-1.7636,0.13137
-1.5839,-0.12666
-1.9327,-0.14322
87.987,0.9482
-1.9626,0.012439
-1.9666,-0.018964
-67.359,-0.79562
-1.8016,-0.22643
-1.9513,-0.11111
308.39,4.8948
-1.9599,-0.081678
-1.9447,0.063871
65.87,0.65737
-1.9447,0.063871
-1.5938,-0.022597
-1.7629,-0.02758
-1.8267,-0.050244
-1.5848,0.047908
-1.4639,-0.027991
-1.5945,0.062565
-1.9656,-0.0071705
-1.7953,0.10231
-1.9447,0.063871
-1.8505,0.15921
-1.9666,-0.01881
-1.5966,0.062448
-1.7625,-0.02756
-1.8511,-0.21204
-1.9447,0.063871
-1.9447,0.063871
-1.826,-0.05338
-1.592,0.060283
-1.9666,-0.01881
-1.9447,0.063873
278.63,4.3411
-1.9447,0.063871
-1.7629,-0.027548
-1.9447,0.063871
-1.7623,-0.027433
-1.9583,-0.087527
-1.9447,0.063871
-1.7714,-0.23039
-1.5839,-0.1267
-1.7714,-0.23039
-1.5841,-0.12698
-1.763,-0.027368
-1.7626,-0.02742
-1.8615,0.1497
-1.9668,-0.024914
-1.9447,0.063871
220.1,3.0946
-1.5861,-0.12467
-1.9596,-0.082893
-1.414,-0.033995
-1.8761,-0.19887
-1.5839,-0.12661
-1.5839,-0.12666
-1.8511,-0.21204
-1.5941,0.062421
-1.9447,0.063871
-1.9447,0.063871
-1.9977,-0.0352
-1.6785,-0.21187
-1.864,-0.05938
-1.7704,-0.23065
-1.6423,-0.09909
-1.9447,0.063871
-1.5914,-0.1339
-1.9079,-0.15961
-1.7654,-0.027165
150.68,1.8393
-1.6703,0.14913
-1.7635,-0.027532
-1.8761,-0.1989
-1.6015,0.002231
-1.8194,0.16456
-1.8194,0.16456
-1.8194,0.16456
-1.5841,0.071413
-1.6857,-0.21504
-1.5722,-0.098028
-1.9582,-0.087806
-1.7709,-0.22992
-1.5722,-0.098028
-1.6857,-0.21504
-1.8795,0.13948
-1.6102,-0.16231
-1.8075,0.14595
-1.8511,-0.21197
-1.8789,0.13992
-1.6857,-0.21504
-1.9289,0.091063
-1.5814,0.068983
-1.6857,-0.21504
-1.6857,-0.21504
-1.9582,-0.087806
-1.8789,0.13992
-1.6857,-0.21504
-1.5873,0.074454
-1.9582,-0.087806
-1.5845,0.07074
-1.6857,-0.21504
177.21,3.3138
323.11,5.2899
-1.9447,0.063871
-1.7623,-0.027714
-1.5941,0.062421
-1.9447,0.063871
15.627,0.55646
-1.8071,-0.035209
-2.519,-0.032567
-1.7867,-0.02946
-1.9283,-0.14918
-1.7614,-0.027548
-1.7609,-0.027615
-1.7216,-0.027437
0.72906,-0.011716
-1.6294,-0.10561
-1.9313,-0.14758
-1.8789,0.13992
-1.8789,0.13992
-1.8789,0.13992
-1.7818,0.17305
-1.8789,0.13992
-1.8789,0.13992
-1.567,0.028893
-1.9595,-0.083332
-1.8789,0.13992
-1.5722,-0.098028
-1.9461,0.060898
-1.9447,0.063871
-1.9311,0.087664
-1.7714,-0.2304
-1.5842,-0.12682
-1.7714,-0.2304
-1.9668,-0.023918
-1.583,-0.027247
-1.7714,-0.2304
-1.9447,0.063871
-1.9552,0.041131
-1.6206,-0.1124
-1.7698,-0.2299
-1.8848,-0.19269
-1.7698,-0.2299
-1.6825,-0.21367
-1.8848,-0.19269
-1.77,-0.23018
-1.7714,-0.2304
-1.9461,0.060898
-1.851,-0.21215
-1.6582,-0.201
-1.7964,-0.026176
-64.169,-0.44543
-1.584,-0.12698
-1.39,-0.024404
-1.9667,-0.035716
-1.6457,-0.092232
-1.6463,-0.081328
-1.7994,-0.028059
-1.8682,0.14649
-1.7889,0.16563
-1.8822,0.13751
-1.7705,-0.23038
-2.5221,-0.027376
-1.9667,-0.035716
-2.8881,-0.036924
-1.584,-0.12698
-1.7656,-0.027625
-1.7716,-0.23038
-1.7714,-0.2304
-1.7714,-0.2304
-1.7637,-0.027462
-1.9667,-0.035716
-1.584,-0.12698
-1.6594,0.088554
-1.7714,-0.2304
-1.5842,-0.12684
65.739,0.65526
-1.7714,-0.2304
-1.7627,-0.027479
-1.7169,0.096024
-1.7713,-0.23065
-1.7583,-0.027591
177.23,3.2773
-63.212,-0.43733
-1.764,-0.027344
-1.7704,-0.23068
-1.9582,-0.087806
-1.9582,-0.087806
-1.9582,-0.087806
-1.9582,-0.087806
-1.9582,-0.087806
-1.9582,-0.087806
-1.9582,-0.087806
-1.9582,-0.087806
-1.9582,-0.087806
-1.9582,-0.087806
-1.9582,-0.087806
-1.9582,-0.087806
-1.9582,-0.087806
-1.9582,-0.087806
-1.9582,-0.087806
-1.9582,-0.087806
-1.7052,0.11459
-1.9623,0.013581
-1.9582,-0.087806
-1.8794,0.14349
-1.9582,-0.087806
-1.8781,0.14043
-1.9582,-0.087806
-1.9582,-0.087806
-1.9327,-0.14318
-1.9582,-0.087806
-1.6214,0.038988
-1.9582,-0.087806
-1.9303,-0.1487
-1.9582,-0.087806
-1.9668,-0.033283
-1.9582,-0.087806
-1.9582,-0.087806
-1.9582,-0.087806
-1.9582,-0.088873
-1.9582,-0.087806
-1.9582,-0.087806
-1.9293,-0.14919
-1.9582,-0.087806
-1.9582,-0.087806
-1.9582,-0.087806
-1.9582,-0.087806
-1.9582,-0.087804
-1.9582,-0.087806
-1.9582,-0.087806
-1.9582,-0.087806
-1.9582,-0.087806
-1.9562,0.038252
-1.9293,0.090246
-1.6141,0.11776
-1.633,-0.087473
-1.9666,-0.018964
-1.5981,0.022195
-1.6056,0.082693
-1.7714,-0.2304
217.33,3.0319
-1.7641,-0.027172
-1.8786,0.14002
-1.7628,-0.027206
-1.8788,0.13993
-1.8249,-0.037924
150.52,1.8352
-1.6645,0.1111
-1.6256,0.02781
-1.7628,-0.027498
-1.5839,-0.12667
-1.9518,0.047162
-1.5839,-0.1267
345.23,5.7388
-1.6752,-0.21025
-63.453,-0.43962
-1.9326,-0.14286
-1.7624,-0.027593
-1.6056,0.082697
-1.5987,0.075738
-1.7813,0.12433
-1.7714,-0.2304
-1.6053,0.079228
-51.692,-0.35822
-1.6101,0.046801
-1.7714,-0.2304
-1.6001,0.076499
-1.6635,-0.040935
-1.6002,0.077159
-1.8822,0.13754
-1.584,-0.127
-1.584,-0.127
206.39,2.8909
-1.853,-0.056466
-1.653,-0.058097
161.88,2.1119
-1.7714,-0.2304
-1.7714,-0.2304
-1.7714,-0.2304
-1.8775,0.14086
-1.958,-0.088271
-1.7707,-0.23018
544.08,11.086
-66.808,-0.50342
-1.8662,-0.05293
-1.6242,-0.17423
-1.6242,-0.17423
-1.6242,-0.17423
-1.6242,-0.17423
-1.6589,-0.20155
-1.6242,-0.17423
-1.6242,-0.17423
-1.6242,-0.17423
-1.6242,-0.17423
-1.6242,-0.17423
-1.6628,-0.20334
-1.6242,-0.17423
-1.7618,-0.028005
-1.6242,-0.17423
-1.7714,-0.2304
-1.5771,-0.13106
-1.7714,-0.2304
-1.7714,-0.2304
-1.8689,-0.084451
-1.5781,-0.13107
-1.7714,-0.2304
-1.7619,-0.02801
-1.762,-0.028005
-1.7714,-0.2304
-1.762,-0.028011
-1.5759,-0.13038
-1.576,-0.13055
-1.8429,0.16033
-1.7708,-0.22991
-1.7621,-0.02801
-1.7619,-0.02801
-1.7714,-0.2304
-1.7708,-0.22991
-1.9668,-0.028584
-1.8565,0.13101
-1.7619,-0.028011
-1.5994,0.048534
-1.7619,-0.02801
-1.7708,-0.22991
-1.7714,-0.2304
-1.7709,-0.22992
-1.7709,-0.22992
-1.8789,0.13992
-1.6741,-0.20941
-1.7714,-0.2304
-1.7709,-0.22992
-1.7708,-0.22991
-1.7709,-0.23039
-1.7714,-0.2304
-1.7714,-0.2304
-1.9658,-0.0081721
-1.7709,-0.22992
-1.7619,-0.028011
-1.7714,-0.2304
-1.7619,-0.028011
-1.9211,-0.15228
-1.7619,-0.02801
-1.9211,-0.15228
-1.7714,-0.2304
-1.7619,-0.02801
-1.9211,-0.15228
-1.9211,-0.15228
-1.7619,-0.02801
-1.6715,0.15047
-1.9107,-0.16556
104.79,1.127
-1.7619,-0.02801
-1.7714,-0.2304
-1.7714,-0.2304
-1.7714,-0.2304
-1.584,-0.127
-1.5918,0.060819
-1.7708,-0.22991
-1.7714,-0.2304
-1.6857,-0.21504
-1.7714,-0.2304
-1.6082,0.045769
-1.6857,-0.21504
-1.6741,-0.20941
-1.7714,-0.2304
-1.7714,-0.2304
-1.7714,-0.2304
-1.6741,-0.20941
-1.8809,0.13848
-1.5839,-0.12667
-1.5839,-0.12667
-1.7714,-0.2304
-1.6138,0.031656
-1.7714,-0.2304
-1.8809,0.13848
-1.7714,-0.2304
-1.6857,-0.21504
-1.8489,0.15577
-1.6082,0.045769
-1.7714,-0.2304
-1.9328,-0.14298
-1.7714,-0.2304
-1.8809,0.13848
-1.9639,0.0052922
-1.6852,-0.21481
-1.8789,0.13992
-1.7714,-0.2304
-1.9668,-0.024066
-1.5839,-0.12667
-1.6741,-0.20941
-1.7714,-0.2304
-1.7714,-0.2304
-1.6857,-0.21504
-1.8775,0.1408
-1.9658,-0.0081721
-1.7714,-0.2304
-1.7714,-0.2304
-1.5842,-0.12692
-1.7714,-0.2304
-1.9328,-0.14298
-1.7714,-0.2304
-1.5839,-0.12667
-1.8809,0.13848
-1.7708,-0.22991
-1.6741,-0.20941
-1.7714,-0.2304
-1.7709,-0.23039
-1.7714,-0.2304
-1.7714,-0.2304
-1.6741,-0.20941
-1.7706,-0.22993
-1.7714,-0.2304
-1.7714,-0.2304
-1.8775,0.1408
-1.7714,-0.2304
-1.8775,0.1408
-1.7714,-0.2304
-1.8809,0.13848
-1.5839,-0.12667
-1.7709,-0.22992
-1.6741,-0.20941
-1.7708,-0.22991
-1.8809,0.13848
-1.7714,-0.2304
-1.6741,-0.20941
-1.9505,0.050392
-1.7708,-0.22991
-1.8809,0.13848
-1.8775,0.1408
-1.6453,0.020111
-1.7714,-0.2304
-1.7714,-0.2304
-1.6741,-0.20941
-1.5839,-0.12667
-1.6741,-0.20941
-1.6741,-0.20941
-1.7714,-0.2304
-1.8809,0.13848
-1.7714,-0.2304
-1.6741,-0.20941
-1.7714,-0.2304
-1.7709,-0.22992
-1.7714,-0.2304
-1.8809,0.13848
-1.7714,-0.2304
-1.6741,-0.20941
-1.6857,-0.21504
-1.8775,0.1408
-1.6741,-0.20941
-1.7714,-0.2304
-1.7708,-0.22991
-1.6741,-0.20941
-1.9658,-0.0081721
-1.7714,-0.2304
-1.7709,-0.22992
-1.7714,-0.2304
-1.6083,0.045828
-1.8789,0.13986
-1.7714,-0.2304
-1.9658,-0.0081721
-1.7714,-0.2304
-1.8775,0.1408
-1.7714,-0.2304
-1.8809,0.13848
-1.6741,-0.20941
-1.8809,0.13848
-1.7714,-0.2304
-1.7714,-0.2304
-1.8809,0.13848
-1.7714,-0.2304
-1.6741,-0.20941
-1.7714,-0.2304
-1.6741,-0.20941
-1.9656,-0.0072751
-1.7714,-0.2304
-1.7714,-0.2304
-1.7714,-0.2304
-1.7714,-0.2304
-1.7714,-0.2304
-1.7714,-0.2304
-1.7708,-0.22991
-1.7714,-0.2304
-1.6857,-0.21504
-1.7714,-0.2304
-1.9658,-0.0081721
-1.7714,-0.2304
-1.7714,-0.2304
-1.6741,-0.20941
-1.5839,-0.12667
-1.6741,-0.20941
-1.8809,0.13848
-1.8753,0.14218
360.98,6.202
-1.7649,-0.027183
-1.7807,-0.027852
-1.6174,-0.12431
-1.7638,-0.02743
-1.598,0.046423
88.016,0.92446
-44.112,-0.19417
-1.5951,0.017797
-1.6851,0.056845
-1.6054,0.057279
-1.5865,-0.026313
-1.6466,0.088655
-1.7708,-0.22991
-1.7714,-0.2304
150.7,1.8388
-1.7779,0.10273
-1.6224,0.091337
-1.6093,0.045518
217.37,3.033
65.551,0.69708
-60.097,-0.4107
161.52,2.0695
65.321,0.67077
-1.7637,-0.027431
-1.762,-0.027248
-1.8372,0.11892
-1.7634,-0.027385
-1.7598,-0.027224
-1.549,-0.026613
-1.592,0.0020161
-1.9517,0.047408
-1.592,0.0020161
-1.9517,0.047408
-1.7633,-0.027315
-1.9517,0.047408
-1.9517,0.047408
-1.8809,0.13848
-1.9517,0.047408
-1.592,0.0020161
-1.592,0.0020161
-1.9517,0.047408
-1.5996,0.076411
-1.8809,0.13848
-1.9517,0.047408
-1.9517,0.047408
-1.9517,0.047408
-1.592,0.0020161
-1.9517,0.047408
-1.6741,-0.20941
-1.6165,-0.11858
-1.5948,-0.12662
-1.592,0.0020161
-1.9517,0.047408
-1.9517,0.047408
-1.9517,0.047408
-1.8809,0.13848
-1.7088,-0.029819
-1.9517,0.047408
-1.8809,0.13848
-1.9517,0.047408
-1.602,-0.10915
-1.6328,-0.041338
-1.8809,0.13848
-1.9517,0.047408
-1.8809,0.13848
-1.592,0.0020161
-1.6153,0.04064
-1.6741,-0.20941
-1.9664,-0.014341
-1.9517,0.047408
-1.8809,0.13848
-1.6165,-0.11858
-1.8011,-0.11931
-1.9664,-0.014341
-1.8809,0.13848
-1.592,0.0020161
-1.8809,0.13848
-1.9517,0.047408
-1.9517,0.047408
-1.9517,0.047408
-1.7828,-0.026385
-1.592,0.0020161
-1.8809,0.13848
-1.592,0.0020161
-1.8775,0.1408
-1.9517,0.047408
-1.8809,0.13848
-1.8809,0.13848
-1.9517,0.047408
-1.8809,0.13848
-1.8809,0.13848
-1.9517,0.047408
-1.6741,-0.20941
-1.9442,-0.12415
-1.9517,0.047408
-1.9517,0.047408
-1.9517,0.047408
-1.9517,0.047408
-1.8809,0.13848
-1.592,0.0020161
-1.6054,0.087162
-1.8809,0.13848
-1.6149,0.036504
-1.7647,-0.02769
-1.9517,0.047408
-1.9517,0.047408
-1.6741,-0.20941
-1.7703,-0.2302
-1.801,0.14316
-1.7703,-0.2302
-1.7703,-0.2302
-1.7703,-0.2302
-1.6043,0.087796
-1.7703,-0.2302
-1.5842,-0.12682
-1.5839,-0.12672
-1.9517,0.047408
-1.9517,0.047408
-1.9517,0.047408
-1.9517,0.047408
-1.9517,0.047408
-1.9517,0.047408
-1.5839,-0.12672
-1.9648,-0.00025535
-1.9517,0.047408
-1.9517,0.047408
-1.9517,0.047408
-1.9517,0.047408
-1.9517,0.047408
-1.9517,0.047408
-1.9517,0.047408
-1.5839,-0.12672
-1.9517,0.047408
-1.9517,0.047408
-1.9517,0.047408
-1.9517,0.047408
-1.9517,0.047408
-1.9517,0.047408
-1.9578,-0.090178
-1.9517,0.047408
-1.9517,0.047408
-1.9656,-0.007334
-1.9517,0.047408
-1.5839,-0.12672
-1.9517,0.047408
-1.9517,0.047408
-1.9517,0.047408
-1.9517,0.047408
-1.9517,0.047408
-1.9517,0.047408
-1.9517,0.047408
-1.9517,0.047408
-1.9517,0.047408
-1.9517,0.047408
-1.6857,-0.21504
-1.9517,0.047408
-1.9517,0.047408
-1.9517,0.047408
-1.9517,0.047408
-1.9517,0.047408
-1.5945,0.029682
-1.9517,0.047408
-1.5839,-0.12672
-1.9517,0.047408
-1.9517,0.047408
-1.9517,0.047408
-1.9517,0.047408
-1.9517,0.047408
-1.7714,-0.2304
-1.9517,0.047408
-1.9517,0.047408
-1.9517,0.047408
-1.9517,0.047408
-1.9517,0.047408
-1.9517,0.047408
-1.9639,0.0053346
-1.592,0.0020161
-1.9517,0.047408
-1.7714,-0.2304
-1.9517,0.047408
-1.9517,0.047408
-1.9517,0.047408
-1.5839,-0.12672
-1.7,0.064651
-1.6242,-0.17423
-1.6242,-0.17423
-1.6242,-0.17423
-1.6242,-0.17423
-1.6136,-0.16336
-1.7,0.064651
-1.6242,-0.17423
-1.7093,0.13176
-1.7093,0.13176
-1.9102,-0.16259
-1.6242,-0.17423
-1.6242,-0.17423
-1.6242,-0.17423
-1.7093,0.13176
-1.6783,-0.21182
-1.6242,-0.17423
-1.6242,-0.17423
-1.5915,-0.0080802
-1.6242,-0.17423
-1.9102,-0.16259
-1.6242,-0.17428
-1.7093,0.13176
-1.6242,-0.17423
-1.7093,0.13176
-1.6242,-0.17423
-1.9102,-0.16259
-1.6242,-0.17423
-1.6242,-0.17423
-1.7093,0.13176
-1.6242,-0.17423
-1.7093,0.13176
-1.7093,0.13176
-1.6242,-0.17423
-1.6242,-0.17423
-1.6242,-0.17423
-1.6202,0.069257
-1.6162,0.046989
-1.5921,-0.13538
-1.6242,-0.17423
-1.6242,-0.17423
-1.6242,-0.17423
-1.7093,0.13176
-1.9639,0.0053353
-1.6242,-0.17423
-1.6242,-0.17423
-1.6242,-0.17423
-1.6097,0.046817
-1.6191,0.069423
-1.6242,-0.17423
-1.6242,-0.17423
-1.6242,-0.17423
-1.6242,-0.17423
-1.6242,-0.17423
-1.6242,-0.17423
-1.7714,-0.2304
-1.7,0.064651
-1.6242,-0.17423
-1.6242,-0.17423
-1.7093,0.13176
-1.654,-0.19801
-1.6242,-0.17423
-1.6242,-0.17423
-1.6202,0.069257
-1.6242,-0.17423
-1.6242,-0.17423
-1.6242,-0.17423
-1.7,0.064651
-1.6242,-0.17423
-1.6242,-0.17423
-1.6242,-0.17423
-1.7093,0.13176
-1.6242,-0.17423
-1.9102,-0.16259
-1.6242,-0.17423
-1.6242,-0.17423
-1.6202,0.069257
-1.7093,0.13176
-1.6539,0.00059425
-1.6242,-0.17423
-1.648,0.081938
-1.7093,0.13176
-1.7093,0.13176
-1.8369,0.10183
-1.6242,-0.17423
-1.7706,-0.23065
-1.6775,0.11669
-1.5917,-0.13447
-1.6242,-0.17423
-1.7093,0.13176
-1.6242,-0.17423
-1.6242,-0.17423
-1.6242,-0.17423
-1.6813,-0.21322
-1.6242,-0.17423
-1.7714,-0.2304
-1.6444,0.077758
-1.9102,-0.16259
-1.6242,-0.17423
-1.7093,0.13176
-1.7,0.064651
-1.7093,0.13176
-1.6242,-0.17423
-1.6242,-0.17423
-1.6242,-0.17423
-1.6242,-0.17423
-1.6136,-0.16336
-1.7093,0.13176
-1.6242,-0.17423
-1.7093,0.13176
-1.673,-0.20912
-1.6242,-0.17423
-1.6242,-0.17423
-1.654,-0.19801
-1.7093,0.13176
-1.7093,0.13176
-1.6242,-0.17423
-1.6202,0.069257
-1.7,0.064651
-1.7093,0.13176
-1.6242,-0.17423
-1.6851,-0.21477
-1.6242,-0.17428
-1.6242,-0.17423
-1.6242,-0.17423
-1.7714,-0.2304
-1.6242,-0.17423
-1.654,-0.19801
-1.6242,-0.17423
-1.6242,-0.17423
-1.9601,-0.08107
-1.6242,-0.17428
-1.6242,-0.17423
-1.6242,-0.17423
-1.673,-0.20912
-1.654,-0.19801
-1.6242,-0.17423
-1.6135,-0.16304
-1.654,-0.19801
-1.6242,-0.17428
-1.6245,-0.17461
-1.6242,-0.17423
-1.6242,-0.17423
-1.6242,-0.17423
-1.654,-0.19801
-1.6242,-0.17428
-1.6242,-0.17423
-1.6242,-0.17423
-1.6242,-0.17423
-1.6242,-0.17423
-1.6242,-0.17423
-1.6242,-0.17423
-1.6242,-0.17423
-1.6242,-0.17423
-1.7534,-0.027319
-1.6242,-0.17423
-1.6242,-0.17423
-1.654,-0.19801
-1.6242,-0.17423
-1.7707,-0.23068
-1.6242,-0.17423
-1.6135,-0.16295
-1.6242,-0.17423
-1.6242,-0.17428
-1.6242,-0.17428
-1.6242,-0.17428
-1.6242,-0.17423
-1.6242,-0.17428
-1.6242,-0.17423
-1.5814,-0.12491
-1.6242,-0.17423
-1.6242,-0.17428
-1.6242,-0.17423
-1.6242,-0.17423
-1.6242,-0.17423
-1.6242,-0.17428
-1.7709,-0.23038
-1.654,-0.19801
-1.6242,-0.17423
-1.673,-0.20912
-1.6242,-0.17423
-1.6242,-0.17423
-1.6242,-0.17423
-1.6242,-0.17423
-1.6242,-0.17423
-1.6242,-0.17423
-1.6245,-0.17461
-1.6242,-0.17423
-1.6242,-0.17423
-1.6242,-0.17428
-1.6242,-0.17428
-1.5656,-0.075994
-1.6242,-0.17428
-1.6242,-0.17423
-1.7698,-0.23017
-1.6242,-0.17423
-1.6242,-0.17423
-1.6242,-0.17428
-1.6242,-0.17423
-1.654,-0.19801
-1.6242,-0.17428
-1.6242,-0.17423
-1.6242,-0.17423
-1.6242,-0.17423
-1.6851,-0.21477
-1.6242,-0.17423
-1.6604,-0.20212
-1.6242,-0.17423
-1.6242,-0.17423
-1.6242,-0.17423
-1.6242,-0.17423
-1.7619,-0.02801
-1.6242,-0.17423
-1.6242,-0.17423
-1.6242,-0.17423
-1.6242,-0.17428
-1.6242,-0.17428
-1.6242,-0.17423
-1.7704,-0.23016
-1.6242,-0.17423
-1.6604,-0.20212
-1.6242,-0.17423
-1.6242,-0.17423
-1.6242,-0.17423
-1.6242,-0.17423
-1.654,-0.19801
-1.6242,-0.17423
-1.6242,-0.17423
-1.6242,-0.17423
-1.6242,-0.17423
-1.9254,-0.14451
-1.6242,-0.17423
-1.6242,-0.17423
-1.7714,-0.2304
-1.9195,-0.15267
-1.6242,-0.17423
-1.7536,-0.027519
-1.7714,-0.2304
-1.6245,-0.17448
-1.6242,-0.17423
-1.7536,-0.027519
-1.6242,-0.17428
-1.6242,-0.17428
-1.6242,-0.17423
-1.6242,-0.17423
-1.6242,-0.17423
-1.654,-0.19801
-1.6242,-0.17428
-1.8677,0.14677
-1.6242,-0.17423
-1.6242,-0.17423
-1.6242,-0.17423
-1.6242,-0.17423
-1.8789,0.13992
-1.6242,-0.17423
-1.6242,-0.17423
-1.6242,-0.17423
-1.6242,-0.17423
-1.7549,-0.027417
-1.6242,-0.17423
-1.6242,-0.17428
-1.6242,-0.17423
-1.6242,-0.17423
-1.6242,-0.17423
-1.6242,-0.17423
-1.6242,-0.17423
-1.6242,-0.17423
-1.6242,-0.17423
-1.6242,-0.17428
-1.6242,-0.17423
-1.6242,-0.17423
-1.9195,-0.15267
-1.7714,-0.2304
-1.6242,-0.17423
-1.6242,-0.17423
-1.6242,-0.17423
-1.6242,-0.17428
-1.6242,-0.17428
-1.6242,-0.17423
-1.6242,-0.17423
-1.6242,-0.17423
-1.6242,-0.17428
-1.6242,-0.17423
-1.6242,-0.17423
-1.8789,0.13992
-1.6242,-0.17423
-1.6242,-0.17423
-1.6242,-0.17423
-1.6242,-0.17428
-1.6242,-0.17428
-1.7709,-0.23038
-1.6242,-0.17428
-1.6242,-0.17428
-1.673,-0.20912
-1.6242,-0.17423
-1.6242,-0.17423
-1.7714,-0.2304
-1.6242,-0.17423
-1.654,-0.19801
-1.6242,-0.17428
-1.8677,0.14677
-1.6851,-0.21477
-1.6242,-0.17423
-1.6242,-0.17423
-1.7714,-0.2304
-1.6242,-0.17423
-1.6242,-0.17423
-1.6242,-0.17423
-1.6242,-0.17428
-1.6242,-0.17428
-1.6242,-0.17423
-1.6242,-0.17423
-1.6242,-0.17423
-1.6242,-0.17428
-1.6242,-0.17423
-1.6242,-0.17423
-1.6314,-0.18151
-1.6242,-0.17423
-1.6242,-0.17423
-1.6604,-0.20212
-1.6242,-0.17423
-1.6242,-0.17423
-1.6242,-0.17423
-1.6242,-0.17423
-1.6242,-0.17423
-1.6242,-0.17423
-1.654,-0.19801
-1.6242,-0.17423
-1.6242,-0.17423
-1.6242,-0.17423
-1.6242,-0.17428
-1.6242,-0.17428
-1.673,-0.20912
-1.6242,-0.17423
-1.6242,-0.17423
-1.7714,-0.2304
-1.6242,-0.17423
-1.6242,-0.17423
-1.6851,-0.21477
-1.6242,-0.17423
-1.6242,-0.17423
-1.8789,0.13992
-1.6242,-0.17423
-1.6602,-0.20197
-1.6242,-0.17428
-1.6242,-0.17423
-1.6242,-0.17423
-1.9195,-0.15267
-1.654,-0.19801
-1.5917,-0.13447
-1.6242,-0.17423
-1.6242,-0.17423
-1.6242,-0.17423
-1.7536,-0.027519
-1.6604,-0.20212
-1.5841,-0.12699
-1.6242,-0.17423
-1.6242,-0.17423
-1.6242,-0.17423
-1.654,-0.19801
-1.6242,-0.17423
-1.6242,-0.17423
-1.6242,-0.17423
-1.6242,-0.17423
-1.6242,-0.17423
-1.6242,-0.17428
-1.7704,-0.23016
-1.6242,-0.17428
-1.6242,-0.17423
-1.6242,-0.17428
-1.6242,-0.17423
-1.9255,-0.14454
-1.6242,-0.17423
-1.673,-0.20912
-1.7714,-0.2304
-1.6242,-0.17423
-1.6242,-0.17423
-1.654,-0.19801
-1.6242,-0.17428
-1.6242,-0.17428
-1.6242,-0.17428
-1.7714,-0.2304
-1.8677,0.14677
-1.6242,-0.17423
-1.6242,-0.17423
-1.6242,-0.17428
-1.7427,-0.027523
-1.7698,-0.23017
-1.6242,-0.17423
-1.6242,-0.17423
-1.6242,-0.17428
-1.6242,-0.17423
-1.654,-0.19801
-1.6242,-0.17423
-1.6242,-0.17423
-1.6242,-0.17423
-1.6242,-0.17428
-1.6242,-0.17423
-1.5917,-0.13447
-1.6242,-0.17423
-1.6242,-0.17423
-1.6245,-0.17461
-1.6242,-0.17423
-1.6242,-0.17428
-1.6242,-0.17423
-1.5815,-0.12487
-1.9195,-0.15267
-1.7714,-0.2304
-1.6242,-0.17428
-1.6242,-0.17423
-1.6242,-0.17423
-1.6242,-0.17423
-1.654,-0.19801
-1.6242,-0.17423
-1.6242,-0.17423
-1.654,-0.19801
-1.6242,-0.17428
-1.6851,-0.21477
-1.6314,-0.1815
-1.6242,-0.17423
-1.6242,-0.17423
-1.7714,-0.2304
-1.6242,-0.17423
-1.6242,-0.17423
-1.6242,-0.17423
-1.6242,-0.17423
-1.6242,-0.17423
-1.6242,-0.17423
-1.6242,-0.17428
-1.6242,-0.17423
-1.6242,-0.17423
-1.6242,-0.17423
-1.6245,-0.17448
-1.6242,-0.17423
-1.7536,-0.027519
-1.6242,-0.17423
-1.6242,-0.17423
-1.7706,-0.23061
-1.6242,-0.17423
-1.6604,-0.20212
-1.6242,-0.17428
-1.6242,-0.17423
-1.7704,-0.23016
-1.7698,-0.23017
-1.6242,-0.17423
-1.7714,-0.2304
-1.7702,-0.2302
-1.6249,-0.17502
-1.7714,-0.2304
-1.9517,0.047408
-1.9517,0.047408
-1.6982,0.082315
-1.9517,0.047408
-1.9457,0.061978
-1.9517,0.047408
-1.9517,0.047408
-1.9517,0.047408
-1.9517,0.047408
-1.9517,0.047408
-1.9517,0.047408
-1.6165,-0.11863
-1.9517,0.047408
-1.7703,-0.23021
-1.7713,-0.23066
-1.7703,-0.23021
-1.7703,-0.23021
-1.6717,-0.20821
-1.7703,-0.23021
-1.7695,-0.23021
-1.7703,-0.23021
-1.7703,-0.23021
-1.7703,-0.23021
-1.7703,-0.23021
-1.7703,-0.23021
-1.7703,-0.23021
-1.7619,-0.02801
-1.7712,-0.23064
-1.8954,-0.153
-1.6029,0.084451
-1.5915,-0.0080802
-1.7716,-0.23038
-1.7714,-0.2304
-1.8504,-0.056163
-1.6198,0.069314
-1.7714,-0.2304
-1.5915,-0.0080802
-1.6989,0.092293
-1.7714,-0.2304
-1.5861,0.07421
-1.619,0.039929
-1.5824,0.046845
-1.7714,-0.2304
-1.5915,-0.0080802
-1.5915,-0.0080802
-1.7714,-0.2304
-1.8682,0.14652
-1.7714,-0.2304
-1.5861,0.07421
-1.5915,-0.0080802
-1.7714,-0.2304
-1.6341,-0.087154
-1.5915,-0.0080802
-1.6056,0.082697
-1.7714,-0.2304
-1.8788,0.13993
-1.9505,0.050118
-1.5915,-0.0080802
-1.7714,-0.2304
-1.7714,-0.2304
-1.7714,-0.2304
-1.5915,-0.0080802
-1.7716,-0.23038
-1.7714,-0.2304
-1.5915,-0.0080802
-1.5915,-0.0080802
-1.7714,-0.2304
-1.6202,0.06926
-1.7714,-0.2304
-1.7714,-0.2304
-1.5824,0.046845
-1.6056,0.082697
-1.5813,0.068051
-1.5808,0.068588
-1.5915,-0.0080802
-1.7714,-0.2304
-1.5915,-0.0080802
-1.9648,-0.00045272
-1.7714,-0.2304
-1.5915,-0.0080802
-1.6178,0.049464
-1.7714,-0.2304
-1.7714,-0.2304
-1.8682,0.14652
-1.7714,-0.2304
-1.7714,-0.2304
-1.7714,-0.2304
-1.7714,-0.2304
-1.5824,0.046845
-1.5915,-0.0080802
-1.7625,-0.02765
-1.7714,-0.2304
-1.7714,-0.2304
-1.5843,0.073251
-1.5839,-0.1267
-1.5915,-0.0080802
-1.7716,-0.23038
-1.7714,-0.2304
-1.6198,0.069302
-1.7714,-0.2304
-1.5861,0.07421
-1.8484,-0.093413
-1.5915,-0.0080802
-1.7714,-0.2304
-18.309,-0.13742
-1.7716,-0.23038
-1.7714,-0.2304
-1.7714,-0.2304
-1.5915,-0.0080802
-1.7714,-0.2304
-1.7714,-0.2304
-1.6198,0.069314
-1.7714,-0.2304
-1.6191,0.069384
-1.7909,0.088103
-1.9517,0.047408
-1.9517,0.047408
-1.9517,0.047408
-1.9517,0.047408
-1.9517,0.047408
-1.9517,0.047408
-1.9517,0.047408
-1.9517,0.047408
-1.9517,0.047408
-1.9517,0.047408
-1.9517,0.047408
-1.9517,0.047408
-1.9517,0.047408
-1.7706,-0.23069
-1.9517,0.047408
-1.9517,0.047408
-1.9517,0.047408
-1.9517,0.047408
-1.5855,-0.017376
-1.9517,0.047408
-1.9517,0.047408
-1.9517,0.047408
-1.9517,0.047408
-1.9517,0.047408
-1.9517,0.047408
-1.9517,0.047408
-1.9517,0.047408
-1.9517,0.047408
-1.9517,0.047408
-1.7706,-0.23069
-1.9517,0.047408
-1.9517,0.047408
-1.9517,0.047408
-1.9517,0.047408
-1.9517,0.047408
-1.9517,0.047408
-1.9517,0.047408
-1.9517,0.047408
-1.5941,0.062272
-1.9517,0.047408
-1.9517,0.047408
-1.9517,0.047408
-1.9517,0.047408
-1.9517,0.047408
-1.8511,-0.21197
-1.8511,-0.21197
-1.8511,-0.21197
-1.8511,-0.21197
-1.8511,-0.21197
-1.8511,-0.21197
-1.8511,-0.21197
-1.8511,-0.21197
-1.6075,-0.15382
-1.8511,-0.21197
-1.8511,-0.21197
-1.9289,0.091063
-1.8511,-0.21197
-1.9319,0.093171
-1.8511,-0.21197
-1.8511,-0.21197
-1.8511,-0.21197
-1.8511,-0.21197
-1.8511,-0.21197
-1.5828,-0.014583
-1.8511,-0.21197
-1.9283,-0.1491
-1.8511,-0.21197
-1.8511,-0.21197
-1.8511,-0.21197
-1.8511,-0.21197
-1.8511,-0.21197
-1.8511,-0.21197
-1.8511,-0.21197
-1.8511,-0.21197
-1.8511,-0.21197
-1.9352,0.08181
-1.8511,-0.21197
-1.8511,-0.21197
-1.8511,-0.21197
-1.8511,-0.21197
-1.8511,-0.21197
-1.8511,-0.21197
-1.8511,-0.21197
-1.8511,-0.21197
-1.8511,-0.21197
-1.8511,-0.21197
-1.9289,0.091063
-1.5725,-0.097944
-1.9303,-0.14813
-1.5775,0.056113
-1.9452,-0.12337
-1.8511,-0.21197
-1.8511,-0.21197
-1.8511,-0.21197
-1.8511,-0.21197
-1.8511,-0.21197
-1.8511,-0.21197
-1.8511,-0.21197
-1.8232,0.07094
-1.7555,-0.027367
-1.7714,-0.2304
-1.8788,0.13993
-1.635,-0.11271
-1.9648,-0.00045274
-1.9518,0.047162
-1.7714,-0.2304
-1.675,0.089434
-1.7716,-0.23038
-1.5839,-0.1267
-1.7632,-0.027559
217.39,3.0333
-1.5839,-0.12667
-1.7684,-0.23022
-1.5844,-0.13161
-1.8788,0.13993
-1.8695,-0.056509
88.188,0.92665
-1.8682,0.14649
-1.8788,0.13993
-1.7716,-0.23038
-1.8714,-0.051344
-1.7716,-0.23038
-1.6632,-0.20404
-1.6265,-0.17651
-1.7713,-0.23065
-1.7713,-0.23065
-1.771,-0.23053
-1.598,-0.11939
-1.6057,0.089776
-1.7779,0.15759
-1.9559,-0.095846
-1.7621,-0.028007
-1.8191,-0.028245
-1.7619,-0.028013
-1.7619,-0.028013
-1.7619,-0.028013
-1.7619,-0.028013
-1.7619,-0.028013
-1.7619,-0.028013
-1.5969,0.012564
173.13,2.8268
-1.8169,-0.027068
-1.6742,0.05601
-1.5892,-0.060866
-1.7887,0.086747
-1.8434,0.1222
-1.939,-0.13519
-1.5941,0.062421
-1.5939,-0.022147
65.905,0.65724
-1.7689,-0.027557
-1.9447,0.063871
-1.5941,0.062421
-1.6733,-0.027266
-1.5943,-0.02301
-1.9447,0.063871
-1.5916,-0.016664
-1.5943,-0.02301
-1.8045,-0.1201
-59.137,-0.40873
-1.8627,-0.0456
-1.5938,-0.022597
-1.7755,-0.027758
-1.7626,-0.0273
-1.7626,-0.027583
-1.5943,-0.02301
-1.6465,-0.035361
-1.9447,0.063871
-1.8045,-0.1201
-1.8685,-0.053075
-1.7714,-0.2304
-1.7702,-0.2302
-1.7714,-0.2304
-1.5843,-0.13162
-1.7714,-0.2304
-1.7714,-0.2304
-1.7714,-0.2304
-1.5839,-0.1267
-1.7714,-0.2304
-1.7706,-0.22993
-1.8511,-0.21204
-1.7714,-0.2304
-1.9656,-0.0074522
-1.6789,-0.21208
-1.8511,-0.21204
-1.7714,-0.2304
-1.7714,-0.2304
-1.8511,-0.21204
-1.7714,-0.2304
-1.7714,-0.2304
-1.7714,-0.2304
-1.9657,-0.0080447
-1.5844,-0.13167
-1.7714,-0.2304
-1.8511,-0.21204
-1.7714,-0.2304
-1.7714,-0.2304
-1.9189,-0.15281
-1.9189,-0.15281
-1.5937,-0.022542
-2.66,-0.035239
-1.5943,-0.02301
105.21,1.1321
-1.7628,-0.027332
-0.62859,-0.057115
-1.8169,-0.027068
281.99,4.329
-1.7637,-0.027659
322.82,5.2809
-1.7629,-0.027402
-1.8016,0.10836
-1.8744,-0.041359
-1.5828,-0.13048
-1.5839,-0.12669
-1.7714,-0.2304
-1.6073,0.102
-1.5886,-0.0046376
-1.9447,0.063871
-1.5706,-0.10357
-1.6782,-0.21178
-1.5844,-0.13168
-1.7714,-0.2304
-1.6782,-0.21178
-1.8201,0.1665
-1.6058,0.084881
-1.9328,-0.14304
-1.5828,-0.13051
-1.7991,0.16071
-1.6376,0.091178
-1.7866,0.17405
-1.5964,-0.12053
-1.9323,-0.14585
-1.5708,-0.059626
-1.7714,-0.2304
-1.7969,0.17513
-1.7698,-0.23041
-1.9657,-0.0078675
-1.7695,-0.22993
-1.5899,0.073606
-1.7714,-0.2304
-1.5962,0.079953
-1.7908,0.14988
-1.7708,-0.22991
-1.656,0.13434
-1.8802,0.13893
-1.964,0.0048203
-1.9461,0.060898
-1.8431,0.16274
-1.5712,-0.10435
-1.9461,0.060898
-1.5944,-0.12559
-1.9668,-0.024716
-1.6138,0.087205
-1.9461,0.060898
-1.5815,-0.12489
-1.5856,0.0059909
-1.8396,0.16332
-1.9668,-0.024716
-1.6808,-0.21306
-1.5819,-0.12471
-1.5872,-0.13813
-1.5822,-0.1246
-1.6097,0.095271
-1.6822,-0.21357
-1.5788,0.07204
-1.7695,-0.22993
-1.7714,-0.2304
-1.9461,0.060898
-1.6552,0.15127
-1.9461,0.060898
-1.6822,-0.21357
-1.5706,-0.10355
-1.5812,-0.12502
-1.6782,-0.21178
-1.8028,0.1746
-1.9002,-0.13345
-1.7714,-0.2304
-1.8235,-0.041715
-1.5954,-0.1264
-1.8762,-0.19897
-1.9625,-0.070325
-1.7713,-0.23068
-1.9527,-0.10735
-1.6156,0.099645
-1.7714,-0.2304
-1.7119,0.17416
-1.5875,0.057833
-1.5782,0.059536
-1.7714,-0.2304
-1.9461,0.060898
-1.8051,0.16109
-1.6928,-0.217
-1.9175,-0.16342
-1.964,0.0048203
-1.6046,-0.11659
-1.9461,0.060898
-1.5849,-0.015998
-1.6154,0.068951
-1.8795,0.14299
-1.9668,-0.024717
-1.9461,0.060898
-1.7714,-0.2304
-1.763,-0.02753
-1.7714,-0.2304
-1.5974,0.085324
-1.7714,-0.2304
-1.8016,-0.22643
-1.7714,-0.2304
-1.5827,-0.13074
-1.6928,-0.217
-1.607,0.094524
-1.6874,0.14315
-65.272,-0.49054
-1.6782,-0.21178
-1.5819,-0.12471
-1.5844,-0.13168
-1.609,0.087741
-1.6574,0.13463
-1.9299,-0.14872
-1.9291,-0.1478
-1.6616,-0.20279
-1.5845,0.042478
-1.9668,-0.024416
-1.596,0.063223
-1.5712,-0.10435
-1.8821,0.13765
-1.7714,-0.2304
-1.5817,-0.12481
-1.5707,-0.06021
-1.5987,0.08639
-1.7714,-0.2304
-1.8351,0.1686
-1.9461,0.060898
-1.7714,-0.2304
-1.6782,-0.21178
-1.6047,-0.11631
-1.7714,-0.2304
-1.7348,0.17453
-1.9519,0.047023
-1.9344,0.083035
-1.9519,0.047023
-1.5711,-0.10433
-1.7798,0.1781
-1.7714,-0.2304
-1.5842,-0.12682
-1.9447,0.063871
-1.7738,0.14387
-1.9666,-0.037803
-1.6669,0.12521
-1.9461,0.060898
-1.5706,-0.10359
-1.964,0.0048203
-1.9623,-0.071148
-1.6509,-0.079768
-1.5849,0.049877
-1.6423,0.12956
-1.9669,-0.02749
-1.5853,-0.13562
-1.9389,-0.1354
-1.8069,0.16062
-1.9461,0.060898
-1.5839,-0.12667
-1.9323,-0.14585
-1.5642,0.038342
-1.7827,0.11929
-1.6565,0.072282
-1.6853,-0.21487
-1.9461,0.060898
-1.7704,-0.2302
-1.6286,0.10007
-1.9667,-0.020553
-1.5885,0.076652
-1.9276,0.092561
-1.5943,-0.02301
-1.7562,-0.027339
-1.7617,-0.027557
-41.068,-0.40566
-1.7154,-0.027585
-1.6685,-0.12814
-1.7624,-0.027563
-1.7617,-0.027709
-1.7629,-0.027466
251.1,3.7592
-1.7631,-0.027656
-1.5916,-0.016664
-1.5943,-0.02301
-1.5935,-0.019371
-1.8679,-0.053653
-1.8691,-0.052847
-1.6417,-0.09661
-1.8045,-0.1201
-1.7406,-0.027508
-1.9559,-0.095846
-1.5786,-0.12714
-1.9314,-0.14735
-1.5767,-0.1304
-1.788,0.17365
-1.9447,0.063871
-1.9323,-0.14585
-1.5844,-0.13163
-1.6698,-0.037504
-1.9323,-0.14585
-1.5828,-0.13052
-1.8431,0.16307
-1.9323,-0.14585
-1.7237,0.10212
-1.9323,-0.14585
-1.6135,-0.16295
-1.8398,0.15616
-1.939,-0.13519
-1.8985,-0.15203
-1.8761,-0.19893
-1.7697,-0.23029
-1.8231,0.1672
-1.8437,0.15444
-1.6544,0.15118
-1.8233,0.1669
-1.7649,-0.027185
-1.6616,-0.073247
251.08,3.7986
-1.868,-0.054502
-1.8463,-0.05551
-1.763,-0.027554
-1.5943,-0.02301
-1.768,0.11652
-1.8045,-0.1201
-1.8131,-0.10622
-1.7626,-0.027379
-1.8045,-0.1201
-1.5951,0.012022
-1.5944,0.0032026
-1.8641,-0.054078
-1.7603,-0.027467
-1.8193,-0.028121
-1.7642,-0.027728
-56.371,-0.38856
-1.8045,-0.1201
-1.5937,-0.022537
-1.7562,-0.027395
-1.7617,-0.027403
-1.5943,-0.02301
-1.7124,-0.028738
-1.5943,-0.02301
-1.8662,-0.052938
-1.8045,-0.1201
-1.594,-0.022537
-1.8045,-0.1201
-1.8634,-0.05057
-1.8045,-0.1201
88.093,0.95748
-1.5943,-0.02301
-1.8169,-0.027068
-1.7636,-0.027474
-1.8045,-0.1201
-1.8697,-0.054772
-1.5943,-0.02301
-1.5943,-0.02301
-1.7702,-0.23014
-1.7627,-0.02693
-1.7715,-0.23002
-1.8045,-0.1201
-1.5943,-0.02301
-1.9655,-0.0067404
-1.5842,-0.12686
-1.9559,-0.095846
-1.8428,0.16437
-1.6377,0.091072
-1.6445,0.14567
-1.7713,-0.23065
-1.7864,0.17747
-1.8251,0.16986
-1.5962,0.062381
-1.6199,-0.11559
-1.8025,0.17288
-1.5776,0.056641
-1.5885,0.058325
-1.7834,0.17864
-1.8003,0.17517
-1.6026,0.020628
-1.6055,0.084962
-1.7834,0.17709
-1.6565,0.1505
-1.8489,0.15527
-1.72,0.10886
-1.6296,0.079162
-1.8121,0.15445
-1.5893,-0.11776
-1.6484,0.14796
-1.6069,0.094941
-1.9266,-0.15188
-1.8019,0.17504
-1.5945,0.062394
-1.6038,0.093553
-1.841,0.16525
-1.9559,-0.095846
-1.5841,0.049612
-1.7015,0.13183
-1.939,-0.13519
-1.597,0.012568
-1.7661,-0.026873
-1.6685,-0.12814
-1.5943,-0.02301
-1.6635,-0.076862
-1.8169,-0.027068
-1.5943,-0.02301
-1.8568,-0.053291
-1.5943,-0.02301
-1.8045,-0.1201
-1.8045,-0.1201
-1.5932,-0.019307
361.06,6.2026
116.66,1.2922
-1.8637,-0.050705
-1.5943,-0.02301
-1.7017,-0.02946
463.29,8.8307
-1.5939,-0.022583
-1.8169,-0.027068
-1.8045,-0.1201
-1.8045,-0.1201
-1.7617,-0.027403
-1.8463,-0.055495
-1.5943,-0.02301
-1.5943,-0.02301
-1.6685,-0.12814
-1.8045,-0.1201
-1.8045,-0.1201
-1.8045,-0.1201
-1.6685,-0.12814
-1.5943,-0.02301
-1.5943,-0.02301
-1.6685,-0.12814
-1.8045,-0.1201
-1.8644,-0.053173
-1.8045,-0.1201
-1.5943,-0.02301
-1.8045,-0.1201
-1.8045,-0.1201
2.8323,0.031817
-1.8045,-0.1201
-1.8045,-0.1201
-1.8045,-0.1201
-1.5943,-0.02301
-1.8045,-0.1201
-1.5943,-0.02301
-1.5943,-0.02301
-1.8045,-0.1201
-1.8169,-0.027068
-1.5996,-0.16113
-1.6723,0.062324
-1.8409,0.11245
-1.9661,-0.072041
-1.8413,-0.051582
-1.6465,0.108
-1.8824,-0.090651
-1.6039,0.08882
-1.8083,-0.029891
-1.8177,-0.04031
-1.5868,-0.13378
-1.9266,-0.15188
-1.5975,-0.1148
-1.5794,-0.12426
-1.6023,-0.11792
-1.833,0.13774
-1.8338,0.15987
-1.581,-0.12407
-1.6383,-0.010376
-1.5689,0.11335
-1.5196,-0.0074468
-1.9612,-0.16167
-1.7072,0.096173
-1.5261,-0.071592
-1.569,0.026532
-1.8339,0.16877
-1.6073,0.15641
-1.6765,0.1928
-1.7208,0.24184
-1.5681,0.10097
-1.6447,0.12803
-1.8103,0.16276
-1.6447,0.12803
-1.8143,0.17763
-1.4935,0.0057347
-1.5682,-0.13925
-1.8287,0.17211
-1.833,0.17015
-1.8287,0.17211
-1.9427,-0.15927
-1.9427,-0.15927
-1.6583,0.15389
-1.5604,0.064321
-1.5682,-0.13925
-1.5682,-0.13925
-1.5682,-0.13925
-1.5682,-0.13925
-1.8292,0.18365
-1.5682,-0.13925
-1.538,-0.03172
-1.689,0.16723
-1.8345,0.16928
-1.8287,0.17211
-1.5682,-0.13925
-1.8965,-0.19293
-1.9114,-0.18231
-1.7906,0.10513
-1.5217,-0.0083047
-1.5666,0.024605
-1.623,0.067628
-1.5388,-0.056389
-1.6042,0.15418
-1.5226,0.008027
-1.5762,0.12602
-1.5963,0.14738
-1.5272,-0.071937
-1.8207,0.1989
-1.5269,-0.0063772
-1.5269,-0.0063772
-1.7787,0.16509
-1.782,0.15682
-1.612,0.086235
-1.8186,0.16335
-1.6521,0.18161
-1.694,0.05419
-1.7012,0.057427
-1.6943,0.05408
-1.6943,0.05408
-1.964,-0.20647
-1.642,0.07078
-1.6316,0.050494
-1.8084,0.12862
-1.743,0.24319
-1.6655,0.18905
-1.537,-0.023112
-1.5599,-0.14124
-1.7171,0.097568
-1.6531,0.060843
-1.7822,0.097335
-1.7953,0.067829
-1.7877,0.063811
-1.6479,0.065012
-1.7894,0.058445
-1.6478,0.056294
-1.7148,0.24064
-1.7298,0.25183
-1.6533,0.061058
-1.6447,0.12803
-1.6447,0.12803
-1.6447,0.12803
-1.8411,0.15296
-1.8411,0.15293
-1.6447,0.12803
-1.6447,0.12803
-1.6447,0.12803
-1.6443,0.12868
-1.605,0.090444
-1.5196,-0.012571
-1.8445,0.15884
-1.612,0.084346
-1.5827,0.048396
-1.6119,0.084118
-1.5827,0.048436
-1.6783,0.056437
-1.795,0.23728
-1.7813,0.0952
-1.6464,0.057383
-1.6531,0.061042
-1.6527,0.061035
-1.6472,0.057322
-1.6723,0.07652
-1.7571,0.10315
-1.6472,0.057291
-1.6453,0.057676
-1.5335,-0.026783
-1.6618,0.22185
-1.5259,-0.011899
-1.8001,0.19856
-1.821,0.060963
-1.8483,0.029634
-1.8012,0.081617
-1.6471,0.054873
-1.8197,0.098568
-1.7826,0.157
-1.6202,-0.10232
-1.8359,0.095174
-1.605,0.15579
-1.5222,-0.0078331
-1.519,-0.0088818
-1.5177,-0.0079325
-1.6898,0.23861
-1.5871,0.18648
-1.8294,0.061728
-1.8362,0.1607
-1.6487,0.10979
-1.6485,0.10886
-1.5307,0.0012853
-1.6474,0.057321
-1.7078,0.096759
-1.8141,0.1954
-1.6529,0.061033
-1.6476,0.057232
-1.6473,0.057302
-1.7859,0.20105
-1.8367,0.16021
-1.5666,0.024605
-1.8367,0.16021
-1.8363,0.16065
-1.8367,0.16021
-1.5666,0.024605
-1.5584,-0.1165
-1.5584,-0.1165
-1.547,-0.084762
-1.5389,-0.046995
-1.9148,-0.17428
-1.9123,-0.17338
-1.5397,-0.049481
-1.5467,-0.083809
-1.8141,0.1954
-1.5363,0.023334
-1.5321,0.014154
-1.7508,0.10105
-1.7208,0.24184
-1.7812,0.25152
-1.7808,0.25137
-1.5816,0.097863
-1.7138,0.095878
-1.7166,0.097694
-1.5364,0.025031
-1.7744,0.26761
-1.8364,0.095719
-1.666,0.072183
-1.6477,0.056297
-1.5369,0.036565
-1.8209,0.19872
-1.8209,0.19872
-1.8209,0.19872
-1.9385,-0.17952
-1.5666,0.024605
-1.5666,0.024605
-1.5666,0.024605
-1.5666,0.024605
-1.5666,0.024605
-1.5666,0.024605
-1.5666,0.024605
-1.5666,0.024605
-1.5666,0.024605
-1.5666,0.024605
-1.5666,0.024605
-1.5666,0.024605
-1.5666,0.024605
-1.5666,0.024605
-1.5666,0.024605
-1.5666,0.024605
-1.5666,0.024605
-1.5666,0.024605
-1.5666,0.024605
-1.5666,0.024539
-1.5666,0.024605
-1.5666,0.024605
-1.5666,0.024605
-1.5666,0.024605
-1.5666,0.024605
-1.5666,0.024605
-1.5666,0.024605
-1.5666,0.024605
-1.5666,0.024605
-1.5666,0.024605
-1.5666,0.024605
-1.5666,0.024605
-1.5666,0.024605
-1.5666,0.024605
-1.5666,0.024605
-1.5666,0.024605
-1.6055,0.12654
-1.6706,0.22198
-1.9283,-0.1901
-1.9575,-0.15743
-1.8256,0.19245
-1.7877,0.20037
-1.7808,0.20061
-1.7161,0.097893
-1.7906,0.10511
-1.7208,0.24184
-1.7207,0.24186
-1.7208,0.24184
-1.6477,0.056297
-1.7075,0.096763
-1.7877,0.20037
-1.7858,0.20103
-1.7857,0.20102
-1.536,0.022819
-1.5363,0.023169
-1.7858,0.20103
-1.8361,0.2682
-1.8349,0.26713
-1.8353,0.26757
-1.8423,0.090727
-1.7899,0.10565
-1.6662,0.072137
-1.8257,0.093603
-1.6529,0.061029
-1.5815,0.10203
-1.7967,0.070649
-1.5262,-0.011663
-1.7967,0.070602
-1.8173,0.060258
-1.8201,0.057947
-1.718,0.09755
-1.5842,0.13577
-1.5209,-0.055435
-1.5209,-0.055435
-1.7957,0.19874
-1.6533,0.061008
-1.646,0.062318
-1.6533,0.061002
-1.6452,0.057665
-1.6668,0.072185
-1.6476,0.062856
-1.6508,0.059104
-1.6472,0.057295
-1.6529,0.06101
-1.6461,0.057596
-1.6504,0.05915
-1.7179,0.097494
-1.6508,0.059101
-1.6467,0.057331
-1.6508,0.059104
-1.6457,0.057625
-1.6453,0.057676
-1.6475,0.057228
-1.6505,0.059155
-1.6461,0.06233
-1.653,0.061023
-1.6461,0.057586
-1.6453,0.057676
-1.645,0.05773
-1.666,0.072122
-1.647,0.056384
-1.6477,0.056278
-1.6508,0.059104
-1.6475,0.056348
-1.6454,0.057679
-1.6477,0.062853
-1.6472,0.057291
-1.7877,0.20037
-1.7877,0.20037
-1.7877,0.20037
-1.6803,0.20341
-1.8173,0.060258
-1.658,0.0097116
-1.7929,0.068687
-1.8173,0.060258
-1.8173,0.060762
-1.7877,0.20037
-1.8173,0.060258
-1.8201,0.058055
-1.8201,0.058055
-1.7967,0.070649
-1.8201,0.05798
-1.5307,0.0012022
-1.8001,0.19855
-1.8324,0.052175
-1.9273,-0.18572
-1.9356,-0.17742
-1.5302,-0.010808
-1.7631,-0.027394
-1.5357,0.024198
-1.7971,0.069236
-1.5421,0.034318
-1.5361,0.024523
-1.8173,0.060258
-1.9771,-0.22143
-1.5226,-0.012188
-1.5226,-0.012188
-1.5226,-0.012188
-1.7242,0.24799
-1.6161,0.20634
-1.6508,0.23004
-1.6044,0.19975
-1.6099,0.20509
-1.7242,0.24799
-1.7903,0.10543
-1.7162,0.097882
-1.7079,0.096153
-1.7491,0.10127
-1.9558,-0.16911
-1.9616,-0.16198
-1.5257,-0.052989
-1.5315,0.013523
-1.5325,0.014673
-1.7858,0.20098
-1.8633,-0.23228
-1.5256,-0.0098503
-1.5247,-0.051322
-1.5314,0.013275
-1.5357,0.024244
-1.6461,0.057553
-1.7165,0.097691
-1.7557,0.1034
-1.7172,0.097564
-1.7155,0.098013
-1.7175,0.097533
-1.7165,0.097698
-1.6456,0.057668
-1.7576,0.10282
-1.7158,0.097984
-1.6472,0.056375
-1.6475,0.057261
-1.7155,0.098013
-1.7165,0.097698
-1.7079,0.096151
-1.5669,0.076571
-1.795,0.23728
-1.7971,0.069236
-1.5626,-0.14022
-1.692,0.052254
-1.798,0.067812
-1.8483,0.029647
-1.9417,-0.16919
-1.8361,0.09574
-1.733,0.22139
-1.6536,0.060043
-1.6668,0.072166
-1.8256,0.19246
-1.9277,-0.18606
-1.532,0.014042
-1.8168,0.1924
-1.8168,0.1924
-1.8168,0.1924
-1.5726,0.098036
-1.5677,0.076806
-1.6921,0.052258
-1.6722,0.076515
-1.7138,0.098094
-1.6486,-0.077275
-1.7964,0.089964
-1.7857,0.20102
-1.5361,0.022946
-1.7857,0.201
-1.5314,0.013208
-1.6213,0.083785
-1.7902,0.10547
-1.8173,0.16397
-1.8394,0.15676
-1.6855,0.038149
-1.6936,0.20959
-1.9467,-0.19052
-1.6924,0.20904
-1.6943,0.21002
-1.6924,0.20902
-1.9447,-0.19237
-1.9447,-0.19237
-1.9447,-0.19237
-1.9447,-0.19237
-1.6318,0.18235
-1.6318,0.18235
-1.8146,0.21183
-1.6801,0.20333
-1.8146,0.21183
-1.6801,0.20333
-1.8146,0.21183
-1.8146,0.21183
-1.8146,0.21183
-1.8146,0.21183
-1.6924,0.20902
-1.6924,0.20902
-1.6924,0.20902
-1.8146,0.21183
-1.8146,0.21183
-1.8146,0.21183
-1.6924,0.20902
-1.6924,0.20902
-1.6924,0.20902
-1.6918,0.20863
-1.6943,0.20999
-1.9339,-0.20325
-1.6924,0.20902
-1.6943,0.21002
-1.6943,0.21002
-1.8146,0.21183
-1.8146,0.21183
-1.8146,0.21183
-1.8146,0.21183
-1.8146,0.21183
-1.8146,0.21183
-1.8146,0.21183
-1.8146,0.21183
-1.8054,0.21274
-1.8054,0.21274
-1.6318,0.18235
-1.9339,-0.20329
-1.6318,0.18235
-1.6318,0.18235
-1.6318,0.18235
-1.6318,0.18235
-1.6318,0.18235
-1.9339,-0.20329
-1.6318,0.18235
-1.6318,0.18235
-1.6318,0.18235
-1.9339,-0.20329
-1.8125,0.212
-1.8125,0.212
-1.6318,0.18235
-1.6318,0.18235
-1.6318,0.18235
-1.6318,0.18235
-1.6318,0.18235
-1.6924,0.20902
-1.6924,0.20902
-1.6318,0.18235
-1.6777,0.20379
-1.5209,-0.0070612
-1.8085,0.073018
-1.8085,0.073018
-1.8085,0.073018
-1.8278,0.064403
-1.8278,0.064403
-1.8278,0.064848
-1.8142,0.065648
-1.8141,0.066613
-1.8086,0.073591
-1.8293,0.06232
-1.8085,0.073018
-1.8085,0.072566
-1.8085,0.073018
-1.8085,0.073018
-1.8085,0.073018
-1.8085,0.073002
-1.8085,0.073002
-1.8085,0.073018
-1.8085,0.073018
-1.8085,0.073018
-1.8085,0.073018
-1.8085,0.073018
-1.8085,0.073018
-1.813,0.069385
-1.8293,0.062333
-1.5435,0.018357
-1.6665,0.072014
-1.6533,0.061
-1.8135,0.06555
-1.6478,0.056294
-1.5474,0.036518
-1.5361,0.022981
-1.536,0.022787
-1.7988,0.19906
-1.5363,0.023083
-1.5363,0.023104
-1.5313,0.012932
-1.9447,-0.19246
-1.5814,0.10023
-1.8168,0.19239
-1.8209,0.05684
-1.8145,0.2118
-1.8145,0.2118
-1.9376,-0.1742
-1.6721,0.22318
-1.8001,0.1985
-1.9485,-0.16043
-1.6664,0.072051
-1.6477,0.062853
-1.716,0.0979
-1.8481,0.031364
-1.6523,0.006006
-1.6628,0.031643
-1.7898,0.20009
-1.7802,0.096164
-1.9356,-0.17736
-1.7914,0.2816
-1.8245,0.0548
-1.8245,0.0548
-1.797,0.069752
-1.797,0.069752
-1.6031,-0.11701
-1.5756,0.12543
-1.5313,0.0022268
-1.791,0.10469
-1.6364,0.18491
-1.8146,0.2118
-1.8146,0.2118
-1.8146,0.2118
-1.8146,0.2118
-1.6354,0.18535
-1.636,0.18617
-1.6938,0.2097
-1.6318,0.18235
-1.9447,-0.19246
-1.5359,0.024198
-1.9449,-0.16455
-1.5351,-0.052148
-1.7877,0.20037
-1.7897,0.20011
-1.5359,0.024361
-1.5648,-0.14382
-1.5646,-0.14343
-1.7859,0.20104
-1.7858,0.20105
-1.5356,0.023901
-1.5323,0.0062317
-1.7879,0.20038
-1.8001,0.1985
-1.538,0.0097461
-1.5356,0.023952
-1.7967,0.070734
-1.8174,0.0613
-1.8174,0.0613
-1.8174,0.0613
-1.6671,0.19222
-1.5226,-0.009037
-1.6631,0.031635
-1.6483,-0.06653
-1.6636,0.031111
-1.7574,0.10281
-1.6556,0.054286
-1.5362,0.024869
-1.799,0.19924
-1.7819,0.09612
-1.5718,0.095602
-1.6474,0.056244
-1.5428,0.017353
-1.5544,0.053172
-1.8241,0.19998
-1.5815,0.098548
-1.525,-0.050955
-1.5619,0.076068
-1.5785,0.10501
-1.5314,0.0029677
-1.5325,0.014553
-1.5377,0.0097738
-1.8208,0.056872
-1.6463,0.057588
-1.6043,0.094051
-1.6535,0.060925
-1.7904,0.10519
-1.708,0.096531
-1.7505,0.10104
-1.6534,0.060905
-1.6659,0.072165
-1.7896,0.1058
-1.6537,0.060085
-1.7898,0.10563
-1.7898,0.10571
-1.7563,0.10321
-1.7183,0.097276
-1.719,0.097138
-1.7159,0.097979
-1.6537,0.060099
-1.7153,0.098089
-1.7907,0.10527
-1.6664,0.072206
-1.7895,0.10585
-1.7141,0.095784
-1.6475,0.062975
-1.7906,0.10494
-1.714,0.098082
-1.7076,0.096221
-1.6462,0.057599
-1.6666,0.072219
-1.6479,0.056394
-1.752,0.10033
-1.7908,0.10496
-1.6531,0.061023
-1.6438,0.061186
-1.6447,0.061044
-1.7191,0.097134
-1.645,0.057848
-1.7183,0.097278
-1.7188,0.097218
-1.6509,0.060063
-1.6528,0.061082
-1.6507,0.05917
-1.7078,0.096763
-1.6471,0.057381
-1.7596,0.10248
-1.6539,0.060072
-1.7489,0.10129
-1.755,0.10363
-1.6527,0.061043
-1.6457,0.057634
-1.7198,0.097272
-1.6533,0.061057
-1.708,0.096215
-1.6506,0.059147
-1.6533,0.060094
-1.6526,0.061046
-1.7898,0.10563
-1.7907,0.10503
-1.7598,0.10223
-1.7576,0.10279
-1.7198,0.097262
-1.6529,0.061037
-1.7077,0.096221
-1.7074,0.096234
-1.7556,0.10347
-1.666,0.072348
-1.6534,0.060879
-1.7906,0.10511
-1.7565,0.10314
-1.7139,0.098156
-1.7837,0.096624
-1.7136,0.098231
-1.7555,0.10348
-1.7175,0.097592
-1.752,0.10017
-1.7898,0.10563
-1.749,0.10127
-1.6463,-0.066331
-1.654,0.060113
-1.6662,0.072151
-1.6535,0.060884
-1.7153,0.098094
-1.6507,0.059185
-1.7489,0.10129
-1.8174,0.060715
-1.8272,0.055397
-1.7078,0.09659
-1.7112,0.096587
-1.6538,0.060875
-1.6722,0.076618
-1.7191,0.097125
-1.7075,0.096226
-1.6471,0.056396
-1.6538,0.060867
-1.7108,0.096674
-1.6664,0.072191
-1.7706,0.067022
-1.5322,0.043427
-1.7989,0.19921
-1.7886,0.19973
-1.5326,0.014525
-1.7898,0.20009
-1.6723,0.07662
-1.6533,0.060094
-1.7297,0.095897
-1.7896,0.10577
-1.7173,0.097617
-1.6536,0.060075
-1.711,0.097959
-1.7081,0.096155
-1.7598,0.10224
-1.7901,0.10544
-1.6662,0.072331
-1.6538,0.060066
-1.708,0.096099
-1.645,0.05766
-1.6471,0.056314
-1.6464,0.057334
-1.7177,0.097513
-1.918,-0.19585
-1.9467,-0.19053
-1.7908,0.10496
-1.7109,0.097958
-1.6722,0.076694
-1.7113,0.096582
-1.7561,0.10328
-1.708,0.096531
-1.7812,0.098062
-1.7078,0.096217
-1.7078,0.096165
-1.6535,0.060885
-1.6537,0.060068
-1.5218,-0.012182
-1.7967,0.070363
-1.5327,-0.002335
-1.7918,0.092126
-1.6465,0.057392
-1.6537,0.06094
-1.7906,0.10512
-1.6463,0.057599
-1.7075,0.096165
-1.7139,0.098392
-1.6658,0.0722
-1.7078,0.096536
-1.7887,0.19978
-1.5565,-0.12876
-1.942,-0.16855
-1.572,0.095756
-1.5371,0.036643
-1.531,0.0019104
-1.6634,0.048451
-1.8227,0.059276
-1.8227,0.05925
-1.5391,0.033398
-1.6462,-0.06642
-1.7166,0.097734
-1.6022,-0.11746
-1.5815,0.10203
-1.997,-0.13264
-1.6445,0.21168
-1.8209,0.057234
-1.821,0.058788
-1.8174,0.06091
-1.5725,0.097948
-1.5378,0.010059
-1.5635,-0.14165
-1.5657,0.085228
-1.5719,0.098664
-1.5725,0.097948
-1.5369,0.0052898
-1.572,0.097178
-1.9447,-0.19242
-1.6787,0.20399
-1.6787,0.20399
-1.9447,-0.19242
-1.9447,-0.19242
-1.6787,0.20399
-1.6318,0.18235
-1.6318,0.18235
-1.9447,-0.19246
-1.6778,0.20386
-1.6918,0.20866
-1.9447,-0.19246
-1.9467,-0.19052
-1.9447,-0.19246
-1.6919,0.2087
-1.6318,0.18235
-1.6318,0.18235
-1.9447,-0.19246
-1.6318,0.18235
-1.6318,0.18235
-1.9339,-0.20335
-1.9447,-0.19246
-1.9447,-0.19246
-1.6318,0.18235
-1.6318,0.18235
-1.6318,0.18235
-1.6944,0.21005
-1.6318,0.18235
-1.6925,0.20909
-1.6787,0.20396
-1.6925,0.20906
-1.6357,0.18573
-1.6318,0.18235
-1.6357,0.18573
-1.8109,0.21192
-1.6788,0.20407
-1.6357,0.18573
-1.6318,0.18235
-1.9447,-0.19246
-1.6318,0.18235
-1.6363,0.18488
-1.9447,-0.19246
-1.7037,0.2132
-1.6363,0.18486
-1.6318,0.18235
-1.9548,-0.18093
-1.7037,0.21319
-1.6918,0.20865
-1.7037,0.21319
-1.9339,-0.20329
-1.6918,0.20865
-1.6363,0.18488
-1.8124,0.212
-1.6318,0.18235
-1.6318,0.18235
-1.6318,0.18235
-1.6318,0.18235
-1.6918,0.20865
-1.6937,0.20962
-1.6354,0.18535
-1.9339,-0.20335
-1.6918,0.20866
-1.6318,0.18235
-1.9447,-0.19246
-1.6318,0.18235
-1.9447,-0.19246
-1.9548,-0.18092
-1.6318,0.18235
-1.6363,0.18488
-1.9447,-0.19246
-1.6318,0.18235
-1.6318,0.18235
-1.6318,0.18235
-1.8145,0.2118
-1.6318,0.18235
-1.6318,0.18235
-1.6318,0.18235
-1.6937,0.20962
-1.6318,0.18235
-1.6918,0.20866
-1.6318,0.18235
-1.9447,-0.19246
-1.6357,0.18573
-1.6788,0.20406
-1.6924,0.20903
-1.6357,0.18573
-1.6918,0.20866
-1.6318,0.18235
-1.9467,-0.19052
-1.636,0.18615
-1.6318,0.18235
-1.6918,0.20865
-1.6318,0.18235
-1.9447,-0.19246
-1.6318,0.18235
-1.6318,0.18235
-1.6318,0.18235
-1.6318,0.18235
-1.6318,0.18235
-1.6363,0.18488
-1.9447,-0.19246
-1.6318,0.18235
-1.6318,0.18235
-1.9339,-0.20332
-1.6318,0.18235
-1.6318,0.18235
-1.6937,0.20962
-1.6318,0.18235
-1.6318,0.18235
-1.9447,-0.19246
-1.9339,-0.20335
-1.6318,0.18235
-1.9447,-0.19246
-1.9447,-0.19246
-1.9447,-0.19246
-1.9447,-0.19246
-1.9447,-0.19246
-1.9447,-0.19246
-1.9447,-0.19246
-1.9447,-0.19246
-1.9447,-0.19246
-1.6805,0.20352
-1.9447,-0.19246
-1.9447,-0.19246
-1.9447,-0.19246
-1.9447,-0.19246
-1.9447,-0.19246
-1.9447,-0.19246
-1.9447,-0.19246
-1.9447,-0.19246
-1.9447,-0.19246
-1.9447,-0.19246
-1.6002,-0.099946
-1.6353,0.18534
-1.7117,0.2318
-1.9641,-0.20646
-1.6617,0.22272
-1.6617,0.22272
-1.9629,-0.20834
-1.6641,0.22452
-1.7983,0.23885
-1.6617,0.22275
-1.6644,0.22411
-1.6431,0.21132
-1.9893,-0.17376
-1.7995,0.23924
-1.7982,0.23882
-1.7982,0.23882
-1.7982,0.23882
-1.6621,0.22315
-1.6087,0.19453
-1.6621,0.22315
-1.7426,0.24353
-1.528,-0.0047161
-1.7048,0.053917
-1.7111,0.096588
-1.7158,0.097981
-1.5303,-0.010579
-1.5303,-0.010706
-1.8278,0.064403
-1.5187,-0.0073258
-1.6637,0.042208
-1.9555,-0.15134
-1.7877,0.20037
-1.9575,-0.15823
-1.8481,0.029274
-1.8487,0.026996
-1.7988,0.065286
-1.525,-0.010876
-1.9571,-0.15823
-1.5256,-0.012809
-1.7639,-0.027297
-1.5246,-0.051187
-1.5817,0.10124
-1.8164,0.20131
-1.5333,0.032766
-1.5333,0.032766
-1.5333,0.032766
-1.5333,0.032766
-1.5359,0.024288
-1.8141,0.073136
-1.6664,0.072064
-1.7299,0.095802
-1.6464,0.05756
-1.7514,0.10049
-1.542,0.034014
-1.536,0.02446
-1.6634,0.048451
-1.6634,0.048451
-1.6634,0.048451
-1.6638,0.048363
-1.6547,0.055946
-1.6636,0.048278
-1.6449,-0.07834
-1.6552,0.044226
-1.6634,0.048451
-1.6634,0.048451
-1.6638,0.048363
-1.6638,0.048363
-1.6634,0.048451
-1.6634,0.048451
-1.6634,0.048451
-1.6634,0.048451
-1.6634,0.048451
-1.6634,0.048451
-1.6634,0.048451
-1.6634,0.048451
-1.6634,0.048451
-1.6634,0.048451
-1.6634,0.048451
-1.6634,0.048451
-1.6634,0.048451
-1.6634,0.048451
-1.6634,0.048451
-1.6634,0.048451
-1.6634,0.048451
-1.6634,0.048451
-1.6634,0.048451
-1.6634,0.048451
-1.6634,0.048451
-1.6634,0.048451
-1.6634,0.048451
-1.6634,0.048451
-1.6634,0.048451
-1.6363,0.18484
-1.6363,0.18484
-1.6363,0.18484
-1.812,0.2117
-1.8145,0.21183
-1.8145,0.21183
-1.6938,0.20978
-1.9447,-0.19248
-1.7037,0.21316
-1.7038,0.21322
-1.7038,0.21322
-1.7038,0.21322
-1.7038,0.21322
-1.7038,0.21322
-1.7038,0.21322
-1.7038,0.21322
-1.8347,0.040658
-1.7912,0.22152
-1.5463,-0.12197
-1.9577,-0.15778
-1.7229,0.23757
-1.8209,0.057392
-1.6397,0.17863
-1.5214,-0.011807
-1.6833,0.19601
-1.6021,0.1517
-1.8209,0.058759
-1.8209,0.058759
-1.8209,0.058759
-1.8209,0.058759
-1.5184,-0.0079243
-1.5224,0.0072551
-1.5211,-0.037555
-1.9571,-0.15808
-1.5273,-0.071181
-1.5306,-0.024667
-1.9592,-0.18912
-1.7391,0.22056
-1.6573,0.024973
-1.7879,0.20043
-1.945,-0.16443
-1.536,0.022722
-1.949,-0.15982
-1.7807,0.20061
-1.7879,0.20038
-1.5311,0.0019039
-1.5358,0.024278
-1.7489,0.10136
-1.5325,0.014416
-1.7878,0.20042
-1.7262,0.062438
-1.7262,0.062438
-1.6404,-0.0014235
-1.6547,0.055998
-1.7045,0.061494
-1.8135,0.064995
-1.8144,0.066982
-1.7063,0.061102
-1.6123,0.15789
-1.6813,0.19489
-1.6813,0.19489
-1.6813,0.19489
-1.6318,0.18235
-1.814,0.19542
-1.531,0.0016921
-1.763,-0.027565
-1.8481,0.029248
-1.8481,0.029248
-1.8481,0.029248
-1.6574,0.049499
-1.7551,0.10356
-1.5372,0.036872
-1.6455,-0.065898
-1.5599,-0.14831
-1.6881,0.19652
-1.5599,-0.14831
-1.698,0.19939
-1.7917,0.20431
-1.5276,-0.037408
-1.6981,0.1994
-1.6783,0.19368
-1.6133,0.15856
-1.5627,-0.15247
-1.5599,-0.14831
-1.5599,-0.14831
-1.5278,-0.041188
-1.6476,0.18024
-1.665,0.18886
-1.6638,0.048363
-1.6634,0.048451
-1.7176,0.097454
-1.7142,0.095767
-1.757,0.10292
-1.7817,0.095654
-1.7142,0.095767
-1.6452,0.057796
-1.6154,0.21127
-1.7078,0.096538
-1.7902,0.10546
-1.5325,0.014388
-1.8482,0.031456
-1.7881,0.20044
-1.5326,0.014656
-1.5312,0.012761
-1.532,0.013957
-1.7187,0.097171
-1.8481,0.029175
-1.8239,0.26878
-1.8213,0.27476
-1.7556,0.10339
-1.7576,0.10273
-1.7078,0.096643
-1.7556,0.10339
-1.7141,0.095784
-1.7907,0.10532
-1.5242,-0.010637
-1.6578,0.21118
-1.8965,0.18755
-1.7979,0.19929
-1.5358,0.024094
-1.5362,-0.037519
-1.5323,0.014477
-1.5316,0.0032917
-1.5357,-0.00080472
-1.536,0.022785
-1.5366,0.025455
-1.5411,0.026857
-1.9471,-0.16242
-1.5313,0.0022268
-1.5316,0.013761
-1.5361,0.022925
-1.8131,0.16962
-1.5193,-0.0059375
-1.9448,-0.20782
-1.5368,-0.033098
-1.7912,0.092421
-1.6018,0.14854
-1.6647,0.1886
-1.6311,0.16979
-1.7879,0.20038
-1.7858,0.20103
-1.7858,0.20107
-1.7988,0.19908
-1.7858,0.20103
-1.5361,0.02288
-1.7858,0.20103
-1.7888,0.19979
-1.5361,0.024164
-1.9546,-0.15294
-1.7859,0.20102
-1.7859,0.20102
-1.5499,-0.11366
-1.7877,0.20037
-1.8269,0.19156
-1.5356,0.024003
-1.8269,0.19156
-1.7877,0.20037
-1.7912,0.092421
-1.7877,0.20037
-1.7877,0.20037
-1.788,0.20047
-1.788,0.20047
-1.5646,-0.14343
-1.7897,0.20007
-1.7886,0.19973
-1.7989,0.19912
-1.7897,0.20008
-1.5344,-0.044493
-1.5363,0.023003
-1.7879,0.20038
-1.7879,0.20038
-1.9546,-0.15286
-1.7887,0.19977
-1.9542,-0.1532
-1.9174,-0.1957
-1.5504,-0.11494
-1.5635,-0.14172
-1.8364,0.26857
-1.8167,0.27325
-1.7976,0.068369
-1.7086,0.061625
-1.8506,0.01962
-1.797,0.069621
-1.7896,0.074998
-1.8174,0.061201
-1.8173,0.060258
-1.8173,0.060258
-1.8174,0.061755
-1.8173,0.060258
-1.8401,0.098932
-1.8414,0.098468
-1.842,0.099286
-1.6488,-0.066272
-1.6412,-0.0065248
-1.645,0.19087
-1.5249,-0.05096
-1.5283,0.010675
-1.5235,-0.010604
-1.6762,0.19362
-1.5304,0.029233
-1.5232,-0.0096601
-1.5281,-0.06937
-1.6496,0.18125
-1.5222,-0.0032473
-1.5227,-0.0089778
-1.5227,-0.0089778
-1.7522,0.20941
-1.8229,0.20065
-1.5256,-0.052913
-1.5244,-0.0086972
-1.6778,0.19568
-1.5287,-0.07235
-1.5239,-0.011394
-1.5242,-0.01061
-1.678,0.19575
-1.678,0.19575
-1.5225,-0.011383
-1.523,-0.037127
-1.5225,-0.011383
-1.5225,-0.011383
-1.5225,-0.011383
-1.5225,-0.011383
-1.612,0.1573
-1.5227,-0.0089778
-1.5227,-0.0089778
-1.6688,0.19195
-1.5283,0.010675
-1.5235,-0.010604
-1.7522,0.20941
-1.6998,0.20272
-1.5214,-0.011721
-1.8145,0.20182
-1.6497,0.18131
-1.5244,-0.014381
-1.5237,-0.01194
-1.7076,0.20397
-1.5284,0.010597
-1.5268,-0.0044072
-1.5249,-0.0093238
-1.5213,-0.0060731
-1.5208,-0.0055553
-1.526,-0.07099
-1.5689,0.11309
-1.5223,-0.069412
-1.9605,-0.15407
-1.9605,-0.15407
-1.5242,-0.0097966
-1.9178,-0.20512
-1.5595,-0.14755
-1.5234,-0.01608
-1.5285,-0.072573
-1.5234,-0.01608
-1.5256,-0.052907
-1.5285,-0.072561
-1.5232,-0.016304
-1.5279,-0.069609
-1.524,-0.0111
-1.5249,-0.051025
-1.8228,0.2007
-1.5237,-0.011102
-1.5245,-0.0098125
-1.528,-0.068474
-1.5961,-0.11972
-1.6798,0.19416
-1.6526,0.061033
-1.795,0.23728
-1.9329,-0.143
-1.9331,-0.14418
-1.6538,0.06084
-1.6494,-0.076655
-1.5718,0.098555
-1.5718,0.098555
-1.659,0.057946
-1.527,-0.005967
-1.795,0.23728
-1.6383,-0.010376
-1.5689,0.11335
-1.7162,0.097824
-1.6479,0.057457
-1.531,0.0016826
-1.6652,0.036722
-1.5366,0.025507
-1.5361,-0.036385
-1.5358,0.023935
-1.5656,0.084996
-1.5363,0.023195
-1.8284,0.19121
-1.7879,0.20038
-1.9471,-0.16242
-1.5311,0.0018139
-1.518,-0.0061748
-1.5492,-0.1228
-1.6955,0.18069
-1.5579,-0.11816
-1.6634,0.048451
-1.7925,0.20347
-1.9185,-0.20127
-1.9473,-0.16825
-1.7874,0.20447
-1.792,0.20345
-1.792,0.20345
-1.8145,0.19917
-1.797,0.069858
-1.6939,0.054587
-1.8233,0.058555
-1.5351,-0.011397
-1.5464,0.035352
-1.5433,0.018048
-1.543,0.01776
-1.5246,-0.051187
-1.7988,0.19904
-1.5312,0.0022449
-1.5315,0.013596
-1.5275,-0.01383
-1.531,0.0017961
-1.7878,0.20039
-1.8256,0.19247
-1.9516,-0.15589
-1.8159,0.19498
-1.5313,0.013045
-1.5312,0.012681
-1.7988,0.19911
-1.8257,0.19244
-1.786,0.20107
-1.5266,-0.011392
-1.5324,0.014358
-1.5324,0.014358
-1.538,0.011587
-1.9176,-0.19646
-1.5257,-0.011948
-1.5311,0.0020471
-1.5363,0.023128
-1.5307,0.001311
-1.5316,0.0031687
-1.5359,0.022645
-1.5316,0.0031687
-1.531,0.00169
-1.7881,0.2004
-1.5364,0.0015735
-1.5309,0.001614
-1.7861,0.20115
-1.5325,0.014415
-1.5652,-0.1443
-1.7881,0.20044
-1.5357,0.024172
-1.5357,0.024172
-1.5357,0.024304
-1.7881,0.20044
-1.7881,0.20044
-1.8002,0.19855
-1.5326,0.014608
-1.7877,0.20037
-1.7887,0.19978
-1.5303,-0.010553
-1.7858,0.20099
-1.9546,-0.15289
-1.567,0.0766
-1.5357,0.024136
-1.5204,0.00060386
-1.5386,0.015028
-1.654,0.074224
-1.6539,0.055245
-1.6345,-0.1011
-1.8369,0.096212
-1.6449,0.057693
-1.6464,0.057349
-1.8364,0.091519
-1.8361,0.089174
-1.7081,0.096219
-1.6453,0.057676
-1.6667,0.072236
-1.6478,0.056299
-1.6466,0.057415
-1.6465,0.057392
-1.6555,0.044248
-1.8228,0.059695
-1.6455,-0.070005
-1.6925,0.047964
-1.8512,0.020856
-1.9378,-0.19922
-1.7613,0.097489
-1.6455,-0.069962
-1.6316,-0.099329
-1.6324,-0.10189
-1.8228,0.059695
-1.6525,0.0059329
-1.6471,0.081198
-1.6543,0.054304
-1.9236,-0.19012
-1.9236,-0.19012
-1.5363,0.02311
-1.5372,0.036762
-1.5372,0.036762
-1.5308,0.011157
-1.9597,-0.14443
-1.923,-0.19093
-1.6154,0.084777
-1.6551,0.025371
-1.7988,0.19912
-1.6924,0.20897
-1.7982,0.067138
-1.5437,-0.099889
-1.5312,0.0021762
-1.6525,0.060937
-1.6472,0.057163
-1.6537,0.060745
-1.6505,0.059133
-1.9467,-0.19051
-1.5323,0.014424
-1.571,-0.13505
-1.535,0.0022264
-1.5202,-0.070938
-1.9306,-0.1877
-1.5379,0.0074625
-1.6448,-0.032708
-1.6534,0.061316
-1.5567,0.077811
-1.564,-0.12714
-1.6925,0.20909
-1.9378,-0.19923
-1.9378,-0.19923
-1.6924,0.20903
-1.6925,0.20909
-1.6925,0.20909
-1.6925,0.20909
-1.6925,0.20909
-1.6925,0.20909
-1.7857,0.20109
-1.5436,-0.017889
-1.5341,-0.040319
-1.8429,0.16033
-1.5766,-0.12233
-1.7801,0.26589
-1.7801,0.26589
-1.7801,0.26589
-1.7801,0.26589
-1.7908,0.10484
-1.7139,0.098154
-1.6535,0.060132
-1.6509,0.059211
-1.646,0.057673
-1.6668,0.072196
-1.5477,-0.024666
-1.7714,-0.2304
-1.7919,0.09208
-1.6535,0.060037
-1.6504,-0.0722
-1.7708,-0.22991
-1.7714,-0.2304
-1.797,0.069858
-1.6939,0.054587
-1.8233,0.058555
-1.8202,0.057887
-1.7816,0.098244
-1.7708,-0.22991
-1.7714,-0.2304
-1.6624,0.048627
-1.6634,0.048451
-1.7858,0.20102
-1.7557,0.10342
-1.7714,-0.2304
-1.8789,0.13992
-1.7714,-0.2304
-1.7714,-0.2304
-1.7709,-0.22992
-1.7709,-0.22992
-1.7709,-0.23039
-1.6741,-0.20941
-1.7709,-0.22992
-1.7709,-0.22992
-1.7714,-0.2304
-1.9658,-0.0081721
-1.7563,0.10318
-1.6446,0.06102
-1.6355,-0.023699
-1.7829,0.096153
-1.7907,0.10505
-1.7557,0.10012
-1.7964,0.089954
-1.7818,0.097811
-1.7708,-0.22991
-1.7714,-0.2304
-1.6357,0.18571
-1.7881,0.1757
-1.7708,-0.22991
-1.7018,0.057115
-1.7886,0.19975
-1.9172,-0.19592
-1.5668,0.086534
-1.954,-0.15384
-1.5458,0.041872
-1.572,0.097171
-1.572,0.097171
-1.9546,-0.15281
-1.9556,-0.15122
-1.9304,-0.18244
-1.5315,0.013566
-1.5497,-0.10245
-1.5412,0.027115
-1.8256,0.19248
-1.8372,0.18627
-1.7879,0.20043
-1.5637,-0.14215
-1.5479,0.037704
-1.7989,0.19917
-1.5659,-0.14533
-1.788,0.20045
-1.5637,-0.14199
-1.8284,0.19123
-1.9692,-0.19776
-1.9548,-0.18094
-1.7714,-0.2304
-1.7709,-0.2302
-1.7713,-0.23067
-1.7713,-0.23067
-1.8778,0.14065
-1.6928,-0.21701
-1.9516,0.047659
-1.9597,-0.082633
-1.7714,-0.2304
-1.7714,-0.2304
-1.7714,-0.2304
-1.7709,-0.2302
-1.531,0.0016782
-1.7497,0.10106
-1.6527,0.060911
-1.7714,-0.2304
-1.928,-0.18623
-1.5372,0.037102
-1.7708,-0.22991
-1.7708,-0.22991
-1.7708,-0.22991
-1.7708,-0.22991
-1.7714,-0.2304
-1.5814,0.098016
-1.5547,0.06749
-1.5816,0.097863
-1.8141,0.19539
-1.949,-0.15991
-1.8139,0.1954
-1.5839,-0.12672
-1.5839,-0.12672
-1.5839,-0.12672
-1.9578,-0.090178
-1.6857,-0.21504
-1.5839,-0.12672
-1.9639,0.0053345
-1.5839,-0.12672
-1.5839,-0.12672
-1.7714,-0.2304
-1.9648,-0.00025541
-1.7714,-0.2304
-1.6552,0.04434
-1.6451,-0.078046
-1.6621,0.044784
-1.9518,0.047172
-1.7708,-0.22991
-1.9464,0.060604
-1.9541,-0.15298
-1.5545,0.06719
-1.6458,0.066031
-1.8122,0.11468
-1.7832,0.12465
-1.6639,-0.20445
-1.6639,-0.20445
-1.6639,-0.20445
-1.6639,-0.20445
-1.8084,0.072584
-1.6469,0.057249
-1.6786,0.20391
-1.6786,0.20391
-1.6786,0.20391
-1.6786,0.20391
-1.6778,0.20385
-1.6786,0.20391
-1.6786,0.20391
-1.6366,0.18516
-1.6786,0.20391
-1.6786,0.20391
-1.6786,0.20391
-1.6786,0.20391
-1.9467,-0.19049
-1.7714,-0.2304
-1.7714,-0.2304
-1.6249,-0.17502
-1.7702,-0.2302
-1.7966,0.07086
-1.5356,0.024047
-1.7713,-0.23066
-1.8539,0.13222
-1.8511,-0.21197
-1.8511,-0.21197
-1.8368,0.15933
-1.8511,-0.21197
-1.6075,-0.15382
-1.9452,-0.12337
-1.8511,-0.21197
-1.8511,-0.21197
-1.5775,0.056113
-1.9289,0.091062
-1.8511,-0.21197
-1.8511,-0.21197
-1.8511,-0.21197
-1.8511,-0.21197
-1.8511,-0.21197
-1.8511,-0.21197
-1.8511,-0.21197
-1.8511,-0.21197
-1.9352,0.08181
-1.8511,-0.21197
-1.8511,-0.21197
-1.8511,-0.21197
-1.8511,-0.21197
-1.8511,-0.21197
-1.8511,-0.21197
-1.8511,-0.21197
-1.8511,-0.21197
-1.8511,-0.21197
-1.8511,-0.21197
-1.8511,-0.21197
-1.8511,-0.21197
-1.9303,-0.14813
-1.8511,-0.21197
-1.8511,-0.21197
-1.8511,-0.21197
-1.9284,-0.14901
-1.8511,-0.21197
-1.8511,-0.21197
-1.9289,0.091063
-1.8511,-0.21197
-1.8511,-0.21197
-1.8511,-0.21197
-1.8511,-0.21197
-1.8511,-0.21197
-1.9283,-0.1491
-1.8511,-0.21197
-1.8511,-0.21197
-1.8511,-0.21197
-1.8511,-0.21197
-1.8511,-0.21197
-1.8511,-0.21197
-1.8511,-0.21197
-1.8511,-0.21197
-1.6454,0.057726
-1.7121,0.098236
-1.7155,0.097959
-1.5624,-0.14156
-1.5389,-0.047103
-1.5378,0.0074399
-1.5351,0.0024687
-1.563,-0.14741
-1.5491,0.065261
-1.5378,0.0074399
-1.5628,-0.14273
-1.7713,-0.23065
-1.6588,-0.20144
-1.958,-0.088271
-1.9582,-0.087806
-1.9582,-0.087806
-1.9668,-0.033283
-1.9582,-0.087806
-1.9582,-0.087806
-1.9582,-0.087806
-1.9582,-0.087806
-1.9582,-0.087806
-1.9582,-0.087806
-1.9582,-0.087806
-1.9327,-0.14318
-1.9582,-0.087806
-1.8761,-0.19901
-1.9582,-0.087806
-1.9582,-0.087806
-1.9582,-0.087806
-1.9582,-0.088874
-1.9582,-0.087806
-1.9623,0.013581
-1.9582,-0.087806
-1.9582,-0.087806
-1.9582,-0.087806
-1.9582,-0.087806
-1.7052,0.11459
-1.9582,-0.087806
-1.9582,-0.087804
-1.9513,-0.11119
-1.9582,-0.087806
-1.9582,-0.087806
-1.9582,-0.087806
-1.9582,-0.087806
-1.9582,-0.087806
-1.9582,-0.087806
-1.9582,-0.087806
-1.9293,-0.14919
-1.9582,-0.087806
-1.9582,-0.087806
-1.9582,-0.087806
-1.9582,-0.087806
-1.9582,-0.087806
-1.9582,-0.087806
-1.9582,-0.087806
-1.9582,-0.087806
-1.9582,-0.087806
-1.9582,-0.087806
-1.9582,-0.087806
-1.8781,0.14043
-1.8116,0.12035
-1.8116,0.11969
-1.7879,0.087612
-1.8197,0.055854
-1.6363,0.18485
-1.9447,-0.19246
-1.8173,0.060057
-1.8021,0.17563
-1.7831,0.096225
-1.5793,0.037773
-1.7474,0.16429
-1.7176,0.097465
-1.6768,0.19514
-1.9576,-0.15768
-1.7833,0.17091
-1.7833,0.17091
-1.6002,0.09073
-1.7714,-0.2304
-1.9442,-0.12423
-1.851,0.020341
-1.851,0.020341
-1.7716,-0.23038
-1.7716,-0.23038
-1.7552,0.1004
-1.6449,0.057731
-1.7907,0.10485
-1.6667,0.072236
-1.6667,0.072236
-1.7109,0.097962
-1.6667,0.072236
-1.6667,0.072236
-1.6533,0.060879
-1.6667,0.072236
-1.6667,0.072236
-1.7907,0.10485
-1.6323,-0.098807
-1.8412,0.09074
-1.6536,0.060985
-1.8411,0.090211
-1.6721,-0.20867
-1.6721,-0.20867
-1.6472,0.057323
-1.775,0.15989
-1.6039,0.09153
-1.775,0.15989
-1.6053,0.090315
-1.781,0.15888
-1.9037,-0.18576
-1.6475,0.12712
-1.6826,0.19553
-1.8226,0.20053
-1.6836,0.19605
-1.6836,0.19605
-1.6628,0.18613
-1.9582,-0.15774
-1.5638,-0.11714
-1.5784,0.10433
-1.5563,0.073006
-1.562,0.075475
-1.562,0.075475
-1.5615,0.075549
-1.562,0.075475
-1.5784,-0.13269
-1.6621,0.22095
-1.6526,0.068761
-1.6509,0.068227
-1.5256,-0.011932
-1.5326,0.014712
-1.6018,0.056523
-1.88,0.14269
-1.8212,0.06266
-1.8818,0.13779
-1.6049,0.086413
-1.7996,0.061456
-1.5937,-0.022595
-1.5937,-0.022595
-1.5937,-0.022595
-1.8359,0.11073
-1.8622,-0.062514
-1.5937,-0.022595
-1.5937,-0.022595
-1.5937,-0.022595
-1.5937,-0.022595
-1.6776,0.11231
-1.8359,0.11073
-1.5943,0.0031406
-1.5937,-0.022595
-1.7881,0.18198
-1.9527,-0.10762
-1.584,-0.12658
-1.9602,0.022492
-1.8679,0.14661
-1.9326,-0.14344
-1.7694,-0.23053
-1.7694,-0.23053
-1.584,-0.12704
-1.8515,0.15444
-1.8515,0.15444
-1.7698,-0.23054
-1.8515,0.15444
-1.524,-0.011456
-1.6761,-0.21037
-1.6642,-0.20462
-1.6381,-0.18675
-1.6381,-0.18675
-1.6381,-0.18675
-1.5675,0.077056
-1.5533,-0.12067
-1.9216,-0.19187
-1.5718,0.098571
-1.9169,-0.19716
-1.9216,-0.19187
-1.9216,-0.19187
-1.9417,-0.16919
-1.9158,-0.19561
-1.565,-0.14386
-1.9417,-0.16919
-1.5365,0.0020669
-1.9216,-0.19187
-1.9417,-0.16919
-1.5362,-0.061441
-1.9216,-0.19187
-1.8269,0.19162
-1.9216,-0.19187
-1.9417,-0.16919
-1.565,-0.14386
-1.9216,-0.19187
-1.5361,-0.036736
-1.9216,-0.19187
-1.7878,0.2004
-1.9493,-0.15673
-1.5361,-0.036736
-1.565,-0.14386
-1.5362,-0.061441
-1.9417,-0.16919
-1.5527,0.060173
-1.9216,-0.19187
-1.9216,-0.19187
-1.9546,-0.15281
-1.9417,-0.16919
-1.9493,-0.15673
-1.9277,-0.18511
-1.5718,0.098571
-1.917,-0.19706
-1.8032,0.26189
-1.5325,0.014553
-1.8158,0.19501
-1.5417,0.027822
-1.8158,0.19501
-1.8158,0.19501
-1.5718,0.098571
-1.8158,0.19501
-1.5671,0.076812
-1.6618,0.044892
-1.6621,0.044791
-1.9266,-0.15188
-1.6042,0.15418
-1.5272,-0.071937
-1.7787,0.16509
-1.694,0.05419
-1.537,-0.023112
-1.5599,-0.14124
-1.8084,0.12862
-1.7953,0.067829
-1.6479,0.065012
-1.7894,0.058445
-1.6641,0.19563
-1.8445,0.15884
-1.7208,0.24184
-1.8012,0.081617
-1.6471,0.054873
-1.8197,0.098568
-1.7826,0.157
-1.6202,-0.10232
-1.8359,0.095174
-1.605,0.15579
-1.6055,0.12654
-1.5212,-0.012031
-1.5226,-0.012188
-1.8085,0.073002
-1.733,0.22139
-1.8395,0.16044
-1.8241,0.19998
-1.5327,-0.002335
-1.9283,-0.1901
-1.8483,0.029634
-1.6129,0.15831
-1.5271,-0.024713
-1.6578,0.21118
-1.5815,0.098548
-1.8209,0.19872
-1.6297,0.070615
-1.7902,0.10547
-1.8361,0.09574
-1.6401,0.18964
-1.8673,0.14698
-1.6716,-0.2082
-1.9311,0.087664
-1.9447,0.063871
-1.7714,-0.2304
-1.5967,0.085661
-1.9296,-0.14862
-1.5812,-0.12753
-1.9659,-0.0093067
-1.9532,-0.10683
-1.9525,-0.10806
-1.5839,-0.12671
-1.9274,0.093217
-1.5839,-0.1267
-1.8701,0.14536
-1.593,0.075654
-1.5842,-0.12686
-1.8673,0.14698
-1.939,-0.13519
-1.6135,-0.16295
-1.7704,-0.23041
-1.9447,0.063871
-1.9461,0.060898
-1.9559,-0.095846
-1.9624,-0.070615
-1.7714,-0.2304
-1.8045,-0.1201
-1.7796,0.14251
-1.7714,-0.2304
-1.956,-0.095579
-1.9447,0.063871
-1.7705,-0.23022
-1.7714,-0.2304
-1.9559,-0.095846
-1.9659,-0.0094545
-1.7714,-0.2304
-1.688,0.13366
-1.7703,-0.23023
-1.9461,0.060898
-1.9559,-0.095846
-1.9447,0.063871
-1.6164,0.09226
-1.7714,-0.2304
-1.7931,0.12757
-1.9559,-0.095846
-1.8766,0.14111
-1.8848,-0.19269
-1.8194,0.1417
-1.9559,-0.095846
-1.7714,-0.2304
-1.9447,0.063871
-1.939,-0.13519
-1.9266,-0.1519
-1.5944,-0.023077
-1.9447,0.063871
-1.9447,0.063871
-1.9559,-0.095846
-1.9447,0.063871
-1.7704,-0.23019
-1.9531,-0.10744
-1.8798,0.13917
-1.9559,-0.095846
-1.9447,0.063871
-1.7714,-0.2304
-1.763,-0.027546
-1.964,0.0048202
-1.8766,0.14111
-1.5842,-0.12682
-1.9559,-0.095846
-1.7714,-0.2304
-1.5988,0.087462
-1.9274,0.093217
-1.7711,-0.23046
-1.5978,0.028167
-1.9274,0.093217
-1.5839,-0.12665
-1.9274,0.093217
-1.7714,-0.2304
-1.5844,-0.13169
-1.6673,0.14841
-1.5942,-0.1185
-1.7705,-0.23065
-1.8762,-0.19895
-1.7714,-0.2304
-1.9559,-0.095846
-1.8762,-0.19895
-1.8402,0.15663
-1.939,-0.13519
-1.7714,-0.2304
-1.931,-0.14735
-1.9275,0.093088
-1.8646,-0.052356
-1.7626,-0.02749
-1.9266,-0.15188
-1.8429,0.16413
-1.9559,-0.095846
-1.584,-0.12702
-1.7704,-0.23018
-1.9559,-0.095846
-1.9447,0.063871
-1.9532,-0.10683
-1.9266,-0.1519
-1.9447,0.063871
-1.8673,0.14698
-1.6103,0.069974
-1.8761,-0.19886
-1.9447,0.063871
-1.7704,-0.23019
-1.8015,-0.22647
-1.8784,0.14013
-1.9266,-0.1519
-1.9559,-0.095846
-1.9659,-0.0093168
-1.9306,-0.14618
-1.7714,-0.2306
-1.8673,0.14698
-1.9447,0.063871
-1.5839,-0.1267
-1.7822,0.13193
-1.5875,-0.13087
-1.7714,-0.2304
-1.8003,0.16883
-1.9447,0.063871
-1.9447,0.063871
-1.6334,-0.11507
-1.6736,-0.20944
-1.9274,0.093217
-1.956,-0.095579
-1.6135,-0.16295
-1.7708,-0.22991
-1.9669,-0.025931
-1.6637,-0.20431
-1.7714,-0.2304
-1.7634,-0.027473
-1.5839,-0.1267
-1.5842,-0.12682
-1.6073,-0.11576
-1.9288,-0.15004
-1.9559,-0.095846
-1.9447,0.063871
-1.8693,-0.050408
-1.9447,0.063871
-1.5788,0.046178
-1.9668,-0.023785
-1.9447,0.063871
-1.9559,-0.095846
-1.8673,0.14698
-1.8848,-0.19269
-1.9447,0.063871
-1.9266,-0.15188
-1.9559,-0.095846
-1.9659,-0.0093168
-1.5842,-0.12682
-1.5839,-0.12666
-1.9559,-0.095846
-1.9447,0.063871
-1.9461,0.060898
-1.9546,0.042769
-1.7714,-0.2304
-1.8682,0.14646
-1.9274,0.093217
-1.5839,-0.12668
-1.7684,-0.22996
-1.5877,0.068325
-1.6887,0.13177
-1.7714,-0.2304
-1.7707,-0.23068
-1.7714,-0.2304
-1.9658,-0.073758
-1.9559,-0.095846
-1.8503,-0.091614
-1.5943,-0.02301
-1.769,-0.23055
-1.8059,0.086838
-1.6094,0.046889
-1.9461,0.060898
-1.9547,0.042457
-1.9447,0.063871
-1.5839,-0.1267
-1.8673,0.14698
-1.9445,0.064221
-1.7123,0.13414
-1.951,-0.11187
-1.9447,0.063871
-1.9559,-0.095846
-1.9559,-0.095846
-1.8677,-0.067819
-1.9532,-0.10683
-1.9559,-0.095846
-1.9559,-0.095846
-1.939,-0.13519
-1.6823,-0.21362
-1.5809,-0.12488
-1.8766,0.14111
-1.9447,0.063871
-1.867,0.14715
-1.939,-0.13519
-1.9447,0.063871
-1.9559,-0.095846
-1.7714,-0.2304
-1.7704,-0.2302
-1.8014,-0.22646
-1.9656,-0.0074177
-1.9447,0.063871
-1.9447,0.063871
-1.609,0.02666
-1.9447,0.063871
-1.953,-0.10756
-1.7704,-0.23071
-1.7694,-0.22994
-1.7697,-0.23001
-1.8294,0.1609
-1.9559,-0.095846
-1.9547,0.042457
-1.6196,0.069371
-1.6264,0.069069
-1.8791,0.13974
-1.9532,-0.10683
-1.584,-0.12699
-1.9551,-0.098233
-1.9274,0.09322
-1.8993,-0.1548
-1.939,-0.13519
-1.9559,-0.095846
-1.9274,0.093217
-1.7626,-0.027542
-1.9559,-0.095846
-1.5798,-0.12868
-1.7714,-0.2304
-1.633,0.093308
-1.9465,-0.12044
-1.8429,0.158
-1.6743,0.11899
-1.8673,0.14698
-1.638,-0.087176
-1.5842,-0.12682
-1.6637,-0.20431
-1.9461,0.060898
-1.9559,-0.095846
-1.6069,-0.15087
-1.7714,-0.2304
-1.7646,-0.027684
-1.8673,0.14698
-1.9274,0.093217
-1.9447,0.063871
-1.8704,0.14518
-1.955,0.041632
-1.5915,-0.13404
-1.7716,-0.23038
-1.9679,0.0049318
-1.7708,-0.22991
-1.8504,0.15927
-1.9306,-0.14618
-1.9461,0.060898
-1.7259,0.1306
-1.6417,-0.09661
-1.5943,-0.02301
-1.8771,0.14078
-1.9559,-0.095846
-1.9447,0.063871
-1.9604,0.022254
-1.5946,-0.023035
-1.8848,-0.19269
-1.6578,-0.064947
-1.6991,0.15076
-1.9274,0.093217
-1.9559,-0.095846
-1.6135,-0.16295
-1.9656,-0.0074225
-1.8769,0.14089
-1.7618,-0.027545
-1.8169,0.13899
-1.7714,-0.2304
-1.9559,-0.095846
-1.7722,-0.23003
-1.5839,-0.1267
-1.9274,0.093217
-1.5943,-0.02301
-1.9274,0.093158
-1.9532,-0.10683
-1.8145,0.13717
-1.5821,-0.12459
-1.7704,-0.23019
-1.7716,-0.23063
-1.9447,0.063871
-1.9559,-0.095846
-1.9304,0.088483
-1.7705,-0.23042
-1.7625,-0.02753
-1.9659,-0.0093167
-1.7714,-0.2304
-1.6816,-0.21329
-1.9326,-0.1429
-1.9601,-0.080721
-1.7714,-0.2304
-1.9266,-0.1519
-1.939,-0.13519
-1.7267,0.12011
-1.8713,0.14465
-1.9447,0.063871
-1.9559,-0.095846
-1.7714,-0.2304
-1.7708,-0.22991
-1.5839,-0.1267
-1.9266,-0.15188
-1.8848,-0.19269
-1.8848,-0.19269
-1.5842,-0.1312
-1.9666,-0.019655
-1.7714,-0.2304
-1.9559,-0.095846
-1.9559,-0.095846
-1.9559,-0.095846
-1.7708,-0.22991
-1.7714,-0.2304
-1.9447,0.063871
-1.6925,-0.21691
-1.7118,0.1335
-1.6199,0.069317
-1.7714,-0.2304
-1.7714,-0.2304
-1.8097,0.16906
-1.8673,0.14698
-1.7706,-0.23064
-1.5966,0.062303
-1.9559,-0.095846
-1.9596,-0.082999
-1.9559,-0.095846
-1.9559,-0.095846
-1.9447,0.063871
-1.9447,0.063871
-1.8761,-0.19885
-1.9447,0.063871
-1.956,-0.095579
-1.9274,0.093217
-1.7618,-0.027545
-1.5841,-0.12693
-1.8489,0.10111
-1.9325,-0.14356
-1.939,-0.13519
-1.7714,-0.2304
-1.6497,-0.10293
-1.77,-0.23018
-1.9274,0.093217
-1.956,-0.095579
-1.9447,0.063871
-1.5855,0.078954
-1.7623,-0.027547
-1.9634,-0.065394
-1.5709,-0.10464
-1.9659,-0.0093168
-1.9559,-0.095846
-1.8239,0.16593
-1.9274,0.093217
-1.9559,-0.095846
-1.8704,-0.067735
-1.9653,-0.0042591
-1.9559,-0.095846
-1.8769,0.14089
-1.7714,-0.2304
-1.9274,0.093217
-1.6782,-0.21178
-1.9315,-0.14717
-1.5841,-0.12698
-1.9546,0.042769
-1.9447,0.063871
-1.8767,0.14543
-1.9266,-0.1519
-1.7706,-0.2307
-1.9274,0.093217
-1.9447,0.063871
-1.7714,-0.2304
-1.7705,-0.23044
-1.7714,-0.2304
-1.9447,0.063871
-1.9326,-0.14338
-1.9559,-0.095846
-1.9532,-0.10683
-1.7894,0.17743
-1.9559,-0.095846
-1.5842,-0.1312
-1.6043,0.092037
-1.9274,0.093158
-1.8848,-0.19269
-1.9458,0.061771
-1.9559,-0.095846
-1.9447,0.063871
-1.7714,-0.2304
-1.7708,-0.22991
-1.5859,-0.12157
-1.7699,-0.23018
-1.9326,-0.14336
-1.5858,-0.12433
-1.9274,0.093217
-1.9447,0.063871
-1.8673,0.14698
-1.9274,0.093217
-1.7708,-0.22991
-1.5943,-0.02301
-1.8675,0.14684
-1.7704,-0.23019
-1.7704,-0.23069
-1.8661,0.14762
-1.8652,-0.20208
-1.9562,0.038252
-1.5807,-0.12405
-1.9447,0.063871
-1.9461,0.060898
-1.9659,-0.0093167
-1.7714,-0.2304
-1.6199,0.069317
-1.9447,0.063871
-1.5799,-0.12925
-1.7705,-0.23042
-1.8678,0.14668
-1.9447,0.063871
-1.9274,0.093217
-1.6135,-0.16295
-1.931,-0.14741
-1.9532,-0.10683
-1.6573,-0.20046
-1.5899,0.090293
-1.8673,0.14698
-1.9442,-0.12423
-1.9657,-0.0083347
-1.6433,0.12847
-1.7711,-0.23068
-1.5869,-0.13893
-1.9447,0.063871
-1.929,-0.14966
-1.939,-0.13519
-1.5962,0.069586
-1.7714,-0.2304
-1.9559,-0.095846
-1.9551,0.041399
-1.9559,-0.095846
-1.7714,-0.2304
-1.9624,0.013306
-1.9274,0.093217
-1.7627,-0.027436
-1.939,-0.13519
-1.8045,-0.1201
-1.9559,-0.095846
-1.9447,0.063871
-1.9532,-0.10683
-1.7714,-0.2304
-1.9266,-0.15188
-1.9559,-0.095846
-1.9447,0.063871
-1.6042,0.091719
-1.9465,-0.12044
-1.9328,-0.14296
-1.7714,-0.2304
-1.7714,-0.2304
-1.939,-0.13519
-1.6854,0.10688
-1.8673,0.14698
-1.9331,-0.14483
-1.9447,0.063871
-1.7702,-0.23035
-1.9447,0.063871
-1.9274,0.093217
-1.8766,0.14111
-1.9601,-0.080721
-1.7714,-0.2304
-1.7715,-0.23056
-1.5856,-0.017607
-1.7123,0.13414
-1.8202,0.13946
-1.9559,-0.095846
-1.9559,-0.095846
-1.9668,-0.02302
-1.7714,-0.2304
-1.7684,-0.22996
-1.9461,0.060898
-1.8014,-0.22646
-1.648,0.1476
-1.9447,0.063871
-1.5948,-0.12252
-1.7714,-0.2304
-1.9666,-0.01881
-1.9274,0.093217
-1.6734,-0.20938
-1.8673,0.14698
-1.6233,0.087532
-1.7714,-0.2304
-1.6261,0.082366
-1.9447,0.063871
-1.939,-0.13519
-1.7714,-0.2304
-1.8429,0.158
-1.9266,-0.1519
-1.9266,-0.1519
-1.7625,-0.02753
-1.7706,-0.23038
-1.8504,0.15927
-1.771,-0.23041
-1.5885,0.098562
-1.9447,0.063871
-1.9559,-0.095846
-1.9669,-0.027556
-1.7704,-0.2304
-1.5943,-0.02301
-1.9461,0.060898
-1.9659,-0.0093168
-1.9447,0.063871
-1.9506,0.049969
-1.9461,0.060898
-1.5839,-0.1267
-1.8045,-0.1201
-1.5839,-0.12668
-1.9301,-0.14909
-1.604,-0.1157
-1.5951,0.094793
-1.8511,-0.21204
-1.929,0.091018
-1.9266,-0.15188
-1.7704,-0.2304
-1.9559,-0.095846
-1.5839,-0.1267
-1.7714,-0.2304
-1.9274,0.093217
-1.6762,-0.21043
-1.9559,-0.095846
-1.8045,-0.1201
-1.591,0.07537
-1.9559,-0.095846
-1.7628,-0.027493
-1.7714,-0.2304
-1.7714,-0.2304
-1.87,-0.052149
-1.9559,-0.095846
-1.9447,0.063871
-1.594,-0.022579
-1.7714,-0.2304
-1.8822,0.13751
-1.6554,-0.19899
-1.7714,-0.2304
-1.5844,-0.13169
-1.9461,0.060898
-1.9274,0.093217
-1.9447,0.063871
-1.9459,-0.12172
-1.802,-0.22612
-1.6038,-0.14582
-1.9639,0.0052922
-1.8673,0.14698
-1.7714,-0.2304
-1.8762,-0.19895
-1.6128,0.10019
-1.8673,0.14698
-1.9231,-0.15043
-1.9634,0.0080511
-1.5839,-0.1267
-1.9559,-0.095846
-1.9459,0.061515
-1.9447,0.063871
-1.9266,-0.15188
-1.9266,-0.1519
-1.9521,-0.1089
-1.7713,-0.23065
-1.5934,-0.12531
-1.9274,0.093217
-1.8848,-0.19269
-1.9559,-0.095846
-1.7714,-0.2304
-1.5839,-0.1267
-1.9447,0.063871
-1.764,-0.027273
-1.9465,-0.12044
-1.9559,-0.095846
-1.9274,0.093217
-1.6855,-0.21496
-1.8848,-0.19269
-1.9274,0.093217
-1.8673,0.14698
-1.9559,-0.095846
-1.5702,-0.10364
-1.9601,-0.080721
-1.7706,-0.2307
-1.9525,-0.1081
-1.6005,0.078929
-1.8193,0.16398
-1.8936,0.12898
-1.939,-0.13519
-1.7714,-0.2304
-1.8663,-0.069253
-1.7625,-0.02753
-1.5837,-0.127
-1.956,-0.095579
-1.8612,0.14986
-1.6135,-0.16295
-1.6694,0.13477
-1.8848,-0.19269
-1.9447,0.063871
-1.8848,-0.19269
-1.6195,0.069362
-1.5839,-0.1267
-1.9266,-0.1519
-1.8794,0.13944
-1.7705,-0.23061
-1.931,0.087613
-1.6036,0.03773
-1.5839,-0.1267
-1.8045,-0.1201
-1.7714,-0.2304
-1.9559,-0.095846
-1.7714,-0.2304
-1.5839,-0.12672
-1.8673,0.14698
-1.5944,-0.023077
-1.9559,-0.095846
-1.8123,0.16613
-1.9447,0.063871
-1.5866,0.071565
-1.8761,-0.19898
-1.9285,-0.14889
-1.9461,0.060898
-1.8202,0.13914
-1.9274,0.093217
-1.9659,-0.0091915
-1.616,0.090157
-1.7714,-0.2304
-1.9447,0.063871
-1.8538,-0.056379
-1.8673,0.14698
-1.931,-0.14735
-1.5839,-0.1267
-1.9274,0.093217
-1.9559,-0.095846
-1.8511,-0.21195
-1.9274,0.093217
-1.9668,-0.033512
-1.939,-0.13519
-1.5842,-0.1312
-1.6609,-0.20243
-1.9559,-0.095846
-1.7714,-0.2304
-1.9572,0.035241
-1.6182,-0.10593
-1.9447,0.063871
-1.9559,-0.095846
-1.7704,-0.22994
-1.9447,0.063871
-1.9559,-0.095846
-1.9447,0.063873
-1.931,0.087678
-1.8761,-0.19886
-1.9559,-0.095846
-1.9447,0.063871
-1.6135,-0.16295
-1.9447,0.063871
-1.6616,0.10743
-1.6135,-0.16295
-1.584,-0.127
-1.7714,-0.2304
-1.7714,-0.2304
-1.5827,-0.13074
-1.8622,0.14932
-1.9461,0.060898
-1.6056,0.088266
-1.5839,-0.1267
-1.6068,-0.1523
-1.8766,0.14111
-1.7636,-0.027271
-1.8693,-0.051054
-1.9447,0.063871
-1.9533,-0.10659
-1.8837,-0.16569
-1.5934,-0.019287
-1.8775,0.14056
-1.939,-0.13519
-1.5839,-0.12667
-1.5943,-0.02301
-1.9559,-0.095846
-1.8673,0.14698
-1.9628,-0.068968
-1.5839,-0.1267
-1.9559,-0.095846
-1.6135,-0.16295
-1.6201,0.069292
-1.6314,-0.18142
-1.9447,0.063871
-1.623,-0.10333
-1.581,-0.12682
-1.9559,-0.095846
-1.5839,-0.1267
-1.9447,0.063871
-1.8761,-0.19885
-1.9559,-0.095846
-1.7984,0.14501
-1.5842,-0.12682
-1.6076,0.087219
-1.8801,0.13897
-1.851,-0.21219
-1.5839,-0.1267
-1.9666,-0.018657
-1.7704,-0.23017
-1.939,-0.13519
-1.931,-0.14732
-1.962,0.014823
-1.584,-0.12697
-1.9447,0.063871
-1.9526,-0.10772
-1.7629,-0.027536
-1.7714,-0.2304
-1.9447,0.063871
-1.939,-0.13519
-1.9559,-0.095846
-1.7706,-0.23067
-1.5841,-0.12694
-1.6138,-0.11311
-1.6857,-0.21507
-1.9463,-0.12081
-1.7705,-0.23042
-1.8761,-0.19885
-1.5839,-0.12663
-1.8653,-0.20203
-1.8848,-0.19269
-1.7714,-0.2304
-1.7714,-0.2304
-1.9447,0.063871
-1.9559,-0.095846
-1.9447,0.063873
-1.8822,0.1375
-1.8673,0.14698
-1.9274,0.093217
-1.9447,0.063871
-1.7714,-0.2304
-1.5837,0.074753
-1.8761,-0.19885
-1.9447,0.063871
-1.939,-0.13519
-1.9274,0.093217
-1.8703,0.14529
-1.9266,-0.1519
-1.7714,-0.2304
-1.9265,-0.15201
-1.9323,-0.14585
-1.9559,-0.095846
-1.6637,-0.20431
-1.867,0.14714
-1.9447,0.063871
-1.7708,-0.22991
-1.7704,-0.23018
-1.7714,-0.2304
-1.9293,0.09024
-1.6116,-0.11114
-1.6678,0.14867
-1.6442,0.08714
-1.9559,-0.095846
-1.7714,-0.2304
-1.9447,0.063871
-1.5834,-0.014739
-1.9138,-0.16801
-1.9447,0.063871
-1.956,-0.095579
-1.8673,0.14698
-1.802,-0.22612
-1.6027,-0.11789
-1.7714,-0.2304
-1.9466,0.060036
-1.8848,-0.19269
-1.6072,0.047161
-1.636,-0.086318
-1.7714,-0.2304
-1.9559,-0.095846
-1.7627,-0.027507
-1.867,0.14714
-1.6726,-0.20896
-1.9447,0.063871
-1.5842,-0.12682
-1.9559,-0.095846
-1.9304,0.088483
-1.9266,-0.1519
-1.6961,0.16134
-1.8673,0.14698
-1.8045,-0.1201
-1.9552,0.041166
-1.955,0.041722
-1.8045,-0.1201
-1.7625,-0.02753
-1.9274,0.093217
-1.9266,-0.1519
-1.599,-0.0045164
-1.6933,-0.21721
-1.6198,0.028649
-1.8194,0.16456
-1.9301,-0.14843
-1.9266,-0.1519
-1.9559,-0.095846
-1.9532,-0.10683
-1.8766,0.14111
-1.9624,0.013306
-1.9447,0.063871
-1.8673,0.14698
-1.8173,0.16903
-1.8821,0.13762
-1.8511,-0.21204
-1.9553,-0.097747
-1.955,0.041728
-1.8673,0.14698
-1.7714,-0.2304
-1.9659,-0.0093159
-1.9461,0.060898
-1.8848,-0.19269
-1.7714,-0.2304
-1.9559,-0.095846
-1.6047,0.099307
-1.9436,-0.12548
-1.9447,0.063871
-1.7684,-0.22996
-1.5766,-0.11708
-1.8241,0.13662
-1.627,-0.099146
-1.939,-0.13519
-1.9447,0.063871
-1.8848,-0.19269
-1.8761,-0.19899
-1.9447,0.063871
-1.6047,0.099307
-1.9461,0.060898
-1.5824,-0.024853
-1.7634,-0.027473
-1.6246,0.082854
-1.9447,0.063871
-1.9447,0.063871
-1.8687,0.1462
-1.7714,-0.2304
-1.7544,0.13744
-1.8796,0.13945
-1.8848,-0.19269
-1.8667,-0.051301
-1.9447,0.063871
-1.8673,0.14698
-1.9667,-0.020406
-1.8671,0.14707
-1.9559,-0.095846
-1.7714,-0.2304
-1.8196,0.14026
-1.8673,0.14698
-1.6742,-0.20939
-1.9559,-0.095846
-1.7714,-0.2304
-1.9461,0.060898
-1.5961,-0.1203
-1.5799,-0.12925
-1.6735,-0.086233
-1.939,-0.13519
-1.6262,0.081609
-1.7711,-0.23038
-1.9559,-0.095846
-1.9559,-0.095846
-1.5839,-0.12666
-1.9447,0.063871
-1.7714,-0.2304
-1.5855,0.070209
-1.8848,-0.19269
-1.7703,-0.23023
-1.9532,-0.10683
-1.9447,0.063871
-1.6197,0.067799
-1.9559,-0.095846
-1.6007,-0.11515
-1.9559,-0.095846
-1.7714,-0.2304
-1.9559,-0.095846
-1.8673,0.14698
-1.8017,-0.22644
-1.8848,-0.19269
-1.9559,-0.095846
-1.8673,0.14698
-1.9266,-0.1519
-1.9447,0.063871
-1.9559,-0.095846
-1.5944,-0.023077
-1.8761,-0.19898
-1.5948,-0.023111
-1.9447,0.063871
-1.7543,0.16623
-1.7704,-0.23018
-1.9559,-0.095846
-1.9274,0.093217
-1.8818,0.13785
-1.8667,-0.051301
-1.8848,-0.19269
-1.9559,-0.095846
-1.5756,-0.11571
-1.9447,0.063871
-1.9447,0.063871
-1.592,0.075941
-1.609,0.08771
-1.9559,-0.095846
-1.8045,-0.1201
-1.931,0.087613
-1.7714,-0.2304
-1.9461,0.060898
-1.9447,0.063871
-1.939,-0.13519
-1.9533,-0.1066
-1.8848,-0.19269
-1.9447,0.063871
-1.8715,-0.066344
-1.9447,0.063871
-1.8453,-0.094844
-1.9447,0.063871
-1.9559,-0.095846
-1.595,-0.023058
-1.7684,-0.22996
-1.5976,-0.091063
-1.9447,0.063871
-1.8511,-0.21204
-1.5843,-0.1317
-1.7714,-0.2304
-1.867,0.14714
-1.7714,-0.2304
-1.6135,-0.16295
-1.7699,-0.23022
-1.9559,-0.095846
-1.964,0.0048203
-1.6554,-0.19919
-1.9301,-0.14913
-1.7027,0.13326
-1.7628,-0.027496
-1.8511,-0.21204
-1.7636,-0.027443
-1.9266,-0.15188
-1.9447,0.063871
-1.8848,-0.19269
-1.8673,0.14698
-1.8014,-0.22646
-1.9532,-0.10683
-1.6135,-0.16295
-1.9447,0.063871
-1.584,-0.12654
-1.9274,0.093217
-1.59,0.077881
-1.9435,-0.12554
-1.7714,-0.2304
-1.6135,-0.16295
-1.667,0.14826
-1.9559,-0.095846
-1.8661,0.14762
-1.9464,0.060381
-1.939,-0.13519
-1.8045,-0.1201
-1.921,-0.14673
-1.7714,-0.2304
-1.8762,-0.19894
-1.7714,-0.2304
-1.6292,0.074015
-1.614,0.087217
-1.6844,-0.21451
-1.7714,-0.2304
-1.8761,-0.19902
-1.9559,-0.095846
-1.7631,-0.027487
-1.8291,0.16213
-1.5584,0.014119
-1.9331,-0.14483
-1.672,0.073114
-1.645,0.10255
-1.7704,-0.23019
-1.787,0.13981
-1.9559,-0.095846
-1.5839,-0.1267
-1.7705,-0.23043
-1.6637,-0.20431
-1.6738,-0.20957
-1.931,0.087678
-1.7707,-0.23069
-1.6844,-0.21449
-1.9559,-0.095846
-1.8515,0.15462
-1.851,-0.2122
-1.7705,-0.23044
-1.9658,-0.0087665
-1.7704,-0.23019
-1.9195,-0.15263
-1.8762,-0.19895
-1.9532,-0.10683
-1.9331,-0.14483
-1.931,0.087613
-1.8118,0.15525
-1.8848,-0.19269
-1.8766,0.14111
-1.584,-0.12661
-1.8403,0.15561
-1.9559,-0.095846
-1.5981,0.022225
-1.6587,0.071101
-1.9459,-0.12179
-1.9657,-0.0081317
-1.9559,-0.095846
-1.7123,0.13414
-1.5943,-0.02301
-1.9266,-0.1519
-1.7688,-0.22992
-1.9559,-0.095846
-1.6271,-0.098033
-1.5839,-0.1267
-1.9447,0.063871
-1.9128,-0.14777
-1.7714,-0.2304
-1.5842,-0.12682
-1.7714,-0.2304
-1.5877,0.068325
-1.9559,-0.095846
-1.9559,-0.095846
-1.7684,-0.22996
-1.6264,-0.17641
-1.9447,0.063871
-1.9447,0.063871
-1.5965,0.039219
-1.7618,-0.027545
-1.7714,-0.2304
-1.7714,-0.2304
-1.7327,0.17503
-1.939,-0.13519
-1.8673,0.14698
-1.7695,-0.22994
-1.6038,-0.11082
-1.9274,0.093217
-1.9447,0.063871
-1.5841,-0.12695
-1.6119,0.086386
-1.9664,-0.017181
-1.9461,0.060898
-1.7687,-0.23056
-1.9447,0.063871
-1.8673,0.14698
-1.6324,0.0882
-1.9546,0.042769
-1.7714,-0.2304
-1.7714,-0.2304
-1.9274,0.093217
-1.9266,-0.1519
-1.9306,-0.14611
-1.9274,0.093158
-1.5845,0.03648
-1.8708,-0.11199
-1.9559,-0.095846
-1.6007,0.040033
-1.9465,-0.12044
-1.7705,-0.23008
-1.9666,-0.018743
-1.6062,0.084854
-1.9447,0.063871
-1.931,0.087678
-1.594,0.0030235
-1.7714,-0.2306
-1.7703,-0.23023
-1.5944,-0.023077
-1.9274,0.093217
-1.8804,0.13881
-1.9529,-0.10769
-1.7714,-0.2304
-1.9447,0.063871
-1.6928,-0.21698
-1.9288,-0.15004
-1.6281,-0.09826
-1.9266,-0.15188
-1.7714,-0.2304
-1.7695,-0.23027
-1.5845,-0.1217
-1.587,-0.1334
-1.9559,-0.095846
-1.9559,-0.095846
-1.9653,-0.0050596
-1.7618,-0.027545
-1.7714,-0.2304
-1.7916,0.17316
-1.939,-0.13519
-1.9326,-0.14341
-1.7716,-0.23037
-1.5784,-0.030435
-1.7954,0.11274
-1.6038,0.091996
-1.6789,-0.21208
-1.9266,-0.15188
-1.7626,-0.02753
-1.6579,0.037034
-1.7714,-0.2304
-1.9532,-0.10683
-1.939,-0.13519
-1.8673,0.14698
-1.8661,0.14762
-1.5803,-0.12881
-1.9442,-0.12423
-1.9559,-0.095846
-1.9266,-0.15188
-1.9559,-0.095846
-1.9447,0.063871
-1.9268,-0.14242
-1.5943,-0.02301
-1.9559,-0.095846
-1.7714,-0.2304
-1.7714,-0.2304
-1.7708,-0.22991
-1.9447,0.063871
-1.7705,-0.23043
-1.939,-0.13519
-1.8673,0.14698
-1.9529,-0.10701
-1.9532,-0.10683
-1.9559,-0.095846
-1.9447,0.063871
-1.9528,-0.10774
-1.946,0.0612
-1.6141,0.0090873
-1.5848,-0.12147
-1.9447,0.063871
-1.6789,-0.21208
-1.7712,-0.23039
-1.9559,-0.095846
-1.5834,0.069775
-1.7703,-0.23023
-1.9532,-0.10683
-1.7704,-0.23019
-1.9274,0.093217
-1.5839,-0.1267
-1.939,-0.13519
-1.931,0.087678
-1.931,0.087613
-1.956,-0.095579
-1.5995,0.04307
-1.9447,0.063871
-1.7714,-0.2304
-1.6135,-0.16295
-1.5742,-0.10361
-1.939,-0.13519
-1.9559,-0.095846
-1.7714,-0.2304
-1.9323,-0.1458
-1.9553,0.040742
-1.9459,0.061515
-1.9559,-0.095846
-1.9559,-0.095846
-1.6421,-0.094499
-1.8673,0.14698
-1.9559,-0.095846
-1.9447,0.063871
-1.939,-0.13519
-1.5756,-0.12062
-1.5839,-0.12668
-1.9447,0.063871
-1.9447,0.063871
-1.956,-0.095579
-1.5844,-0.1316
-1.9559,-0.095846
-1.6486,0.10948
-1.9266,-0.1519
-1.8672,0.14704
-1.9447,0.063871
-1.9447,0.063871
-1.9447,0.063871
-1.7704,-0.23041
-1.7714,-0.2304
-1.5842,-0.1312
-1.939,-0.13519
-1.7714,-0.2304
-1.9559,-0.095846
-1.9526,-0.10772
-1.7714,-0.2304
-1.9447,0.063871
-1.7714,-0.2304
-1.6201,0.082283
-1.867,0.14714
-1.9447,0.063871
-1.8673,0.14698
-1.685,-0.21477
-1.8848,-0.19269
-1.6586,-0.20134
-1.7714,-0.2304
-1.933,-0.14448
-1.8018,-0.22618
116.82,1.3358
-1.7714,-0.2304
-1.6041,0.086692
-1.7692,-0.23028
-1.7715,-0.23056
-1.8761,-0.199
-1.7822,0.1745
-1.8848,-0.19269
-1.9447,0.063871
-1.6135,-0.16295
-1.7714,-0.2304
-1.7714,-0.2304
-1.7629,-0.027475
-1.956,-0.095579
-1.9559,-0.095846
-1.6889,-0.21545
-1.8191,-0.03659
-1.9559,-0.095846
-1.9487,0.054664
-1.9559,-0.095846
-1.9559,-0.095846
-1.9266,-0.15188
-1.9447,0.063871
-1.9667,-0.020554
-1.9651,-0.0026908
-1.9453,0.062595
-1.9447,0.063871
-1.5872,-0.018967
-1.8788,0.13996
-1.9274,0.093217
-1.7714,-0.2304
-1.9447,0.063871
-1.5934,0.073919
-1.9601,-0.080721
-1.9559,-0.095846
-1.8902,-0.18862
-1.955,0.041825
-1.6047,0.090685
-1.9447,0.063871
-1.9302,-0.14882
-1.9447,0.063871
-1.8687,0.1462
-1.9656,-0.006813
-1.652,-0.063475
-1.9465,-0.12044
-1.7714,-0.2304
-1.5842,-0.12682
-1.8801,0.13897
-1.5847,-0.12146
-1.5842,-0.12682
-1.619,0.079377
-1.8766,0.14111
-1.9648,-0.00036702
-1.7714,-0.2304
-1.5839,-0.12663
-1.8673,0.14698
-1.5842,-0.1312
-1.9664,-0.015902
-1.9516,-0.11034
-1.8761,-0.19886
-1.8695,-0.071724
-1.9547,0.042455
-1.769,-0.22998
-1.9447,0.063871
-1.5962,0.078252
-1.9447,0.063871
-1.9274,0.093217
-1.7704,-0.23018
-1.9603,0.022061
-1.9559,-0.095846
-1.7708,-0.22991
-1.7714,-0.2304
-1.7707,-0.23067
-1.7708,-0.22991
-1.9388,-0.13555
-1.8687,0.1462
-1.5943,-0.02301
-1.931,-0.14735
-1.8131,0.16575
-1.9447,0.063871
-1.956,-0.095579
-1.939,-0.13519
-1.5839,-0.12668
-1.7714,-0.2304
-1.7708,-0.22991
-1.9559,-0.095846
-1.7714,-0.2304
-1.8766,0.14111
-1.7704,-0.22994
-1.9461,0.060898
-1.9559,-0.095846
-1.8762,-0.19895
-1.9559,-0.095846
-1.7714,-0.2304
-1.9639,0.005292
-1.9447,0.063871
-1.6576,0.092477
-1.9413,0.077901
-1.658,-0.064342
-1.7714,-0.2304
-1.9447,0.063871
-1.8708,-0.11199
-1.7714,-0.2304
-1.9559,-0.095846
-1.9388,-0.13552
-1.9529,-0.10768
-1.9572,0.03521
-1.7705,-0.23023
-1.9283,-0.14927
-1.8848,-0.19269
-1.9559,-0.095846
-1.5852,-0.029686
-1.7714,-0.2304
-1.9447,0.063871
-1.9616,-0.07448
-1.7231,0.099241
-1.9447,0.063871
-1.9274,0.093217
-1.9659,-0.0093067
-1.7714,-0.2304
-1.7869,0.13199
-1.8314,0.14182
-1.7714,-0.2304
-1.9274,0.093217
-1.8027,0.17274
-1.931,0.087613
-1.7714,-0.2304
-1.7714,-0.2304
-1.9532,-0.10683
-1.5964,0.062413
-1.9447,0.063871
-1.5858,-0.12443
-1.6323,0.08828
-1.5856,-0.1219
-1.8673,0.14698
-1.6211,-0.12509
-1.9274,0.093217
-1.6265,-0.1765
-1.9559,-0.095846
-1.6176,0.065325
-1.8797,0.13928
-1.8761,-0.199
-1.8673,0.14698
-1.7714,-0.2304
-1.7544,0.13744
-1.7714,-0.2304
-1.9461,0.060898
-1.9447,0.063871
-1.6129,0.041045
-1.6076,0.079329
-1.8761,-0.19904
-1.7708,-0.22991
-1.939,-0.13519
-1.7704,-0.23019
-1.939,-0.13519
-1.9447,0.063871
-1.931,0.087613
-1.9559,-0.095846
-1.9559,-0.095846
-1.6031,0.084463
-1.9559,-0.095846
-1.9135,-0.13585
-1.8766,0.14111
-1.9447,0.063871
-1.7951,0.088829
-1.7714,-0.2306
-1.9294,0.089777
-1.956,-0.095579
-1.8761,-0.19898
-1.7696,0.10917
-1.9559,-0.095846
-1.9559,-0.095846
-1.9462,-0.12117
-1.7714,-0.2304
-1.6788,-0.034544
-1.7714,-0.2304
-1.5839,-0.1267
-1.655,0.086913
-1.8673,0.14698
-1.9445,0.064214
-1.7714,-0.2304
-1.5839,-0.1267
-1.9559,-0.095846
-1.9559,-0.095846
-1.8802,0.13894
-1.9621,-0.072296
-1.9559,-0.095846
-1.7714,-0.2304
-1.9274,0.093217
-1.9596,-0.082994
-1.8849,-0.19262
-1.5839,-0.12664
-1.8045,-0.1201
-1.9447,0.063871
-1.9559,-0.095846
-1.7714,-0.2304
-1.7714,-0.2304
-1.956,-0.095579
-1.9266,-0.15188
-1.9506,0.049969
-1.7712,-0.2299
-1.9286,-0.14871
-1.9559,-0.095846
-1.7714,-0.2304
-1.7715,-0.23056
-1.9465,-0.12044
-1.7704,-0.23069
-1.9559,-0.095846
-1.5924,-0.13586
-1.8676,0.14684
-1.8673,0.14698
-1.9447,0.063871
-1.9447,0.063871
-1.8673,0.14698
-1.7708,-0.23068
-1.9521,-0.10866
-1.9274,0.093217
-1.8506,0.1592
-1.8761,-0.19886
-1.8766,0.14111
-1.6727,-0.20901
-1.5839,-0.1267
-1.9274,0.093217
-1.9447,0.063871
-1.9325,-0.14544
-1.5946,-0.023035
-1.8038,0.17352
-1.9266,-0.15188
-1.8677,0.14676
-1.5819,-0.12526
-1.8785,0.14009
-1.6389,0.1161
-1.9667,-0.020553
-1.5971,-0.10758
-1.7984,0.14501
-1.6053,0.092764
-1.9559,-0.095846
-1.6153,0.070564
-1.6673,0.14608
-1.5844,-0.13167
-1.9447,0.063871
-1.9447,0.063871
-1.7797,0.18314
-1.5943,-0.02301
-1.9624,0.012977
-1.8669,0.14719
-1.7714,-0.2304
-1.7626,-0.02753
-1.7714,-0.2304
-1.9551,0.041376
-1.9453,-0.12321
-1.7817,0.17362
-1.7708,-0.22991
-1.9669,-0.025931
-1.6417,-0.09661
-1.9447,0.063871
-1.946,-0.12159
-1.8775,0.14051
-1.7714,-0.2304
-1.9559,-0.095846
-1.6279,0.074853
-1.8849,-0.19263
-1.8002,0.17582
-1.8766,0.14111
-1.867,0.14715
-1.9559,-0.095846
-1.5841,-0.12697
-1.9648,-0.00069216
-1.6046,0.088795
-1.6199,0.069317
-1.6248,-0.17493
-1.7703,-0.23023
-1.8702,0.14533
-1.5943,-0.02301
-1.939,-0.13519
-1.9274,0.093217
-1.9461,0.060898
-1.7706,-0.2307
-1.9526,-0.10772
-1.5812,-0.12498
-1.9594,0.040915
-1.6059,0.085827
-1.9447,0.063871
-1.6765,0.05696
-1.9639,0.0053348
-1.9447,0.063871
-1.6121,0.0628
-1.9274,0.093217
-1.5705,-0.042365
-1.9447,0.063871
-1.7711,-0.23039
-1.7714,-0.2304
-1.9266,-0.1519
-1.9668,-0.0235
-1.7714,-0.2304
-1.9559,-0.095846
-1.6061,-0.099748
-1.7704,-0.23018
-1.9447,0.063871
-1.9274,0.093158
-1.9559,-0.095846
-1.93,-0.14917
-1.9461,0.060898
-1.588,0.079678
-1.9274,0.093217
-1.9659,-0.0091915
-1.9559,-0.095846
-1.5943,-0.02301
-1.6047,0.099307
-1.6823,-0.21362
-1.9447,0.063871
-1.9559,-0.095846
-1.7708,-0.22991
-1.853,0.15829
-1.7714,-0.2304
-1.9304,0.088483
-1.5838,-0.12674
-1.7708,-0.22991
-1.9447,0.063871
-1.9559,-0.095846
-1.5864,-0.13459
-1.9447,0.063871
-1.6244,-0.17446
-1.584,-0.12694
