-25.402,5.9109
-13.197,-12.412
-13.012,-27.169
-25.218,6.0879
-10.965,-15.296
40.769,-6.5929
40.826,-6.6465
-10.344,-15.666
-25.504,8.3031
40.778,-6.5979
41.56,-6.5048
-12.692,-12.49
-26.003,5.5514
48.978,-6.9754
45.789,-6.8244
-24.029,6.7759
-12.487,-26.491
63.068,-5.3685
-13.668,-14.398
-12.951,-27.126
48.724,-6.6872
-12.455,-15.369
40.783,-6.6039
69.829,-4.5943
70.479,-4.7546
40.774,-6.5929
40.82,-6.6419
69.814,-4.5968
-13.051,-27.184
48.916,-6.6764
-25.368,6.0807
-13.496,-12.146
40.807,-6.6226
65.593,-5.3407
39.739,-6.6044
-10.437,14.066
63.602,-5.3262
40.592,-6.5953
-10.965,-15.296
-12.589,-26.942
-9.5188,-18.467
-25.59,8.163
-25.651,8.0988
-10.467,-13.513
49.811,-6.4216
64.864,-5.5573
68.12,-4.7397
67.802,-5.1436
70.331,-4.9122
50.568,-6.3436
41.171,-6.5442
63.124,-5.3586
67.805,-5.1475
49.633,-6.4888
45.671,-6.583
45.16,-6.58
47.443,-6.7232
45.16,-6.58
69.884,-4.594
66.946,-5.0545
45.242,-6.5831
-12.137,-27.127
-10.446,14.053
69.262,-4.7183
68.869,-4.8162
41.573,-6.5686
70.381,-4.709
68.952,-4.7788
-13.048,-12.488
67,-5.0592
-24.417,6.1033
68.842,-4.7882
69.025,-5.0215
65.651,-5.2512
-26.509,6.6253
41.587,-6.6785
69.08,-4.7745
-13.459,-25.27
65.719,-5.2163
-25.641,9.006
-25.497,8.7989
-24.018,6.725
-7.2111,-12.878
64.932,-5.5632
68.043,-5.1861
49.304,-6.7151
68.462,-5.1527
41.584,-6.6666
41.59,-6.675
-23.714,4.7395
69.321,-5.0462
-26.039,7.9398
-24.018,6.725
62.976,-5.3661
49.014,-6.9834
-26.646,8.3309
-25.872,5.4752
50.23,-6.4661
-28.023,8.6277
-10.341,-15.666
-12.161,-27.109
-7.1511,-13.047
40.049,-6.6486
-26.589,8.2201
-26.349,9.1271
-25.325,10.309
-25.746,8.0276
67.963,-4.7539
50.701,-6.402
49.738,-6.5402
-26.076,7.9394
-24.222,9.3206
-26.578,5.9878
-25.659,9.0228
-28.023,8.6277
-8.1885,-13.674
-7.4068,-12.721
-25.474,8.7315
68.724,-4.7777
-25.659,9.0226
64.119,-5.4633
-13.125,-17.788
-12.916,-26.267
67.291,-5.1025
-25.384,6.7904
-25.461,8.6769
68.35,-4.7348
64.249,-5.4167
68.965,-5.0221
50.686,-6.3856
-26.57,6.0835
-26.533,8.9776
-7.1609,-12.869
-26.564,8.9388
70.414,-4.7318
-25.828,7.9864
-25.651,8.0987
-25.505,8.3031
-24.278,6.0829
-12.157,-27.102
-25.848,5.0707
-13.451,-25.272
41.584,-6.6666
-26.688,8.5141
-10.46,-15.984
-10.499,-15.944
-10.344,-15.666
-10.529,-15.865
-10.453,-11.32
-10.206,-16.646
-26.988,6.7107
-26.069,7.9393
63.095,-5.3529
69.242,-4.7248
-25.368,6.0807
-26.596,5.8393
67.184,-5.0647
41.584,-6.6666
-25.933,5.5033
70.154,-4.6228
49.777,-6.588
-12.013,-14.04
70.769,-4.7928
-24.018,6.725
50.703,-6.3954
-25.032,5.175
64.56,-4.996
49.015,-7.0063
68.571,-5.1273
-25.191,5.7375
-25.59,8.1631
-26.671,8.7129
-13.258,-12.457
64.344,-5.396
-25.368,6.0807
47.654,-6.5126
68.608,-4.7652
-27.498,7.3721
47.739,-6.9117
70.541,-4.7691
-26.491,9.0231
70.018,-4.5993
41.584,-6.6666
48.816,-7.0143
-25.59,8.163
67.378,-5.1231
-26.814,6.6762
70.033,-5.0529
-25.961,6.5639
69.824,-4.5939
64.345,-5.4043
49.023,-7.0128
64.698,-5.4754
47.731,-6.8976
64.791,-5.5151
67.849,-5.1606
48.661,-7.0477
41.591,-6.6775
70.088,-5.0371
67.587,-4.8643
-26.071,8.5628
-26.003,5.5514
-26.071,8.5628
-3.9995,-5.4977
-0.65521,-9.5678
-0.65532,-9.5678
-4.1462,-4.691
-0.65498,-9.5678
37.943,-6.76
49.05,-7.0267
-25.835,4.6476
-12.756,-14.244
70.557,-4.7686
70.944,-4.7568
-5.6042,-7.236
62.912,-5.3737
41.584,-6.6666
-26.656,8.7621
-24.266,8.019
67.587,-4.8642
68.206,-4.7338
-25.452,8.5152
66.112,-5.1174
70.175,-5.0055
-25.829,7.9861
-24.84,6.9132
-25.949,9.1707
-26.042,7.9397
-26.215,9.1758
-25.735,9.0796
48.829,-7.0125
-26.589,8.2199
-26.69,8.5589
-26.049,9.1868
-25.474,8.7339
68.161,-4.734
48.661,-7.0477
-26.071,8.5628
-26.203,5.5304
-26.071,8.5628
-26.376,8.0212
-26.321,7.9931
48.921,-6.6823
-26.596,5.8393
-24.662,7.2391
-26.689,8.5265
68.628,-5.1123
-27.032,6.976
-26.207,7.9553
-25.826,7.9872
-26.483,8.0972
69.828,-4.5964
-26.077,7.9394
-25.33,6.2749
-25.292,6.846
69.632,-5.0962
41.586,-6.6577
67.663,-4.8317
-26.528,8.1412
-24.482,7.6232
65.879,-5.1333
-25.149,6.7962
-26.356,8.0104
67.589,-4.8634
65.456,-5.4366
-26.578,5.9878
69.627,-5.0959
70.451,-4.7477
-25.892,7.9639
-23.708,6.3376
40.574,-6.622
-11.099,-16.192
50.569,-6.2664
65.809,-5.1468
39.285,-6.6355
-25.651,8.0988
-25.651,8.0988
-14.926,-13.996
-25.59,8.1631
-26.194,7.9526
49.624,-6.6234
-25.324,10.308
-25.776,8.0107
-14.926,-13.996
-14.957,-14.002
-14.708,-14.003
-25.651,8.0987
-26.561,8.1806
-14.926,-13.996
49.777,-6.588
-14.812,-13.666
-14.926,-13.996
49.241,-6.8456
-24.274,7.9865
-14.926,-13.996
-26.576,8.2009
66.532,-5.0958
-14.926,-13.996
-24.029,6.7759
-14.988,-13.886
69.176,-5.0244
-14.926,-13.996
-14.926,-13.996
-26.496,8.1094
-25.566,8.9204
-14.926,-13.996
-26.392,6.6722
-14.926,-13.996
63.791,-5.3757
65.651,-5.2499
-26.201,7.954
-26.516,8.9974
-26.564,8.9387
-14.926,-13.996
-14.926,-13.996
-26.668,6.6463
46.037,-6.8947
-24.793,9.8655
-14.926,-13.996
-14.926,-13.996
-14.926,-13.996
41.584,-6.6666
-25.863,7.9734
-25.89,7.9646
50.156,-6.4478
-14.926,-13.996
-26.683,8.4668
-11.008,-16.344
-11.007,-16.344
-9.532,-15.902
-10.26,-16.654
-10.192,-15.779
-26.494,8.1076
-26.627,8.8321
41.584,-6.6666
-26.433,8.0576
41.584,-6.6666
-25.453,8.497
69.649,-5.0968
-26.212,7.9564
-25.453,8.497
-26.444,9.0653
-26.356,8.0102
63.094,-5.3539
-25.466,8.7029
48.925,-6.6693
-25.041,10.104
-26.576,8.2017
-27.624,9.7735
-25.912,9.1608
-26.269,7.9729
-26.212,7.9566
-25.477,8.7434
-25.551,8.899
-26.211,9.1768
-26.071,8.5628
69.464,-4.6643
68.618,-5.1157
-11.253,-12.125
-24.029,6.7759
-26.272,9.1602
-26.356,8.0104
65.93,-5.119
70.074,-5.0411
-23.546,6.2171
-26.69,8.5358
67.248,-5.1121
-12.464,-29.487
66,-5.1251
48.751,-6.713
-25.488,8.7743
-26.918,6.9858
-27.923,9.1371
-26.644,8.325
-26.356,8.0104
-26.356,8.0104
-24.07,6.4094
64.723,-5.4783
-25.746,9.0862
-24.018,6.725
48.921,-6.6823
46.117,-6.7307
-27.971,9.4792
-27.522,7.306
-25.149,6.7962
-25.961,6.5639
-25.951,9.1712
65.243,-5.5351
-25.587,8.1664
69.871,-4.5948
-26.644,8.3251
69.828,-4.5944
-26.509,6.6253
48.661,-7.0477
-10.911,-11.942
-23.95,7.0048
70.062,-5.0461
-26.578,5.9878
-26.05,5.4129
69.644,-5.097
-23.766,4.8753
-23.981,6.5774
70.691,-4.7958
-27.624,9.7735
-25.911,9.1608
69.99,-5.0625
-25.826,7.9874
48.766,-6.7228
68.626,-4.7622
65.659,-5.2752
41.593,-6.6714
68.857,-4.79
41.58,-6.6293
-24.417,6.1033
63.568,-5.3201
-26.667,8.7266
-23.885,7.0951
-25.961,6.5639
41.585,-6.6596
68.334,-4.7347
-24.221,10.482
-25.452,8.5152
-26.295,9.1517
65.457,-5.4374
41.595,-6.6997
-25.961,6.5639
-27.275,9.9045
70.62,-4.7845
-25.911,9.1608
68.128,-4.7297
-25.53,8.8658
68.128,-4.7296
-11.158,-11.986
-25.48,8.7524
-9.9728,-13.467
-7.1609,-12.869
-9.9728,-13.467
-7.7868,-16.559
67.686,-4.8269
68.192,-4.7328
-24.523,9.5549
-23.676,9.6569
-25.828,7.9863
70.479,-4.7521
38.308,-7.17
-28.191,8.4305
69.495,-4.6511
-27.629,7.2043
-28.476,8.4177
-23.864,10.302
-24.221,10.482
41.584,-6.6666
-25.828,7.9863
-26.66,8.3672
69.505,-5.0828
-28.55,8.409
64.59,-5.4279
-28.164,8.4327
63.095,-5.3511
-26.32,7.9928
-11.895,-18.834
38.722,-6.6735
67.383,-5.1259
70.233,-4.6478
38.059,-6.6217
68.452,-5.1561
-24.456,9.461
47.734,-6.9305
-14.635,-19.993
-14.635,-19.993
-14.635,-19.993
36.983,-7.2867
-9.5818,-24.86
36.992,-7.3088
-14.617,-7.0032
-9.6391,-24.911
36.999,-7.3083
-9.5813,-24.86
-9.6324,-24.904
36.793,-7.4291
42.247,-6.6075
-15.222,-5.5129
-13.802,-8.9317
-9.5817,-24.86
-15.726,-5.1663
36.963,-7.307
-9.5814,-24.86
-9.582,-24.86
-14.617,-7.0032
-13.802,-8.9317
-9.5816,-24.86
36.92,-7.3521
-14.617,-7.0032
37.087,-7.2633
-9.5817,-24.86
70.313,-4.9284
70.73,-4.7967
-26.038,7.9399
68.894,-4.7787
41.584,-6.6666
-26.301,9.1493
69.81,-4.5972
65.93,-5.119
69.354,-4.694
66.558,-5.095
-24.342,7.8404
68.67,-5.103
68.819,-4.7804
69.129,-4.7654
69.685,-4.6137
50.228,-6.456
-13.61,-9.3737
-13.802,-8.9317
-13.802,-8.9317
-13.802,-8.9317
36.763,-7.4484
-13.802,-8.9317
-13.802,-8.9317
36.844,-7.4002
-13.649,-9.2763
-13.802,-8.9317
36.992,-7.3089
-2.8838,-18.49
-25.659,9.0227
-25.266,10.48
-10.694,-15.098
-8.1994,-18.518
-10.986,-16.371
-11.93,-18.13
46.316,-7.0401
-9.5868,-16.133
-26.071,8.5628
-8.1241,-18.774
46.958,-6.668
-26.432,11.761
-3.9941,-12.771
-26.432,11.761
-11.558,-17.668
-4.0815,-12.749
-12.653,-16.867
-9.4579,-17.652
-2.8838,-18.49
-8.7329,-18.953
-9.9408,-25.286
66.774,-5.0699
69.48,-5.0792
-12.593,-13.332
69.394,-4.6841
-12.692,-12.49
63.846,-5.3617
63.662,-5.3475
66.65,-5.08
-7.8912,-15.946
40.003,-6.5941
-10.735,-13.839
-12.763,-17.922
68.771,-5.0742
-12.692,-12.49
69.828,-4.5969
-12.593,-13.332
68.802,-4.7815
-13.743,-14.23
-11.157,-15.671
-10.406,-15.673
68.097,-4.738
-12.692,-12.49
-11.955,-14.089
49.714,-6.4921
-10.986,-16.372
-13.598,-13.652
69.985,-4.5971
-11.019,-16.329
68.364,-4.7382
63.847,-5.355
-9.3934,-13.778
69.255,-4.7213
70.328,-4.9156
69.559,-5.091
67.675,-4.8317
-12.54,-17.827
-14.617,-7.0032
-14.617,-7.0032
-14.617,-7.0032
-14.617,-7.0032
-14.617,-7.0032
-14.617,-7.0032
-14.617,-7.0032
-14.617,-7.0032
-14.617,-7.0032
-14.617,-7.0032
-14.617,-7.0032
-14.617,-7.0032
-14.617,-7.0032
-14.617,-7.0032
-14.617,-7.0032
-14.617,-7.0032
49.494,-6.4446
-14.251,-7.2207
-14.617,-7.0032
-13.582,-7.0717
-14.617,-7.0032
-14.834,-7.4164
-14.617,-7.0032
-14.617,-7.0032
-14.931,-7.5114
-14.617,-7.0032
49.505,-6.4399
-14.617,-7.0032
-14.075,-7.1438
-14.617,-7.0032
-14.931,-7.5114
-14.617,-7.0032
-14.617,-7.0032
-14.617,-7.0032
-14.329,-7.7956
-14.617,-7.0032
-14.617,-7.0032
-14.045,-7.0844
-14.617,-7.0032
-14.617,-7.0032
-14.617,-7.0032
-14.617,-7.0032
-14.046,-7.0863
-14.617,-7.0032
-14.617,-7.0032
-14.617,-7.0032
-14.617,-7.0032
-7.8805,-18.289
-10.844,-21.298
-5.601,-7.2316
62.963,-5.3738
-26.05,5.4129
46.091,-6.7971
40.772,-6.5908
-10.54,-16.642
70.431,-4.7388
67.553,-4.8762
-25.649,6.0286
67.53,-4.8844
-13.081,-17.628
65.98,-5.1221
70.211,-4.6393
46.056,-6.8503
48.948,-6.9651
68.18,-4.7325
-12.979,-17.878
-13.125,-17.788
-7.1613,-12.869
70.773,-4.7917
-10.224,-11.766
69.46,-5.0763
-12.651,-12.601
68.746,-5.0795
40.769,-6.5929
40.785,-6.5934
50.209,-6.4142
-9.6198,-16.206
40.797,-6.606
69.509,-4.6548
46.084,-6.7864
-10.043,-15.08
40.826,-6.6465
69.413,-5.0674
40.77,-6.5861
-10.257,-20.93
-8.0476,-17.303
-8.0474,-17.303
70.395,-4.722
64.736,-5.5218
64.481,-5.3993
70.277,-4.9521
-11.141,-16.083
-11.146,-16.068
-10.241,-15.976
-10.458,-13.665
-9.5188,-18.467
-8.634,-16.864
71.032,-4.7611
69.627,-5.096
65.176,-5.5198
-10.134,-31.801
-10.129,-31.816
-10.279,-32.421
-10.112,-31.898
-11.714,-30.413
-10.325,-32.462
-10.716,-32.594
-10.325,-32.463
-10.343,-31.504
-11.282,-31.728
-10.067,-30.128
-11.313,-32.229
-10.449,14.052
-10.696,-32.593
-10.041,-15.081
-9.9323,-6.2613
-10.05,-16.599
-9.9882,-15.106
64.134,-5.0897
-9.9323,-6.2615
-11.176,-15.878
-10.438,14.07
-10.449,14.05
-9.5316,-15.896
67.659,-4.8063
-9.9324,-6.2612
-9.932,-6.2612
-9.0539,-8.2214
-10.315,-21.368
-10.447,14.054
-10.438,14.068
-10.189,-15.788
-10.315,-21.368
-10.891,-21.352
-3.791,-8.433
-10.437,14.067
44.324,-6.5859
-10.438,14.07
-10.315,-21.368
-10.389,-15.02
-10.193,-23.266
-10.193,-23.266
-13.802,-8.9317
-10.148,-23.073
-11.149,-16.058
-10.193,-23.266
-10.315,-21.368
-11.101,-21.148
-10.54,-16.642
-10.116,-16.623
-10.337,-18.877
-10.193,-23.266
-10.445,14.07
-9.5795,-15.567
-10.445,14.07
-7.4449,-7.5692
-10.438,14.07
-7.4449,-7.5692
-9.5307,-15.881
-10.438,14.07
-7.445,-7.5694
-7.4449,-7.5693
-10.438,14.07
-7.4427,-7.5684
-7.4453,-7.5693
70.123,-5.0263
-10.438,14.07
-11.136,-16.098
-10.377,-16.016
-11.147,-16.064
-9.1545,-17.454
41.57,-6.4507
-10.315,-21.368
-11.138,-16.094
-9.5816,-24.86
-9.5307,-15.881
46.838,-6.5029
-9.5817,-24.86
-10.148,-23.073
-9.6026,-16.17
-11.143,-16.075
-10.521,-15.787
-10.148,-23.073
-15.727,-17.552
-15.408,-16.815
-15.408,-16.815
-10.769,-16.553
47.814,-6.7906
-10.437,-16.658
-15.727,-17.552
-9.8356,-16.47
-9.5814,-24.86
-14.535,-7.8767
46.838,-6.5029
-10.617,-16.621
-13.865,-16.293
-9.7492,-15.288
-15.727,-17.552
-8.5176,-17.24
-8.514,-15.037
-13.802,-8.9317
-9.7492,-15.288
-15.753,-17.599
-15.408,-16.815
-10.148,-23.073
-11.08,-16.231
-10.966,-15.297
-9.5817,-24.86
-13.89,-16.3
-10.337,-18.877
-10.805,-16.532
-10.811,-16.528
-10.133,-23.12
-9.8366,-16.47
-13.865,-16.293
-10.965,-15.297
-15.408,-16.815
-15.727,-17.552
-10.315,-21.368
-10.148,-23.073
-10.014,-16.583
-11.101,-21.148
-11.111,-15.527
-10.799,-16.535
-10.148,-23.073
-8.3491,-15.222
-10.811,-16.528
-10.805,-16.532
-13.89,-16.3
-10.036,-16.593
-13.89,-16.3
-9.7492,-15.288
-15.727,-17.552
-15.408,-16.815
-10.193,-23.266
-10.148,-23.073
-10.315,-21.368
-15.727,-17.552
-11.174,-15.783
-10.148,-23.073
-11.274,-21.435
-10.315,-21.368
-15.727,-17.552
-13.89,-16.3
64.394,-5.4108
-9.8362,-16.47
-10.783,-16.545
-10.148,-23.073
-15.408,-16.815
-10.148,-23.073
-10.148,-23.073
-10.811,-16.528
-15.727,-17.552
-10.81,-16.528
-10.148,-23.073
-9.8374,-16.471
-10.193,-23.266
-9.7492,-15.288
-15.727,-17.552
-9.7492,-15.288
-10.148,-23.073
-9.5816,-24.86
-13.89,-16.3
-10.148,-23.073
-9.7492,-15.288
-10.315,-21.368
-10.148,-23.073
-10.337,-18.877
-9.5801,-15.566
-10.193,-23.266
-10.799,-16.535
46.808,-6.7386
-12.177,-14.831
-9.7492,-15.288
-10.337,-18.877
-10.135,-16.629
-13.89,-16.3
-9.7492,-15.288
-15.727,-17.552
-10.148,-23.073
-15.727,-17.552
-9.7492,-15.288
-9.7492,-15.288
-15.727,-17.552
-10.057,-16.602
-10.148,-23.073
-10.197,-16.644
-10.148,-23.073
-13.654,-9.27
-9.7492,-15.288
-9.7492,-15.288
-9.7492,-15.288
-9.8365,-16.47
-10.145,-16.632
-9.7426,-16.381
-10.315,-21.368
-9.7492,-15.288
-9.5814,-24.86
-9.7492,-15.288
-10.337,-18.877
-9.7492,-15.288
-9.5801,-15.566
-10.148,-23.073
-15.408,-16.815
-10.148,-23.073
-15.727,-17.552
-15.294,-16.47
70.802,-4.786
67.523,-5.1041
66.537,-5.0947
44.426,-6.5816
67.781,-5.1406
44.642,-6.6244
70.072,-5.0423
69.156,-4.7577
45.621,-6.3888
63.981,-5.3798
44.955,-6.6773
45.251,-6.5459
48.191,-6.9026
-10.315,-21.368
-9.835,-16.469
70.215,-4.6407
63.481,-5.332
43.298,-6.5896
47.216,-6.7402
70.448,-4.742
69.938,-4.592
69.433,-5.0705
70.276,-4.9523
69.968,-4.5948
68.206,-4.7317
67.439,-4.9051
45.152,-6.6274
67.858,-5.1581
66.988,-5.0622
69.342,-4.6993
46.785,-6.8036
-21.258,-17.938
46.785,-6.8036
-21.294,-17.857
67.805,-5.1474
-20.772,-17.88
-21.272,-17.651
-15.727,-17.552
-21.272,-17.651
46.785,-6.8036
46.785,-6.8036
-21.091,-18.055
40.733,-6.5956
-15.727,-17.552
-20.778,-17.896
-20.776,-17.891
-21.294,-17.857
46.785,-6.8036
-21.058,-18.061
-10.148,-23.073
46.817,-6.7584
41.2,-6.5214
46.785,-6.8036
-21.159,-17.537
-21.294,-17.857
-21.04,-17.505
-15.727,-17.552
65.822,-5.1284
-20.844,-17.99
-15.727,-17.552
-21.058,-18.061
44.961,-6.7168
63.186,-5.3513
-15.727,-17.552
-21.28,-17.667
-15.727,-17.552
46.785,-6.8036
46.041,-7.0262
-10.148,-23.073
-15.756,-17.606
-21.272,-17.651
-15.727,-17.552
46.817,-6.7584
64.808,-5.4944
-15.756,-17.606
-15.727,-17.552
46.785,-6.8036
-15.727,-17.552
-20.757,-17.806
-21.058,-18.061
-21.272,-17.651
66.713,-5.0818
46.785,-6.8036
-15.727,-17.552
46.785,-6.8036
-13.89,-16.3
-21.272,-17.651
-15.727,-17.552
-15.727,-17.552
-20.776,-17.891
-15.727,-17.552
-15.727,-17.552
-20.772,-17.88
-10.148,-23.073
-21.611,-17.745
-20.974,-17.511
-20.881,-17.551
-20.776,-17.891
-21.214,-17.576
-15.727,-17.552
46.785,-6.8036
40.748,-6.5975
-15.727,-17.552
47.783,-6.8415
68.944,-5.0311
-20.776,-17.891
-21.158,-17.536
-10.148,-23.073
-7.7412,-14.633
45.062,-6.5768
-7.7415,-14.633
-7.7415,-14.633
-7.7415,-14.633
39.967,-6.5975
-7.7415,-14.633
-7.7159,-14.617
-9.004,-25.595
-21.046,-17.505
-20.78,-17.671
-21.058,-18.061
-20.844,-17.99
-21.045,-17.505
-21.294,-17.857
-9.004,-25.595
-11.951,-17.669
-21.058,-18.061
-21.217,-17.579
-20.776,-17.89
-20.822,-17.966
-20.892,-17.544
-21.294,-17.857
-20.998,-17.507
-9.004,-25.595
-20.822,-17.966
-20.914,-18.037
-20.757,-17.806
-21.053,-18.061
-21.058,-18.061
-20.875,-17.554
-8.9409,-25.675
-20.872,-18.013
-20.818,-17.608
-21.558,-18.03
-20.844,-17.99
-9.004,-25.595
-21.229,-17.975
-20.832,-17.592
-20.832,-17.592
-21.022,-17.505
-21.229,-17.975
-21.214,-17.576
-21.091,-18.055
-21.058,-18.061
-20.828,-17.596
-21.272,-17.651
-9.5822,-24.86
-21.058,-18.061
-21.229,-17.975
-21.229,-17.975
-20.892,-17.544
-21.294,-17.857
45.643,-6.891
-20.914,-18.037
-9.0041,-25.595
-20.776,-17.891
-20.858,-17.568
-20.838,-17.586
-20.844,-17.99
-21.091,-18.055
-11.007,-16.345
-20.772,-17.69
-21.053,-18.061
-20.789,-17.918
-20.757,-17.806
-20.794,-17.644
-20.868,-17.56
-12.909,-16.562
46.785,-6.8036
-20.776,-17.891
-10.965,-15.296
-20.844,-17.99
-21.04,-17.505
-20.914,-18.037
-9.0038,-25.595
64.076,-5.4443
-11.839,-30.493
-10.106,-32.013
-10.739,-31.374
-10.29,-31.55
-12.082,-33.162
64.076,-5.4443
-11.35,-31.978
46.12,-6.3544
46.12,-6.3544
-8.6269,-31.392
-10.855,-32.587
-10.482,-32.549
-10.149,-31.76
46.12,-6.3544
-11.929,-30.559
-10.149,-32.216
-10.156,-32.233
46.117,-6.7307
-10.335,-32.471
-8.6269,-31.392
-10.469,-34.754
46.12,-6.3544
-10.854,-32.587
46.12,-6.3544
-11.218,-31.624
-8.6269,-31.392
-10.107,-32.026
-10.318,-32.457
46.12,-6.3544
-10.187,-31.682
46.12,-6.3544
46.12,-6.3544
-11.308,-32.241
-10.283,-32.424
-10.19,-31.678
46.1,-6.7551
47.016,-6.5542
-12.543,-31.91
-10.699,-32.593
-10.146,-31.766
-11.351,-32.003
46.12,-6.3544
-11.766,-17.328
-10.127,-32.148
-10.107,-31.95
-10.19,-31.678
46.102,-6.3433
46.12,-6.3663
-11.307,-32.244
-10.157,-32.235
-11.083,-32.507
-11.082,-31.491
-10.157,-31.74
-10.165,-31.724
-10.303,-16.659
64.076,-5.4443
-11.301,-31.768
-11.083,-32.507
46.12,-6.3544
-13.27,-33.116
-11.083,-32.507
-10.154,-32.23
46.1,-6.7551
-10.61,-31.384
-10.334,-31.511
-10.129,-32.154
64.076,-5.4443
-10.12,-32.12
-10.336,-31.51
-10.859,-31.39
46.12,-6.3544
-11.304,-32.252
-8.6269,-31.392
-10.383,-32.502
-10.154,-32.23
46.1,-6.7551
46.12,-6.3544
64.241,-5.1122
-10.622,-31.382
47.666,-6.7881
46.12,-6.3544
46.12,-6.3544
50.205,-6.406
-11.345,-31.931
-10.78,-30.158
46.12,-6.3346
-10.062,-30.076
-10.569,-32.575
46.12,-6.3544
-10.853,-32.587
-10.421,-31.453
-11.335,-31.873
-12.355,-31.056
-10.931,-32.571
-10.297,-16.658
47.661,-6.7707
-8.6269,-31.392
-10.31,-31.532
46.12,-6.3544
64.076,-5.4443
46.12,-6.3544
-11.229,-31.639
-10.444,-32.534
-10.853,-32.587
-10.729,-31.989
-12.082,-33.162
46.12,-6.3544
-11.083,-32.507
46.12,-6.3544
-8.9098,-32.813
-10.111,-31.903
-11.083,-32.507
-13.27,-33.116
46.12,-6.3544
46.12,-6.3544
-10.859,-31.39
46.1,-6.7551
64.076,-5.4443
46.12,-6.3544
-10.731,-31.374
-8.6878,-32.876
-10.469,-34.754
-10.73,-31.374
-10.729,-31.989
-10.397,-15.671
-10.859,-31.39
-13.27,-33.116
-11.306,-32.248
-11.081,-31.491
-9.1661,-14.244
-10.469,-34.754
-11.223,-31.631
-10.612,-32.584
-8.9098,-32.813
-13.27,-33.116
-10.729,-31.989
-9.8906,-34.747
-13.27,-33.116
-10.469,-34.754
-12.638,-31.71
-10.13,-31.815
-10.436,-32.531
-10.832,-32.59
-13.27,-33.116
-10.469,-34.754
-11.081,-31.491
-10.859,-31.39
-11.35,-32.051
-11.081,-31.491
-11.308,-32.242
-11.083,-32.507
-10.729,-31.989
-11.141,-32.467
66.996,-5.0455
-11.337,-31.883
-10.854,-32.587
-13.27,-33.116
-10.51,-31.41
-11.079,-13.915
-11.083,-32.507
-11.452,-30.284
-10.729,-31.989
-10.469,-34.754
-10.469,-34.754
-10.469,-34.754
-11.081,-31.491
-10.469,-34.754
-10.859,-31.39
-10.732,-30.151
-11.081,-31.491
-10.469,-34.754
-10.731,-31.374
-10.506,-32.558
-11.308,-32.242
-10.469,-34.754
-9.271,-30.709
-13.27,-33.116
-10.684,-31.375
-8.9098,-32.813
-11.35,-31.981
-10.279,-32.421
-10.106,-31.958
-10.859,-31.39
-10.983,-30.147
-10.73,-31.374
-12.638,-31.71
-11.351,-32.047
-10.331,-31.514
-10.469,-34.754
-10.469,-34.754
-10.045,-30.058
-10.469,-34.754
-10.317,-32.455
-11.042,-34.951
-10.438,-31.444
-11.35,-31.981
-10.469,-34.754
-11.35,-31.981
-13.27,-33.116
-10.469,-34.754
-10.128,-31.82
-11.347,-31.941
-10.326,-32.462
-8.6879,-32.876
-10.729,-31.989
-9.2241,-30.67
-10.58,-31.389
-11.082,-31.491
-10.287,-31.553
-11.321,-32.205
-10.439,14.067
-11.35,-32.052
-11.321,-32.205
-10.373,-32.496
-10.469,-34.754
-10.469,-34.754
-11.35,-31.981
-8.787,-32.182
-10.217,-32.346
-9.2241,-30.67
-10.127,-31.825
-11.351,-31.989
-10.729,-31.989
-11.306,-32.246
-13.27,-33.116
-10.729,-31.989
-10.342,-32.475
-10.716,-32.594
-10.61,-31.384
-12.169,-30.774
-11.081,-31.491
-10.392,-31.47
-9.5317,-15.788
-12.574,-31.29
-10.106,-32.013
66.996,-5.0457
-9.5317,-15.789
-12.076,-27.161
-11.136,-32.471
66.996,-5.0457
-10.469,-34.754
-10.469,-34.754
-10.729,-31.989
-11.301,-31.768
-10.106,-32.013
-13.27,-33.116
-10.469,-34.754
-11.086,-18.444
-11.307,-32.244
-10.729,-31.989
-11.229,-31.639
-10.476,-31.425
-13.802,-8.9317
-10.716,-32.594
-10.106,-32.012
-11.082,-31.491
-10.716,-32.594
66.996,-5.0457
-11.223,-31.631
-10.469,-34.754
-11.23,-31.64
-11.297,-31.759
-11.081,-31.491
-10.162,-31.73
-10.63,-31.38
-11.215,-31.619
-11.282,-31.728
-10.469,-34.754
-10.494,-31.418
-11.082,-31.491
-12.574,-31.29
-10.967,-15.298
-11.269,-32.32
-10.75,-31.375
-11.297,-31.759
-10.469,-34.754
-10.469,-34.754
-10.859,-31.39
-10.283,-32.424
-11.308,-32.241
-10.469,-34.754
-10.697,-32.593
-10.204,-32.326
-13.801,-8.9318
-10.716,-32.594
-10.859,-31.39
-10.729,-31.989
-10.469,-34.754
-10.469,-34.754
-9.271,-30.709
-10.469,-34.754
-10.469,-34.754
-8.9098,-32.813
-11.229,-31.639
-10.238,-31.608
-10.54,-16.642
-11.083,-32.507
-13.27,-33.116
-10.469,-34.754
-11.086,-18.444
-8.6878,-32.876
-10.283,-32.424
-10.359,-31.493
-9.5307,-15.881
-10.859,-31.39
-10.117,-32.102
-11.083,-32.507
-10.469,-34.754
-10.469,-34.754
-10.917,-31.406
-11.351,-31.99
-10.154,-32.229
-10.469,-34.754
-10.729,-31.989
-10.34,-32.473
-9.8871,-34.733
-10.483,-31.422
-10.729,-31.989
-9.2241,-30.67
-10.106,-32.013
-10.749,-31.375
-11.002,-31.442
-10.853,-32.587
-10.448,-31.438
-10.109,-31.919
-13.27,-33.116
-10.128,-31.819
-10.443,-31.44
-11.147,-32.462
-10.469,-34.754
-10.469,-34.754
-8.9098,-32.813
-10.853,-32.587
-10.729,-31.989
-10.422,-15.023
-10.138,-32.184
-11.136,-32.471
-8.6878,-32.876
-10.332,-32.468
-11.35,-32.052
-13.802,-8.9317
-10.515,-31.408
-12.169,-30.774
-10.469,-34.754
-10.315,-32.454
-11.29,-31.743
-12.574,-31.29
-13.27,-33.116
-10.062,-30.076
-10.729,-31.989
-11.083,-32.507
-11.308,-32.242
66.996,-5.0457
-9.2241,-30.67
-11.698,-33.817
-11.082,-31.491
-10.443,-31.44
-11.281,-31.724
-13.27,-33.116
-12.258,-30.901
-10.729,-31.989
-10.302,-32.443
-11.301,-31.768
-11.265,-32.327
-10.469,-34.754
-8.787,-32.182
-10.469,-34.754
-11.229,-31.639
-10.469,-34.754
-11.081,-31.491
-9.6665,-34.771
-11.081,-31.491
-8.9098,-32.813
-9.9688,-15.116
-10.723,-32.594
-10.297,-31.543
-13.27,-33.116
-10.469,-34.754
-10.469,-34.754
-10.469,-34.754
-10.422,-15.023
-11.086,-18.444
-10.154,-32.229
-10.604,-32.582
-11.03,-34.88
66.803,-5.0689
-11.042,-34.951
-11.347,-31.948
-10.729,-31.989
-10.469,-34.754
-10.386,-32.505
-13.27,-33.116
-10.557,-32.573
-11.136,-32.471
-10.106,-32.013
-10.469,-34.754
-11.306,-32.246
-10.062,-30.076
-10.191,-31.676
-11.083,-32.507
-12.638,-31.71
-11.136,-32.471
-10.469,-34.754
-10.191,-31.676
-9.8688,-35.232
-11.134,-30.186
-10.54,-16.642
-10.469,-34.754
-10.491,-32.553
-10.728,-32.594
-10.472,-31.427
-13.27,-33.116
-10.527,-31.406
-10.668,-32.591
-13.27,-33.116
-10.469,-34.754
-8.6879,-32.876
-11.03,-34.88
-10.729,-31.989
-10.163,-31.727
-12.07,-14.695
-10.277,-31.564
-11.083,-32.507
-10.729,-31.989
-10.169,-32.262
-10.729,-31.989
-10.156,-32.234
-10.469,-34.754
-11.138,-32.469
-10.506,-32.558
-10.253,-31.59
-12.076,-27.161
-11.269,-32.32
66.996,-5.0457
-11.083,-32.507
-10.859,-31.39
-11.42,-30.211
-10.854,-32.587
-9.2241,-30.67
-10.469,-34.754
-11.301,-31.767
-8.787,-32.182
-11.029,-34.952
-10.106,-31.958
-10.521,-15.787
-9.7379,-13.666
-9.8947,-12.286
-10.694,-15.098
-20.844,-17.99
-21.036,-17.505
63.98,-5.3595
-20.844,-17.99
-12.127,-16.896
-21.058,-18.061
-20.844,-17.99
-21.229,-17.975
-21.239,-17.602
-21.294,-17.857
-21.084,-17.51
46.807,-6.7628
-21.091,-18.055
-13.072,-19.346
-13.648,-14.56
-13.072,-19.346
-13.072,-19.346
-13.076,-19.335
-13.072,-19.346
-13.073,-19.331
-13.072,-19.346
-13.072,-19.346
-13.072,-19.346
-13.072,-19.346
-13.072,-19.346
-13.075,-19.333
-10.437,14.067
-7.4566,-12.558
42.932,-6.59
39.998,-6.5978
46.117,-6.7307
-13.743,-14.23
-10.512,-15.759
64.791,-5.5338
46.103,-6.7716
-11.174,-15.783
46.117,-6.7307
50.554,-6.4574
-11.131,-15.579
37.268,-6.877
47.659,-6.7823
39.986,-6.598
-10.407,-16.66
46.117,-6.7307
46.117,-6.7307
-10.403,-16.011
-12.301,-15.103
-9.6295,-16.224
37.268,-6.8771
46.117,-6.7307
-9.8273,-16.463
63.097,-5.3518
46.117,-6.7307
40.769,-6.5929
-10.694,-15.098
-13.081,-17.628
-7.7767,-16.66
46.117,-6.7307
-9.5868,-16.133
-11.131,-15.579
-9.8273,-16.463
46.117,-6.7307
-13.743,-14.23
-11.131,-15.579
46.117,-6.7307
46.117,-6.7307
-11.174,-15.783
46.09,-6.3438
-10.188,-15.789
-10.68,-16.597
39.986,-6.598
40.769,-6.5929
37.27,-6.8741
37.244,-6.8815
46.117,-6.7307
-9.6145,-16.195
46.117,-6.7307
-12.775,-14.287
-9.8273,-16.463
46.117,-6.7307
48.37,-6.9171
-11.174,-15.783
-10.324,-15.019
-12.303,-15.11
-11.131,-15.579
-9.5756,-16.104
-10.197,-15.918
-9.5809,-15.564
39.986,-6.598
46.117,-6.7307
68.803,-4.7823
-10.409,-15.674
-10.009,-15.096
37.264,-6.8801
-7.161,-12.869
46.117,-6.7307
-13.743,-14.23
-9.5756,-16.104
46.107,-6.767
-9.5756,-16.104
37.268,-6.8771
64.24,-5.1121
46.117,-6.7307
-11.174,-15.783
69.533,-4.6483
-13.743,-14.23
-11.174,-15.783
-10.324,-15.019
46.117,-6.7307
-10.191,-15.901
-9.5756,-16.104
46.103,-6.7716
-9.5756,-16.104
46.166,-6.2538
64.154,-5.1498
-21.239,-17.602
-21.221,-17.983
-21.28,-17.667
-20.836,-17.587
-21.034,-17.505
-21.221,-17.983
-20.789,-17.918
-21.221,-17.983
-21.279,-17.666
-21.28,-17.667
-20.78,-17.671
-21.294,-17.857
-21.239,-17.602
-20.365,-17.677
-20.832,-17.592
-20.85,-17.574
-21.058,-18.061
-20.85,-17.574
46.609,-6.6467
-21.294,-17.857
-21.239,-17.602
-21.034,-17.505
-21.221,-17.983
-20.844,-17.58
-21.056,-18.061
-21.221,-17.983
-21.221,-17.983
-21.045,-17.505
-21.28,-17.667
-20.365,-17.677
-21.045,-17.505
-20.819,-17.963
-20.85,-17.574
-20.914,-18.037
-21.239,-17.602
-21.215,-17.576
-21.215,-17.576
-21.239,-17.602
41.555,-6.4638
-20.85,-17.574
-21.045,-17.505
-21.034,-17.505
-20.85,-17.574
-21.294,-17.857
-15.222,-5.5128
-15.222,-5.5129
-15.523,-5.6708
-15.523,-5.6708
-15.523,-5.6708
-15.222,-5.5129
-15.523,-5.6708
-15.222,-5.5129
39.542,-6.6109
-15.523,-5.6708
-15.523,-5.6708
-15.726,-5.1663
-15.523,-5.6708
-16.259,-5.4782
-15.523,-5.6708
-15.222,-5.5129
-15.222,-5.5128
-15.222,-5.5128
-15.222,-5.5129
45.387,-6.851
-15.523,-5.6708
-15.388,-5.054
-15.222,-5.5129
-15.523,-5.6708
-15.523,-5.6708
-15.222,-5.5129
-15.222,-5.5128
-15.523,-5.6708
-15.523,-5.6708
-15.222,-5.5128
-15.222,-5.5129
-15.372,-5.0528
-15.523,-5.6708
-15.222,-5.5129
-15.222,-5.5129
-15.523,-5.6708
-15.222,-5.5129
-15.523,-5.6708
-15.222,-5.5129
-15.222,-5.5129
-15.222,-5.5129
-15.222,-5.5128
-15.726,-5.1663
39.58,-6.6089
-15.834,-5.3053
38.182,-6.7525
-15.376,-5.0533
-15.523,-5.6708
-15.523,-5.6708
-15.523,-5.6708
-15.523,-5.6708
-15.222,-5.5129
-15.375,-5.0535
-15.222,-5.5129
64.314,-5.0913
67.337,-5.1016
-11.08,-16.23
-13.081,-17.628
50.204,-6.4116
-12.775,-14.287
-13.125,-17.788
-10.207,-15.031
49.76,-6.5163
-13.743,-14.23
-7.161,-12.869
68.536,-4.7514
70.438,-4.7392
-12.98,-17.878
-12.127,-17.36
-7.807,-16.411
-13.081,-17.628
64.782,-5.5041
70.053,-4.6064
-7.8911,-15.946
-13.081,-17.628
-13.743,-14.23
64.782,-5.5039
-13.743,-14.23
-13.159,-19.625
-13.192,-19.73
-8.1205,-15.494
-8.1206,-15.494
20.269,3.8637
43.318,-6.5832
40.735,-6.5436
43.332,-6.5865
20.469,0.50796
-10.44,14.065
66.33,-5.1003
-10.445,14.057
-10.445,14.057
-10.445,14.057
-10.445,14.057
-10.445,14.057
-10.445,14.057
48.671,-6.5557
70.369,-4.6999
66.331,-5.0986
64.162,-5.1331
47.733,-6.3003
64.16,-5.1417
48.153,-6.8414
21.911,1.8333
41.584,-6.6666
49.014,-6.0494
69.978,-5.0653
67.228,-5.0877
-26.049,9.1868
41.584,-6.6666
69.75,-5.0953
48.656,-6.1919
-26.079,7.9395
48.689,-6.1346
48.675,-6.5255
65.123,-4.9365
69.471,-4.6627
65.177,-5.5201
48.749,-6.7213
69.101,-5.0202
67.091,-5.0339
68.651,-4.7652
48.656,-6.1919
65.177,-5.5205
-25.546,8.8916
65.123,-4.9365
65.176,-5.5201
-10.802,-15.157
-10.646,-17.865
-10.005,-16.579
19.35,0.36862
-11.089,-16.213
-9.9688,-15.116
-10.799,-16.536
-12.385,-15.455
-10.799,-16.536
-11.666,-14.23
-24.221,10.482
-10.191,-15.903
-12.043,-17.169
-8.9281,-13.796
-24.221,10.482
-9.968,-15.117
-11.08,-16.23
-24.221,10.482
-10.422,-15.023
-9.6007,-16.167
-9.6139,-16.194
-8.0515,-16.081
-24.191,10.514
-10.423,-16.004
-24.221,10.482
-10.139,-15.047
-10.423,-16.004
-10.438,-25.902
-10.438,-25.902
48.697,-6.131
69.685,-4.6159
48.675,-6.5255
70.126,-5.0251
67.975,-5.1782
69.828,-4.5964
66.331,-5.0986
70.64,-4.7881
68.802,-5.0647
70.719,-4.7967
68.093,-5.1886
63.92,-5.2319
65.177,-5.5207
-3.6671,-17.728
-12.412,-15.997
-10.342,-15.665
38.213,-6.6193
45.805,-6.1938
-25.988,9.1789
-4.6939,-16.714
-7.3391,-17.205
-6.9902,-15.932
-10.965,-15.296
-7.3391,-17.205
-12.323,-11.516
40.934,-6.6115
-2.8451,-18.519
-2.7067,-17.935
42.607,-6.5903
49.587,-6.6171
39.324,-6.6123
40.926,-6.6069
-6.209,-18.27
41.436,-6.5134
-10.423,-16.004
-23.825,8.4024
-12.33,-11.57
-7.6778,-15.51
-7.9612,-15.072
40.273,-6.6016
-10.786,-16.543
40.429,-6.6668
44.028,-6.5975
-13.529,-14.19
41.363,-6.7877
-9.6813,-12.596
-2.8967,-18.55
-2.8841,-18.49
-7.0528,-19.631
-5.7311,-16.615
-2.8839,-18.49
41.464,-6.7876
-2.8437,-18.52
42.261,-6.5981
-2.8841,-18.49
-5.6419,-16.613
45.687,-6.9476
-4.6046,-16.953
-2.8437,-18.52
-12.015,-14.091
-5.7045,-16.624
-2.4495,-17.869
-5.7522,-16.626
41.471,-6.7245
-9.6701,-12.311
-4.8138,-16.603
-7.9612,-15.072
-10.049,-16.599
-2.8841,-18.49
-4.4542,-16.877
-2.8841,-18.49
-9.6701,-12.311
-4.675,-16.677
-5.9027,-16.542
-7.3391,-17.205
-3.9203,-17.324
45.104,-6.8167
-10.71,-15.105
65.751,-5.175
41.211,-6.585
18.443,1.6946
-4.0217,-18.812
-9.9736,-17.898
-6.7478,-14.989
41.346,-6.6909
-9.5809,-15.564
-5.7328,-15.865
41.552,-6.5
-3.2347,-17.494
-9.5382,-15.729
-2.8839,-18.49
41.693,-6.5434
-9.5143,-13.721
-4.689,-16.479
-2.8967,-18.55
44.082,-6.5917
-2.8841,-18.49
46.286,-7.2515
45.24,-6.6979
-2.9511,-19.212
-2.9033,-18.502
-2.8838,-18.49
-10.169,-15.039
68.089,-5.1939
-10.764,-15.134
38.189,-6.6859
-9.5382,-15.729
-7.8634,-15.299
-9.58,-15.566
-3.5204,-17.714
-9.5143,-13.721
41.479,-6.3984
42.717,-6.5956
69.626,-5.0959
-7.3392,-17.205
-5.7045,-16.624
-6.9901,-15.932
41.146,-6.7644
40.798,-6.692
-7.0253,-15.94
-5.5897,-16.625
-12.591,-26.958
41.224,-6.6347
-3.2998,-18.815
43.459,-6.594
-3.5622,-17.835
-3.2138,-18.492
-10.009,-15.096
-5.7323,-16.608
41.461,-6.4852
38.181,-6.6854
-10.764,-15.134
18.155,1.4776
-2.8839,-18.49
-9.5382,-15.729
-7.3391,-17.205
44.211,-6.5912
-10.009,-15.096
-5.6574,-16.61
-7.1123,-16.027
-7.0907,-19.636
-7.1122,-16.027
-2.7476,-18.009
-9.3808,-12.386
-10.009,-15.096
-8.1995,-18.518
-25.481,8.755
48.379,-6.8271
-7.5704,-15.62
45.392,-6.8026
-2.8838,-18.49
-5.7432,-16.606
-2.8967,-18.55
18.525,1.7463
63.477,-5.3304
41.045,-6.6142
40.676,-6.5864
-2.9523,-18.776
-4.2958,-17.141
-6.0424,-20.941
41.823,-6.5757
-2.8839,-18.49
-7.1644,-16.586
-6.209,-18.27
-4.7277,-16.567
51.123,-6.2998
50.868,-6.3766
-10.047,-21.113
-2.8839,-18.49
-8.9107,-18.043
44.592,-6.6741
-2.8298,-18.528
37.822,-6.7566
-10.572,-9.5386
48.656,-6.1919
67.132,-5.041
68.67,-5.1032
69.665,-5.0975
66.615,-5.0799
63.921,-5.2258
68.606,-5.1165
68.956,-5.022
68.351,-5.1724
70.549,-4.7698
68.81,-4.7796
48.689,-6.1346
48.656,-6.1919
48.681,-6.1563
65.177,-5.5202
65.176,-5.5202
63.881,-5.2529
65.123,-4.9365
67.222,-5.0217
20.742,0.84507
-5.9739,-18.154
-9.6227,-18.53
-5.0943,-17.376
-6.3215,-16.383
-26.071,8.5628
-6.2089,-18.27
-23.945,8.4115
65.732,-5.1607
-6.209,-18.27
20.649,2.2842
-23.786,8.4099
-6.209,-18.27
63.164,-5.3603
-6.2091,-18.27
-17.187,-12.281
38.441,-7.009
21.911,1.8333
42.177,-6.6117
-7.095,-19.631
-6.9625,-17.412
-13.44,-21.207
39.214,-6.4432
-5.9419,-18.162
-13.525,-21.439
67.805,-5.1458
65.175,-5.5196
70.551,-4.77
65.177,-5.5205
64.809,-5.5065
68.551,-4.7592
48.675,-6.5255
63.839,-5.2804
65.123,-4.9365
65.557,-5.3217
68.338,-5.1741
65.123,-4.9365
48.684,-6.1368
48.699,-6.1091
65.176,-5.5199
68.661,-5.1048
66.331,-5.1003
67.2,-5.0094
69.471,-4.6644
65.123,-4.9365
48.673,-6.1538
67.276,-5.1018
67.586,-4.8642
48.675,-6.5255
66.547,-5.0896
48.656,-6.1919
65.177,-5.5202
65.123,-4.9365
48.681,-6.158
65.123,-4.9365
65.175,-5.5196
65.123,-4.9365
70.072,-4.6087
48.656,-6.1919
66.331,-5.0986
68.351,-5.1719
65.123,-4.9365
65.176,-5.52
48.656,-6.1919
48.656,-6.1919
22.233,-1.0977
67.122,-5.0321
22.294,-1.4144
65.123,-4.9365
48.656,-6.1919
-24.662,7.2391
-23.971,5.2367
20.47,0.50796
21.51,2.848
47.795,-6.8384
20.726,2.3961
-10.178,-13.411
18.884,-0.67364
21.401,3.0135
42.365,-6.5858
50.089,-6.2224
-10.569,-9.5343
38.144,-6.182
41.561,-6.3814
-6.9009,-15.937
20.786,2.5883
49.797,-6.3258
42.062,-6.5808
20.59,2.2544
21.119,3.1548
-10.867,-13.176
63.421,-5.3391
48.416,-6.0503
41.849,-6.5179
41.222,-6.4981
18.433,0.81178
41.752,-6.41
20.254,-0.70702
20.163,2.5311
43.019,-6.5866
40.539,-6.706
21.588,2.9933
20.202,0.69049
41.102,-6.4521
50.457,-6.3245
21.911,1.8333
48.673,-6.1635
67.226,-5.0677
63.921,-5.2258
48.675,-6.5255
65.177,-5.5202
66.331,-5.0986
48.656,-6.1919
65.557,-5.3221
48.675,-6.5255
65.123,-4.9365
65.123,-4.9365
48.671,-6.1577
70.813,-4.7846
70.153,-5.0149
65.176,-5.5199
48.675,-6.5255
66.331,-5.0985
70.956,-4.7568
48.677,-6.1554
66.331,-5.0986
65.123,-4.9365
65.123,-4.9365
67.586,-4.8642
64.811,-5.5077
48.656,-6.1919
48.656,-6.1919
63.921,-5.2258
65.123,-4.9365
65.123,-4.9365
65.123,-4.9365
63.921,-5.2258
48.656,-6.1919
48.675,-6.5255
63.921,-5.2258
65.123,-4.9365
65.176,-5.5197
65.123,-4.9365
48.675,-6.5255
65.123,-4.9365
65.123,-4.9365
69.809,-4.5998
65.123,-4.9365
65.123,-4.9365
65.123,-4.9365
48.656,-6.1919
65.123,-4.9365
48.656,-6.1919
48.675,-6.5255
65.123,-4.9365
66.331,-5.0986
21.073,3.7167
63.772,-5.3309
49.33,-6.3151
19.197,-1.2021
65.31,-5.4945
47.811,-6.2972
64.037,-5.1544
41.318,-6.4109
66.165,-5.1114
65.909,-5.1233
20.705,-1.6678
20.254,-0.70702
44.671,-6.5066
-7.4389,-7.5678
-3.7911,-8.4331
-3.7911,-8.4336
-10.368,-20.817
-7.4392,-7.5681
-13.258,16.175
-40.818,11.314
-40.843,11.365
-40.818,11.315
0.48915,24.846
-41.216,11.055
-4.4324,-2.54
-37.783,10.179
-41.234,11.059
-41.304,11.031
-13.633,20.802
-41.228,11.918
-3.9856,-5.5548
-3.986,-5.554
-3.9859,-5.5548
-37.785,10.18
-13.63,20.79
-37.755,10.17
-37.786,10.181
-37.786,10.181
-37.786,10.181
-37.756,10.17
-37.756,10.17
-37.785,10.18
-37.754,10.17
-37.755,10.17
-37.755,10.17
-37.755,10.17
-37.755,10.17
-37.756,10.17
-37.755,10.17
-37.755,10.17
-37.785,10.18
-37.785,10.18
-37.786,10.181
-37.755,10.17
-13.22,15.185
-13.219,15.182
1.2477,23.137
-40.859,11.349
-4.4329,-2.5399
-10.443,14.01
-13.57,32.715
-40.459,30.993
-40.458,30.994
-40.46,30.992
-40.459,30.988
-38.779,30.944
-38.774,30.939
-38.775,30.94
-38.775,30.94
-11.244,12.586
-11.799,12.852
-11.846,12.822
-11.166,13.372
-40.26,10.659
-10.996,8.9142
-10.996,8.9143
-10.996,8.9139
-10.996,8.9139
-13.63,20.789
-5.3033,18.592
-5.3055,18.591
-5.3022,18.595
-8.4142,20.834
-7.4012,17.082
-7.3993,17.082
-11.442,17.523
2.9826,23.16
2.954,23.192
0.95449,23.165
-6.6194,13.056
-6.6095,13.062
-8.0156,15.155
-6.3943,13.976
2.2832,22.52
-13.633,20.802
-13.629,20.792
1.2006,24.517
-3.9859,-5.5551
-3.9856,-5.555
-3.9857,-5.5551
-3.985,-5.5481
-3.9853,-5.549
-3.9855,-5.5551
-3.9856,-5.5551
-3.9859,-5.5551
-3.9868,-5.5518
-3.9859,-5.5548
-38.921,12.231
-8.7935,-3.8584
-11.845,12.822
-11.813,12.835
-11.845,12.822
-11.814,12.834
-10.47,14.009
-13.63,20.79
1.1767,22.955
2.2645,22.558
0.47058,23.71
0.71367,23.403
0.73649,23.457
2.3256,22.399
0.47189,23.74
2.3167,22.527
2.2616,22.569
-12.884,31.925
-13.627,20.811
-16.019,32.598
-16.273,31.515
-5.6406,13.381
-5.6439,13.379
-6.9874,13.682
-8.6585,13.972
-8.6511,14.032
-8.6331,12.936
-9.4872,12.81
-7.9656,12.55
-40.874,10.956
-40.868,10.946
-40.869,10.951
-40.868,10.92
-13.633,20.803
-13.633,20.802
-13.261,16.175
-4.4322,-2.5397
-38.863,12.263
-38.861,12.264
-16.92,32.093
1.68,23.798
0.5798,23.662
-16.793,31.994
2.0271,24.642
2.7158,25.001
2.7351,25.009
-16.942,32.049
-4.4331,-2.5394
-4.4331,-2.5399
-4.4331,-2.5394
-4.4325,-2.5394
-4.4331,-2.5394
-4.4331,-2.5399
-9.147,17.137
-9.1471,17.137
-9.1474,17.136
-9.1477,17.137
-9.6628,17.963
-9.6634,17.965
-9.1495,17.135
-9.1496,17.135
-16.793,31.994
-16.684,31.692
-16.979,32.132
1.161,24.754
-13.633,20.802
-13.632,20.8
-13.632,20.8
-12.856,32.15
2.0365,24.57
2.0376,24.58
-15.982,31.645
-13.701,4.8016
-0.12913,21.166
1.0762,24.782
2.4019,22.828
-17.216,32.149
-38.85,12.277
-38.85,12.277
-38.85,12.277
-38.849,12.278
-4.4331,-2.5399
-4.4326,-2.5399
-4.4325,-2.5399
-4.4325,-2.5399
-4.4331,-2.5399
-4.4325,-2.5399
-4.4326,-2.5399
-4.433,-2.5399
-4.4325,-2.5399
-4.4325,-2.5399
-4.4331,-2.5399
-4.4327,-2.5399
-4.4325,-2.5399
-4.4325,-2.5399
-4.4325,-2.5399
-4.4325,-2.5399
-4.4327,-2.5399
-4.4323,-2.5399
-4.4323,-2.5399
-4.4325,-2.5392
-4.4326,-2.5399
-4.4325,-2.5399
-4.4324,-2.5399
-4.4325,-2.5399
-4.4325,-2.5399
-4.4325,-2.5399
-4.4323,-2.5399
-4.4323,-2.5399
-4.4325,-2.5399
-4.4325,-2.5399
-4.4324,-2.5399
-4.4327,-2.5399
-4.4325,-2.5399
-4.4329,-2.5399
-4.4326,-2.5399
-4.4331,-2.5399
-13.724,26.553
-8.4158,20.835
-35.781,31.138
-37.754,33.127
-16.155,31.272
-16.146,31.319
-16.149,31.323
2.7692,24.357
0.58374,24.471
-13.633,20.802
-13.633,20.802
-13.633,20.802
2.4019,22.828
0.77456,23.698
-16.146,31.319
-16.158,31.277
-16.172,31.221
-16.146,31.286
-16.178,31.242
-16.156,31.118
-14.724,12.087
-14.724,12.087
-14.724,12.087
-0.12741,21.167
1.9464,24.304
0.80964,24.332
-0.13003,21.163
2.4095,22.813
-12.885,32.144
-5.6383,13.382
-16.062,31.81
-5.6439,13.384
-5.6439,13.384
-5.6297,13.378
0.56227,24.494
-40.792,10.973
-40.794,10.99
-40.794,10.99
-16.573,31.065
2.3189,22.711
2.2611,22.554
2.2724,22.536
2.2648,22.533
2.2654,22.507
2.2608,22.569
2.27,22.553
2.2745,22.527
2.2617,22.512
2.2723,22.549
2.2729,22.534
1.7321,22.896
2.2722,22.541
2.2639,22.553
2.27,22.553
2.2581,22.549
2.2616,22.569
2.2632,22.56
2.2607,22.552
2.3129,22.533
2.2732,22.542
2.2652,22.542
2.2616,22.569
2.2664,22.581
2.2717,22.537
2.2684,22.538
2.2664,22.547
2.27,22.553
2.2637,22.55
2.2649,22.555
2.262,22.554
2.3167,22.527
-16.146,31.319
-16.146,31.319
-16.146,31.319
-41.186,33.972
-5.6439,13.384
-5.6378,13.383
-5.6319,13.38
-5.6439,13.384
-5.6432,13.382
-16.146,31.319
-5.6439,13.384
-5.639,13.382
-5.639,13.382
-5.6383,13.382
-5.6358,13.381
-16.103,31.18
-16.23,31.511
-5.6377,13.382
-16.323,31.501
-16.531,31.43
-16.225,31.065
-10.681,13.928
-16.346,30.946
-5.6379,13.384
-13.839,31.365
-17.088,31.06
-5.6439,13.384
-13.702,4.801
-39.653,10.108
-39.653,10.109
-39.653,10.109
-8.4157,20.832
-8.4153,20.832
-8.4151,20.832
-8.4154,20.832
-8.4155,20.832
-8.4156,20.832
2.7493,24.019
2.7668,24.363
2.778,24.375
2.0328,24.549
-17.876,30.717
-18.001,31.93
-16.204,33.117
-15.785,31.819
-16.904,31.038
-17.002,31.013
-17.124,31.048
-15.979,30.629
-15.714,32.77
-15.869,31.733
-15.897,31.793
2.0226,24.568
2.7658,24.354
2.7649,24.352
2.7657,24.362
2.7622,24.36
2.7579,24.352
2.7711,24.358
1.8819,24.433
2.7784,24.373
2.7769,24.366
2.0318,24.613
2.0205,24.617
2.7622,24.36
2.7697,24.347
2.7664,24.37
-12.872,32.157
-13.63,20.79
-5.6379,13.384
-13.648,31.348
-5.6405,13.378
-5.6384,13.38
-5.6376,13.378
-13.75,31.236
-5.8484,18.335
-12.688,19.133
0.62998,23.63
1.1386,24.815
-16.078,31.149
-16.186,31.242
-16.283,30.848
-13.879,31.308
-13.879,31.308
-13.879,31.308
-13.829,31.33
-12.861,32.152
-5.6396,13.381
1.2039,23.377
1.2227,23.388
1.2952,23.793
1.301,23.781
-16.121,31.179
-16.129,31.095
-16.159,30.952
-15.737,31.809
-13.616,20.769
2.3472,22.345
-4.0587,-5.6668
-4.059,-5.6668
-5.6401,13.38
-40.672,34.101
-40.012,34.315
-40.035,34.325
-39.891,34.472
-39.868,33.411
-39.894,34.473
-39.894,34.473
-39.894,34.473
-39.894,34.473
-40.426,33.692
-40.02,34.321
-40.457,34.183
-40.407,34.409
-40.457,34.183
-40.407,34.409
-40.457,34.183
-40.457,34.183
-40.457,34.183
-40.457,34.183
-39.868,33.411
-39.868,33.411
-39.868,33.411
-40.457,34.183
-40.457,34.183
-40.457,34.183
-39.868,33.411
-39.868,33.411
-39.868,33.411
-39.776,34.724
-39.676,33.09
-39.673,33.094
-39.868,33.411
-39.891,34.472
-39.891,34.472
-40.457,34.183
-40.457,34.183
-40.457,34.183
-40.457,34.183
-40.457,34.183
-40.457,34.183
-40.457,34.183
-40.457,34.183
-39.814,34.736
-39.814,34.736
-40.426,33.692
-39.998,34.332
-39.948,33.632
-40.426,33.692
-39.955,34.043
-39.948,33.632
-39.955,34.043
-39.998,34.332
-39.955,34.043
-39.948,33.632
-39.955,34.043
-39.998,34.332
-40.023,34.328
-40.023,34.328
-39.948,33.632
-40.426,33.692
-40.426,33.692
-40.426,33.692
-40.426,33.692
-39.868,33.411
-39.868,33.411
-39.955,34.043
-39.708,33.261
-40.792,10.982
-13.261,16.175
-13.261,16.175
-13.261,16.175
-13.261,16.175
-13.261,16.175
-13.261,16.175
-13.261,16.175
-13.261,16.175
-13.262,16.174
-13.261,16.175
-13.261,16.175
-13.261,16.175
-13.261,16.175
-13.261,16.175
-13.261,16.175
-13.261,16.175
-13.261,16.175
-13.261,16.175
-13.261,16.175
-13.261,16.175
-13.261,16.175
-13.261,16.175
-13.261,16.175
-13.261,16.175
-13.26,16.174
-15.268,32.713
1.1792,23.346
2.2742,22.548
-5.5675,13.349
2.2832,22.52
-15.16,32.701
-16.887,31.495
-16.481,31.757
-16.244,31.213
-15.774,31.126
-15.772,31.085
-15.785,31.695
-39.265,33.655
-12.87,32.151
-16.724,31.3
-5.6234,13.37
-40.423,33.443
-40.423,33.443
-13.654,31.288
-13.63,20.79
-13.847,31.336
-13.832,31.337
0.60736,23.611
2.262,22.554
0.61059,23.616
-5.6379,13.377
-5.6369,13.375
-5.6403,13.38
-16.966,31.967
1.2073,23.414
-16.349,31.476
-13.701,4.7988
-5.6379,13.378
-5.6379,13.378
-5.6412,13.378
-5.6412,13.378
-4.351,-6.2661
-40.452,30.993
-16.551,31.086
0.68759,23.484
-40.602,34.585
-40.549,34.472
-40.549,34.472
-40.549,34.472
-40.549,34.472
-40.563,34.75
-41.672,34.108
-39.493,34.748
-39.955,34.043
-40.044,34.693
-16.166,31.225
-16.618,30.925
-16.643,30.883
-16.146,31.319
-16.201,31.311
-16.289,31.216
-16.193,31.23
-16.142,31.264
-16.136,31.051
-16.36,30.901
-16.344,30.841
-16.341,30.889
-15.842,31.236
-15.741,31.325
-16.512,30.781
-16.019,31.428
-5.6479,13.386
-5.6463,13.385
-5.6463,13.385
-5.6463,13.385
-40.774,11.302
-40.772,11.3
-5.6248,13.361
-5.6186,13.36
-5.6243,13.376
1.4627,24.067
-0.12977,21.165
-16.742,31.18
-16.287,30.715
3.178,23.719
-13.611,32.798
1.1903,23.109
-12.867,32.156
-12.865,32.159
-10.396,19.432
-10.967,18.707
-10.558,14.57
-13.281,16.148
-13.273,16.152
-16.638,31.458
-13.474,30.942
-13.106,30.747
-5.6277,13.373
1.1139,23.366
-8.7744,-3.8442
0.85453,25.173
1.147,23.971
1.0008,24.284
1.1691,24.467
1.151,24.46
1.2345,24.549
1.2012,24.707
0.81853,24.309
0.92149,24.34
1.2505,24.204
0.88448,25.113
1.0188,24.766
0.52942,24.559
1.1685,24.402
1.1753,24.375
1.1376,24.354
0.65282,24.457
0.93879,24.868
1.1652,24.423
0.50351,24.834
1.3731,24.129
1.1776,24.581
0.55372,24.837
0.55559,24.772
0.57734,24.486
1.1497,24.477
0.68387,24.452
1.1841,24.798
1.2305,24.421
0.53013,24.759
1.1796,25.096
0.70444,24.396
0.68695,24.417
1.1718,24.719
1.1386,24.823
1.1482,24.458
1.2311,24.471
1.1615,24.39
0.95519,24.296
1.1571,24.373
1.1275,24.373
1.0568,24.803
0.61272,24.854
0.68954,24.375
0.56639,24.861
0.69307,24.376
0.60543,24.495
0.69084,24.461
1.2322,24.548
0.99546,24.9
0.73529,24.275
0.60543,24.431
0.67159,24.39
0.82806,24.304
1.1808,24.835
1.1197,24.865
1.1842,24.581
1.1437,24.452
0.4826,24.428
1.0779,24.777
1.1896,24.439
0.58024,24.531
0.73864,24.365
0.76366,24.335
1.0354,24.832
0.57659,24.526
1.0264,25.015
1.4617,24.783
0.70617,24.369
1.1075,24.767
1.1785,24.541
0.66891,24.496
0.79133,24.334
0.6737,24.606
0.98439,24.944
0.94883,24.837
0.60726,24.463
0.73703,24.332
1.1923,24.523
1.0752,24.902
1.1012,24.848
-5.6347,13.379
-5.6382,13.383
1.0626,24.775
1.2577,24.676
0.79641,24.315
0.91386,24.373
1.0498,24.78
1.1903,24.505
1.2139,24.659
0.65798,24.434
1.1136,24.751
1.2274,24.441
-5.6343,13.378
-40.882,11.497
-15.572,31.468
-15.543,31.327
-15.997,31.932
-16.966,31.967
0.70093,24.387
0.59159,24.443
1.1506,24.778
0.84705,24.334
1.1511,24.391
0.59971,24.87
1.2016,24.399
1.1692,24.497
0.68944,24.72
1.2594,24.502
1.612,24.311
0.68747,24.353
0.74719,23.869
0.6543,23.624
0.46154,23.632
0.60817,23.621
2.2392,23.98
-13.655,31.226
-40.25,33.037
1.1116,24.399
1.1333,24.42
1.2692,24.481
1.0677,24.907
0.91706,24.833
1.0008,24.284
1.4251,25.147
1.1989,24.674
0.71103,25.179
0.91051,24.273
0.85678,24.292
-40.797,11.35
-5.6353,13.383
-37.77,33.132
3.2009,23.676
2.2666,22.563
1.1728,24.386
0.53201,24.752
0.4901,24.609
0.4405,23.85
1.2139,24.651
0.75177,23.806
0.52342,23.975
-16.042,30.801
-16.067,30.704
-16.002,30.805
-16.029,30.741
-16.582,30.573
-13.494,30.953
-10.995,8.9078
-5.6238,13.373
-5.6298,13.375
-13.734,26.595
2.9625,24.794
3.1444,23.598
-4.3514,-6.2683
-12.885,32.144
-12.701,19.145
-12.706,19.139
-5.6055,13.365
-5.6436,13.38
-5.6234,13.375
-13.617,32.846
-13.614,32.85
-13.619,32.844
-13.611,32.843
-13.629,32.858
-13.617,32.846
-13.64,32.874
-13.608,32.829
-40.158,33.017
-40.326,33.198
-40.326,33.198
-40.158,33.017
-40.158,33.017
-40.326,33.198
-39.955,34.043
-39.955,34.043
-39.286,34.043
-40.574,33.919
-39.182,34.175
-39.265,33.655
-39.473,34.085
-39.286,34.043
-39.445,33.621
-39.948,33.632
-40.426,33.692
-39.286,34.043
-39.948,33.632
-39.955,34.043
-39.463,34.104
-39.286,34.043
-39.265,33.655
-40.426,33.692
-39.948,33.632
-39.948,33.632
-39.347,34.203
-39.955,34.043
-40.605,33.898
-40.02,34.324
-39.657,33.695
-40.316,33.327
-39.948,33.632
-40.316,33.327
-39.982,33.161
-39.343,34.212
-40.316,33.327
-39.955,34.043
-39.265,33.655
-39.955,34.043
-39.379,33.379
-39.265,33.655
-39.731,34.186
-39.643,34.048
-39.955,34.043
-39.111,33.926
-40.283,33.175
-40.283,33.048
-40.283,33.175
-40.282,33.046
-40.283,33.048
-39.379,33.379
-40.392,33.256
-39.948,33.632
-40.426,33.692
-40.426,33.692
-40.426,33.692
-40.283,33.048
-40.392,33.416
-39.603,33.328
-39.463,34.104
-39.603,33.329
-39.955,34.043
-39.286,34.043
-39.948,33.632
-39.265,33.655
-39.586,33.178
-40.426,33.692
-39.379,33.379
-39.286,34.043
-40.426,33.692
-40.426,33.692
-40.426,33.692
-40.423,33.443
-39.955,34.043
-40.426,33.692
-39.955,34.043
-40.392,33.416
-39.955,34.043
-40.355,34.458
-40.426,33.692
-39.286,34.043
-40.316,33.327
-39.476,34.392
-40.387,33.23
-40.316,33.327
-40.355,34.458
-39.955,34.043
-39.473,34.085
-40.242,33.032
-40.426,33.692
-40.283,33.048
-40.426,33.692
-39.265,33.655
-39.948,33.632
-39.955,34.043
-39.948,33.632
-39.948,33.632
-39.948,33.632
-39.379,33.379
-39.265,33.655
-40.426,33.692
-39.955,34.043
-40.044,34.33
-40.426,33.692
-40.426,33.692
-40.392,33.416
-40.426,33.692
-40.426,33.692
-39.265,33.655
-39.463,34.104
-39.955,34.043
-39.265,33.655
-39.265,33.655
-39.265,33.655
-39.265,33.655
-39.265,33.655
-39.265,33.655
-39.265,33.655
-39.265,33.655
-39.286,34.043
-39.349,34.209
-39.265,33.655
-39.286,34.043
-39.286,34.043
-39.286,34.043
-39.286,34.043
-39.265,33.655
-39.286,34.043
-39.286,34.043
-39.286,34.043
-39.265,33.655
-13.616,20.769
-14.485,28.901
-13.631,20.791
-13.63,20.79
-13.629,20.789
-13.629,20.789
-13.629,20.789
-13.63,20.789
-13.63,20.789
-13.629,20.788
-13.629,20.788
-13.631,20.791
-13.629,20.788
-13.629,20.788
-13.629,20.788
-13.629,20.788
-13.629,20.788
-13.629,20.789
-13.629,20.789
-13.629,20.789
-13.629,20.788
-15.357,32.686
-5.6316,13.373
0.57145,24.797
0.55375,24.915
-16.916,31.136
-15.469,31.507
-13.261,16.175
-40.783,10.977
-10.996,8.9069
-16.786,31.024
-15.854,31.454
-41.212,11.959
-5.6415,13.381
-5.612,13.371
-5.635,13.378
-15.684,31.846
-39.357,31.526
-39.358,31.529
-10.685,13.926
-15.779,31.957
-12.873,32.157
-40.809,11.349
-40.825,11.345
-40.825,11.345
-40.825,11.345
-40.825,11.345
-16.031,31.116
-15.098,29.876
2.957,23.178
2.9654,23.171
0.75392,23.402
1.1547,22.939
-16.47,31.286
-15.523,31.483
-10.995,8.9078
-10.995,8.9078
-10.995,8.9078
-10.995,8.9077
-10.996,8.9084
-10.996,8.9093
-10.996,8.9078
-10.996,8.9077
-10.995,8.9078
-10.995,8.9078
-10.995,8.9077
-10.995,8.9077
-10.995,8.9078
-10.995,8.9078
-10.995,8.9078
-10.995,8.9078
-10.995,8.9078
-10.995,8.9078
-10.995,8.9078
-10.995,8.9078
-10.995,8.9078
-10.995,8.9078
-10.995,8.9078
-10.995,8.9078
-10.995,8.9078
-10.995,8.9078
-10.995,8.9078
-10.995,8.9078
-10.995,8.9078
-10.995,8.9078
-10.995,8.9078
-10.995,8.9078
-10.995,8.9078
-10.995,8.9078
-10.995,8.9078
-10.995,8.9078
-10.995,8.9078
-41.615,33.852
-41.615,33.852
-41.674,33.887
-41.383,33.571
-41.298,33.461
-41.298,33.461
-41.258,33.136
-41.35,33.116
-41.339,32.929
-41.296,33.002
-41.296,33.002
-41.296,33.002
-41.296,33.002
-41.296,33.002
-41.296,33.002
-41.296,33.002
-5.6489,13.378
-39.819,31.644
-39.777,31.703
-41.214,11.96
-12.903,19.649
-5.6363,13.378
-40.79,11.275
-40.799,11.263
-40.8,11.278
-40.788,11.297
-5.6285,13.38
-5.6285,13.38
-5.6285,13.38
-5.6285,13.38
-40.461,30.985
-40.46,30.993
-40.458,30.994
-38.777,30.949
-38.774,30.944
-38.774,30.95
-39.5,31.474
-39.503,31.478
-10.996,8.9039
-13.803,31.409
-16.144,30.242
-15.843,31.281
-15.652,30.615
-15.548,30.768
-15.805,31.26
-16.818,30.583
-16.004,30.512
1.102,24.839
-16.262,31.439
-15.864,31.832
-6.2993,13.886
-6.2996,13.886
-6.0996,13.798
-6.1247,13.774
-5.6009,13.361
-5.5941,13.36
-5.6022,13.363
-5.5802,13.351
-41.336,11.022
-41.332,11.023
-41.332,11.023
-41.332,11.023
-39.948,33.632
-17.662,31.38
-15.859,30.397
-10.484,14.003
-5.6495,13.382
-5.6495,13.382
-5.6495,13.382
-10.996,8.9079
3.1224,24.481
-16.625,32.591
2.0578,25.271
-41.229,11.056
-41.337,11.029
-41.232,11.057
-41.317,11.025
-41.341,11.025
-41.234,11.054
-41.324,11.023
-41.331,11.02
-41.328,11.024
-41.237,11.058
-41.229,11.056
-41.232,11.057
-41.231,11.058
-41.328,11.024
-41.335,11.026
-10.995,8.9077
-10.995,8.9078
3.0196,23.328
3.0108,23.321
3.0212,23.325
3.0387,23.3
3.0108,23.321
1.0386,24.294
-8.4147,20.834
0.48128,23.639
0.55851,23.658
-16.896,32.029
-5.6457,13.38
-16.829,30.876
-15.905,31.745
-17.158,30.774
-15.908,31.823
2.9687,24.781
-5.6421,13.378
-13.701,4.7981
-13.702,4.7997
-0.59446,24.695
2.5513,24.416
2.5048,24.408
2.5632,24.409
2.7354,24.38
0.98751,24.932
-10.044,14.475
-9.3119,15.177
-9.3105,15.178
-13.86,31.368
-16.434,32.2
-14.099,30.631
-16.526,32.426
-15.886,31.816
-16.468,32.37
-16.918,31.083
-14.106,30.673
-16.686,30.532
-16.588,30.489
-16.551,31.086
-17.094,32.145
-16.272,32.221
-4.4327,-2.5385
-40.846,11.332
-38.855,12.273
-13.615,32.804
-15.142,29.893
-40.25,10.667
-40.246,10.658
-40.244,10.663
-16.113,31.281
-16.158,31.277
-16.137,31.288
-16.286,31
-16.166,31.178
-16.336,31.032
-16.166,31.178
-16.146,30.966
-16.2,31.02
-16.115,31.261
-16.486,30.795
-16.486,30.795
-16.409,31.178
-16.146,31.319
-16.165,31.285
-16.182,31.157
-16.165,31.285
-16.146,31.319
-15.142,29.893
-16.146,31.319
-16.146,31.319
-16.113,31.174
-16.113,31.174
-16.142,31.264
-16.055,31.005
-16.071,31.111
-16.11,31.29
-16.146,31.286
-16.258,30.874
-16.133,31.109
-16.148,31.317
-16.148,31.317
-16.165,31.283
-16.286,31.212
-13.859,31.323
-13.86,31.32
-13.893,31.297
-13.947,31.274
-13.701,4.7982
-13.701,4.7983
-5.6436,13.38
-5.6107,13.368
-5.6184,13.377
-5.6408,13.382
-5.6459,13.385
-5.6319,13.382
-5.6439,13.384
-5.6439,13.384
-5.6461,13.385
-5.6439,13.384
-8.6088,13.996
-8.605,13.997
-8.6062,13.997
-6.3922,13.885
-6.3972,13.894
-39.512,31.52
-40.785,11.326
-40.802,11.34
-40.798,11.288
-40.796,11.305
-40.802,11.34
-40.814,11.327
-40.808,11.318
-40.81,11.317
-40.806,11.293
-40.78,11.268
-40.78,11.268
-40.806,11.298
-40.819,11.316
-40.812,11.302
-40.814,11.331
-40.792,11.337
-40.805,11.292
-40.805,11.285
-40.809,11.291
-40.8,11.35
-40.8,11.35
-40.788,11.272
-40.789,11.27
-40.788,11.272
-40.788,11.272
-40.788,11.272
-40.788,11.272
-40.81,11.302
-40.78,11.268
-40.78,11.268
-40.799,11.312
-40.802,11.34
-40.798,11.288
-40.806,11.298
-40.805,11.296
-40.797,11.292
-40.823,11.318
-40.816,11.309
-40.81,11.315
-40.803,11.295
-40.807,11.302
-40.836,11.307
-40.828,11.33
-40.822,11.322
-40.813,11.285
-40.808,11.285
-40.806,11.32
-40.804,11.331
-40.771,11.289
-40.779,11.352
-40.779,11.352
-40.812,11.315
-40.798,11.33
-40.798,11.327
-40.796,11.275
-40.806,11.294
-40.796,11.275
-40.816,11.296
-40.807,11.305
-40.809,11.294
-40.807,11.28
-40.8,11.276
-40.805,11.284
-40.811,11.289
-40.808,11.281
-40.802,11.284
-40.809,11.277
-8.9731,-8.1508
-40.254,10.674
2.9014,23.26
-13.63,20.79
-12.915,-11.092
-13.343,-10.079
0.60997,24.834
2.9685,24.14
-13.789,31.307
-13.789,31.307
-5.3016,18.594
-38.85,12.277
-13.63,20.79
-13.258,16.175
-40.818,11.314
-0.015786,23.89
0.60858,24.427
-16.68,32.228
-10.996,8.9067
-13.471,30.877
-16.408,30.323
-16.415,30.265
-16.676,30.425
-17.307,32.297
-16.925,30.371
-16.281,30.263
-16.501,30.26
-16.962,30.245
-10.405,16.21
-9.6999,16.28
-9.6929,16.288
-10.387,15.502
-10.995,8.9078
-41.336,11.025
-41.33,11.018
-41.327,11.026
-41.329,11.024
-41.327,11.029
-41.327,11.029
-41.231,11.063
-5.6347,13.378
-5.6342,13.376
-5.6347,13.376
-35.785,31.141
-14.108,30.337
-14.103,30.316
-14.08,30.303
-15.779,31.957
-16.628,31.312
-16.33,31.515
-16.508,31.452
-16.591,31.39
-16.925,31.37
-16.599,30.91
-16.717,31.074
-16.974,30.984
-17.005,31.135
-15.829,31.652
-15.836,31.906
-15.795,31.606
-17.296,31.483
-16.913,31.631
-16.05,31.671
-15.869,31.008
-15.869,31.008
-15.875,30.937
-15.768,31.065
-15.958,31.968
-15.772,32.065
-16.401,32.36
-16.839,31.989
-16.928,32.092
-16.941,32.086
-16.928,32.092
-16.994,32.084
-17.037,32.049
-17.021,32.045
-16.973,32.053
-17.135,32.153
-16.786,31.959
-17.44,32.485
-17.22,32.224
-17.231,32.235
-17.231,32.235
-17.23,32.265
-17.22,32.224
-17.22,32.224
-17.201,32.436
-16.801,32.426
-16.612,32.517
-16.682,32.592
-16.651,32.502
-16.958,32.415
-16.874,32.427
-12.88,32.139
-17.008,31.102
-10.282,14.254
-10.417,16.232
-0.12642,21.168
-0.12922,21.164
-0.13189,21.164
-0.12533,21.17
0.39646,24.283
0.44751,24.248
-0.128,21.169
-0.12782,21.169
2.2892,22.517
2.2616,22.569
2.3173,22.532
2.2771,22.549
2.2926,22.526
2.2666,22.563
-10.996,8.908
-5.6177,13.372
3.1968,23.735
-5.6217,13.369
-5.6246,13.374
-41.415,33.467
3.1813,23.747
3.1656,23.662
-0.13337,21.16
-0.13554,21.16
-5.6177,13.372
-5.6303,13.375
-1.7101,22.343
-1.0591,22.42
-16.163,30.782
-16.163,30.782
-16.252,30.613
-17.037,30.2
-17.037,30.2
-16.928,31.499
-15.543,31.485
-15.424,31.729
-11.775,12.89
-10.996,8.9069
-16.176,30.771
-40.306,34.461
-5.6351,13.376
-35.86,31.185
-15.897,31.787
2.6325,23.723
2.6314,23.733
2.6383,23.733
2.6368,23.726
-41.583,33.475
-17.071,32.123
-13.284,16.157
-10.549,14.47
-40.459,30.989
-38.775,30.943
-14.317,28.933
-10.969,9.1309
-9.1478,17.127
-7.4041,17.081
-9.8069,16.957
-40.605,33.898
-40.764,33.811
-40.75,33.817
-40.021,34.318
-40.605,33.898
-40.605,33.898
-40.605,33.898
-40.605,33.898
-40.605,33.898
-13.418,30.784
-12.852,32.147
-13.46,31.73
-9.0544,-8.2214
-7.4405,-7.5676
-14.724,12.087
-14.724,12.087
-14.724,12.087
-14.724,12.087
2.1443,25.172
0.53355,23.684
1.2163,24.778
1.1897,24.771
1.1243,24.849
1.723,23.897
-9.9326,-6.261
-11.092,-15.485
1.1695,22.947
1.2355,23.13
1.1584,22.918
-10.315,-21.368
-10.694,-15.098
-5.6347,13.378
-5.6342,13.376
-5.6347,13.376
-5.6173,13.368
1.23,23.398
-10.315,-21.368
-11.131,-15.579
-10.995,8.9078
-10.995,8.9078
-16.817,30.733
1.2635,24.437
-11.092,-15.485
-13.801,-8.9317
-11.092,-15.485
-10.406,-15.673
-10.193,-23.266
-10.193,-23.266
-11.101,-21.148
-10.148,-23.073
-10.193,-23.266
-10.193,-23.266
-11.092,-15.485
-10.337,-18.877
1.0603,23.525
1.1179,22.921
1.1654,22.944
1.1382,22.909
1.129,22.928
1.1632,22.936
1.1767,22.967
1.1902,22.971
-10.315,-21.368
-10.765,-15.134
-40.61,34.236
-12.2,12.697
-10.315,-21.368
-5.6291,13.369
-13.799,31.311
-13.804,31.316
-13.871,31.357
-13.754,31.345
-13.726,31.332
-13.862,31.355
-13.862,31.355
-13.826,31.308
-13.624,31.369
-13.58,31.333
-13.403,31.221
-13.522,31.453
-13.619,31.429
-13.417,30.893
-13.401,30.914
-13.373,30.873
-13.392,30.871
-13.299,31.139
-13.35,30.867
-13.3,30.837
-13.799,30.817
-13.353,30.855
-13.354,30.84
-12.903,19.65
-40.839,33.998
-10.32,-15.669
-11.094,-19.861
-11.083,-20.931
-11.083,-20.931
-12.577,-16.285
-12.173,-16.824
-12.669,-16.306
-12.694,-16.311
-9.5968,-15.524
-9.8942,-16.514
-10.324,-15.019
-11.094,-19.861
-16.992,32.096
2.0988,25.241
2.1505,25.212
-10.969,-16.391
-16.781,31.277
-15.852,31.875
-10.315,-21.368
-10.315,-21.368
-10.315,-21.368
-10.315,-21.368
-10.181,-15.857
-12.886,32.142
-15.866,30.344
-12.856,32.15
-12.786,32.392
-15.793,30.387
-15.61,30.886
-9.0038,-25.595
-9.0038,-25.595
-9.0038,-25.595
-8.941,-25.675
-9.5818,-24.86
-9.0041,-25.595
-12.909,-16.562
-9.004,-25.595
-9.0038,-25.595
-9.5968,-15.524
-11.951,-17.669
-10.706,-15.103
-10.995,8.9078
-10.996,8.9085
-10.996,8.9076
-10.569,-20.783
-10.315,-21.368
-10.614,-20.682
-14.034,31.004
-14.015,30.951
-10.373,13.61
-10.332,13.374
-10.328,13.372
-8.5601,-13.971
-8.5601,-13.971
-8.5601,-13.971
-8.5599,-13.971
-5.6413,13.375
2.6358,23.615
-39.824,33.179
-39.824,33.179
-39.824,33.179
-39.824,33.179
-39.859,34.601
-39.824,33.179
-39.824,33.179
-39.87,34.605
-39.91,34.513
-39.824,33.179
-39.824,33.179
-39.824,33.179
-39.721,33.057
-10.615,-16.622
-11.174,-15.783
-9.8947,-12.286
-9.7379,-13.666
-5.6415,13.385
-16.663,32.458
-13.648,-14.56
-3.7913,-8.4333
-15.222,-5.5129
-15.222,-5.5129
39.281,-6.6248
-15.523,-5.6708
39.542,-6.6109
-15.376,-5.0533
-15.222,-5.5129
-15.222,-5.5129
38.182,-6.7527
-15.726,-5.1663
-15.523,-5.6708
-15.523,-5.6708
-15.222,-5.5129
-15.222,-5.5129
-15.222,-5.5129
-15.523,-5.6708
-15.523,-5.6708
-15.523,-5.6708
-15.372,-5.0528
-15.523,-5.6708
-15.523,-5.6708
-15.222,-5.5128
-15.523,-5.6708
-15.523,-5.6708
-15.523,-5.6708
-15.222,-5.5129
-15.222,-5.5129
-15.523,-5.6708
-15.523,-5.6708
-15.523,-5.6708
-15.222,-5.5129
-15.834,-5.3053
-15.523,-5.6708
-15.523,-5.6708
-15.523,-5.6708
-15.899,-5.3926
-15.523,-5.6708
-15.523,-5.6708
-15.726,-5.1663
-15.523,-5.6708
-15.222,-5.5129
-15.222,-5.5129
-15.375,-5.0535
-15.523,-5.6708
-15.388,-5.054
-15.523,-5.6708
-15.523,-5.6708
-15.222,-5.5129
-15.222,-5.5128
-15.222,-5.5129
-15.523,-5.6708
-15.222,-5.5128
-15.222,-5.5129
2.4737,23.681
2.7061,23.684
2.7017,23.684
-35.777,31.136
-35.778,31.136
-35.777,31.136
-35.779,31.137
-35.783,31.14
-35.778,31.137
-35.777,31.136
-35.782,31.139
-9.3933,-13.778
-12.588,-26.942
-9.5188,-18.467
-14.617,-7.0032
-14.617,-7.0032
-14.931,-7.5114
-14.617,-7.0032
-14.617,-7.0032
-14.617,-7.0032
-14.617,-7.0032
-14.617,-7.0032
-14.617,-7.0032
-14.617,-7.0032
-14.931,-7.5114
-14.617,-7.0032
-13.577,-7.0667
-14.617,-7.0032
-14.617,-7.0032
-14.617,-7.0032
-14.329,-7.7956
-14.617,-7.0032
-14.251,-7.2207
-14.617,-7.0032
-14.617,-7.0032
-14.617,-7.0032
-14.617,-7.0032
49.494,-6.4446
-14.617,-7.0032
-14.046,-7.0863
-14.014,-7.0474
-14.617,-7.0032
-14.617,-7.0032
-14.617,-7.0032
-14.617,-7.0032
-14.617,-7.0032
-14.617,-7.0032
-14.617,-7.0032
-14.045,-7.0844
-14.617,-7.0032
-14.617,-7.0032
-14.617,-7.0032
-14.617,-7.0032
-14.617,-7.0032
-14.617,-7.0032
-14.617,-7.0032
-14.617,-7.0032
-14.617,-7.0032
-14.617,-7.0032
-14.617,-7.0032
-14.834,-7.4164
-8.0131,15.153
-8.013,15.154
-6.4718,13.341
-6.7866,13.655
-39.694,33.066
-40.008,34.777
-5.6275,13.381
-5.6008,-7.2317
1.2009,24.559
39.739,-6.6044
40.504,-6.5951
0.64683,23.577
-38.936,12.222
-41.213,11.924
-8.7747,-3.8443
-8.7747,-3.8443
-8.7746,-3.8444
-10.377,-16.016
-23.654,8.0735
-5.6389,13.379
-5.6389,13.379
-13.743,-14.23
-13.743,-14.23
1.0455,24.765
2.3127,22.539
2.3222,22.527
2.3173,22.532
2.3173,22.532
2.3197,22.523
2.3173,22.532
2.3173,22.532
2.279,22.54
2.3173,22.532
2.3173,22.532
2.3222,22.527
-0.13141,21.16
-0.12765,21.169
-0.13117,21.161
-0.12966,21.163
-10.259,-20.913
-10.259,-20.913
2.832,24.324
-0.65561,-9.5678
-3.9988,-5.4946
-0.65536,-9.5678
-3.9995,-5.4976
-0.65543,-9.5678
-5.6045,-7.2361
-4.146,-4.691
-10.432,14.292
-10.42,16.228
-10.42,16.228
-10.42,16.228
-10.42,16.227
-10.413,16.209
-9.8071,16.959
-9.1489,17.138
-9.1509,17.14
-10.305,17.052
-10.305,17.052
-10.305,17.051
-10.305,17.052
-14.39,29.705
-10.583,14.374
-10.99,8.974
-10.989,8.9751
-14.798,28.162
-14.797,28.16
46.482,-6.1213
20.488,3.6236
-5.6312,13.379
-13.595,-14.229
-8.7739,-3.8495
-5.6291,13.374
49.038,-6.2748
49.038,-6.2748
49.038,-6.2748
50.561,-6.1923
65.265,-5.4956
49.038,-6.2748
49.038,-6.2748
49.038,-6.2748
49.038,-6.2748
49.048,-6.1955
50.561,-6.1923
49.04,-6.2375
49.038,-6.2748
-11.544,-18.851
-11.551,-18.865
-11.523,-18.791
-11.541,-18.841
-28.019,9.4335
-8.8144,-20.568
-8.8686,-20.616
-8.8686,-20.616
-8.9118,-20.636
-9.3284,-20.955
-9.3284,-20.955
-9.2144,-21.018
-9.3284,-20.955
-40.803,11.295
-8.5115,-21.246
-8.6238,-21.221
-8.436,-21.263
-8.4353,-21.263
-8.4351,-21.263
-13.569,32.695
-13.697,31.263
-13.738,31.261
-13.702,31.25
-13.727,31.226
-13.738,31.261
-13.738,31.261
-13.75,31.236
-13.709,31.22
-13.673,31.25
-13.75,31.236
-13.687,31.253
-13.738,31.261
-13.75,31.236
-13.716,31.215
-13.738,31.261
-13.751,31.239
-13.738,31.261
-13.75,31.236
-13.673,31.25
-13.738,31.261
-13.616,31.313
-13.738,31.261
-13.731,31.248
-13.691,31.227
-13.616,31.313
-13.673,31.25
-13.716,31.215
-13.75,31.236
-13.851,31.34
-13.738,31.261
-13.738,31.261
-13.826,31.308
-13.75,31.236
-13.691,31.227
-13.754,31.273
-13.702,31.25
-13.729,31.265
-13.701,4.8005
-13.474,30.942
-13.492,30.899
-13.678,31.244
-13.492,30.899
-13.492,30.899
-13.702,31.25
-13.492,30.899
-12.864,32.152
-10.996,8.9078
-10.996,8.9075
20.254,-0.70702
-40.459,30.993
-38.779,30.944
-11.244,12.586
-10.996,8.9142
-7.3994,17.082
-11.442,17.523
-5.3021,18.595
-6.6193,13.056
-8.0156,15.155
-6.3943,13.976
-38.899,12.24
-8.7928,-3.8583
-13.633,20.802
-6.9875,13.682
-8.6584,13.972
-8.6511,14.032
-8.6331,12.936
-9.4871,12.81
-7.9655,12.55
-40.874,10.956
-13.724,26.554
-10.506,13.995
-39.653,10.108
-13.261,16.175
-12.688,19.133
-12.198,12.698
-10.396,19.432
-37.77,33.132
-35.781,31.138
-5.6439,13.379
-41.208,11.052
-39.966,10.828
-9.3118,15.177
-10.967,18.707
-38.85,12.277
-10.574,13.954
2.3472,22.345
-5.8481,18.335
-38.85,12.276
-26.915,11.593
-8.9431,-18.042
-25.266,10.48
-25.45,8.5495
-10.529,-15.865
38.371,-7.066
-2.6612,-18.826
-7.093,-12.501
22.158,-0.76941
18.999,3.0675
-5.0484,-12.44
-12.296,-16.533
21.962,-0.10239
-7.1606,-12.869
-9.4719,-12.335
40.337,-6.5809
-6.7247,-14.939
-26.915,11.593
21.911,1.8333
-17.187,-12.281
-27.368,11.606
-25.453,8.497
-2.8838,-18.49
20.742,0.84507
19.357,0.93732
-9.9564,-15.123
65.123,-4.9365
49.246,-6.1594
-9.5795,-15.567
19.489,2.1635
-26.632,8.8214
-8.9427,-18.039
-9.5307,-15.882
20.469,0.50796
-3.9406,-12.785
-10.965,-15.296
46.425,-6.1165
18.385,2.2751
-2.8839,-18.49
20.469,0.50796
-26.049,9.1868
42.171,-6.5792
-10.617,-16.621
49.415,-6.3164
20.469,0.50796
-8.6563,-11.073
-3.9942,-12.771
44.781,-6.5778
20.742,0.84507
-11.147,-16.065
-26.071,8.5628
21.911,1.8333
22.714,0.87996
48.658,-6.6094
-26.071,8.5628
-26.566,8.9357
20.469,0.50796
-26.216,9.1757
-9.9156,-12.161
22.351,2.9471
-2.5388,-18.726
20.507,1.1129
-26.071,8.5628
-10.191,-15.781
68.142,-4.7333
-2.8967,-18.55
-8.6563,-11.073
-8.1995,-18.518
20.201,0.69296
-10.676,-15.09
39.168,-6.5975
21.962,-0.10239
-11.228,-13.942
47.198,-6.3067
21.962,-0.10239
-8.3928,-16.474
21.962,-0.10239
-10.191,-15.781
19.625,-0.0088592
-17.189,-12.281
42.961,-6.5782
-27.872,8.8118
19.465,3.3324
-10.068,-16.606
20.233,0.98845
19.465,3.3324
40.154,-6.6453
21.911,1.8333
-9.532,-15.902
22.546,2.049
19.36,0.94116
65.176,-5.5198
68.06,-5.1901
20.254,-0.70702
19.863,-1.4178
20.233,0.98845
20.217,3.2809
-11.617,-13.107
20.202,0.69009
-26.643,8.3219
19.142,2.9057
22.714,0.87996
-26.077,7.9394
-26.915,11.593
46.047,-6.1672
-6.0424,-20.948
-26.285,9.1554
-9.9157,-12.161
-8.0625,-16.098
-24.474,9.4893
22.714,0.87996
20.507,1.1129
21.439,-1.0222
19.571,3.5786
-28.638,9.5262
-26.915,11.593
-25.453,8.497
-7.1613,-12.869
49.637,-6.2396
38.232,-7.5386
-10.201,-16.645
-17.189,-12.281
-25.961,9.1735
-25.847,9.138
50.166,-6.258
-11.405,-14.066
21.962,-0.10239
19.489,2.1635
-17.188,-12.281
-10.315,-21.368
-8.4362,-17.265
-10.471,-11.411
-9.5323,-15.781
68.141,-4.7328
-7.1613,-12.869
-8.1994,-18.518
44.797,-6.5785
22.445,2.0963
20.469,0.50795
-25.912,9.161
64.804,-5.4856
-26.071,8.5628
42.595,-6.5824
-25.74,10.349
-25.745,9.0859
20.742,0.84507
-26.915,11.593
-3.9943,-12.771
-25.665,9.0276
20.254,-0.70702
20.742,0.84507
21.439,-1.0222
-8.1995,-18.518
-11.879,-18.066
20.2,0.69388
-26.269,9.161
-2.8838,-18.49
19.621,0.013881
-10.786,-16.543
-27.278,9.902
21.962,-0.10239
-8.44,-14.576
-28.571,7.6824
40.162,-6.542
45.325,-6.5845
-10.191,-15.781
-11.076,-13.915
-9.7183,-16.353
20.627,2.1256
20.742,0.84507
64.241,-5.107
48.675,-6.5255
-12.022,-14.268
64.322,-5.3824
46.106,-6.3586
-2.8838,-18.49
22.581,-0.2661
-26.195,7.9526
-7.1606,-12.869
-26.915,11.593
-24.16,8.971
47.839,-6.3145
20.257,3.3369
-25.505,8.3031
20.507,1.1129
20.47,0.50796
64.519,-5.0448
19.142,2.9057
20.507,1.1129
20.469,0.50796
21.911,1.8333
-11.338,-18.049
37.668,-5.8567
-8.6563,-11.073
-25.466,8.4195
-27.841,7.5772
22.4,2.1025
-26.689,8.5302
20.469,0.50796
-10.422,-15.023
-8.9103,-18.043
-11.801,-12.981
18.717,-0.47064
-25.482,8.7573
-26.214,9.1762
48.419,-6.8732
-26.216,9.1758
22.047,2.3272
-11.904,-17.202
-10.965,-18.076
-7.2222,-12.905
38.357,-6.6806
20.232,0.98753
22.581,-0.2661
46.089,-6.8017
47.86,-6.265
-8.076,-16.711
19.142,2.9057
-10.813,-13.122
21.144,-0.2023
22.484,-0.44184
43.724,-6.5607
21.911,1.8333
20.742,0.84507
21.962,-0.10239
68.181,-5.1917
20.507,1.1129
-9.9442,-13.878
-10.169,-15.039
46.64,-6.1449
-4.984,-12.465
-28.687,9.5312
46.101,-6.7758
-26.915,11.593
64,-5.1784
-8.1995,-18.518
-10.471,-11.411
-2.8838,-18.49
20.507,1.1129
38.822,-6.429
-10.965,-15.296
67.2,-5.0086
-26.915,11.593
21.962,-0.10239
-26.56,8.1797
22.741,-0.4248
-8.1128,-18.813
-12.413,-15.607
-13.743,-14.23
18.421,0.58943
-10.315,-21.368
19.024,2.0869
19.571,3.5786
-2.8838,-18.49
48.149,-6.7361
63.881,-5.2529
48.675,-6.5255
-9.1684,-14.218
20.742,0.84507
-26.661,8.3717
-27.874,8.8062
48.674,-6.1582
-3.9943,-12.771
64.717,-4.9695
43.708,-6.5598
21.962,-0.10239
20.507,1.1129
-17.187,-12.281
-12.408,-15.815
-11.147,-11.133
68.18,-5.1914
44.277,-6.5799
-9.8432,-13.897
20.233,0.98845
-11.847,-18.036
-7.161,-12.869
21.962,-0.10239
48.675,-6.5255
19.576,-0.083055
19.142,2.9057
45.474,-6.5841
37.294,-5.4869
-9.9156,-12.161
-9.884,-12.308
-25.614,8.9797
20.742,0.84507
18.742,2.3141
-9.0754,-13.359
68.141,-4.7331
21.439,-1.0222
-11.007,-16.345
-2.846,-18.517
20.093,-1.1945
-27.986,6.8864
-10.169,-15.039
22.714,0.87996
21.911,1.8333
50.997,-6.2627
19.357,0.93941
-26.071,8.5628
20.742,0.84507
-10.377,-16.016
-10.315,-21.368
-7.1606,-12.869
20.254,-0.70702
-3.9942,-12.771
-3.9941,-12.771
-27.301,6.409
18.381,0.33124
-10.422,-15.023
20.742,0.84507
20.47,0.50796
20.469,0.50795
-10.315,-21.368
-9.7183,-16.353
-26.071,8.5628
-10.458,-11.394
47.789,-6.3459
46.037,-6.8947
-10.422,-15.023
-10.529,-15.865
-6.9421,-12.667
-26.915,11.593
-7.0729,-12.954
43.117,-6.5921
20.233,0.98845
-11.347,-12.13
20.201,0.69091
20.469,0.50795
-26.492,8.1061
-26.654,8.7661
-6.0457,-20.937
-26.686,8.6283
19.489,2.1635
21.962,-0.10239
68.18,-5.1914
-2.8452,-18.519
50.327,-6.1652
-11.027,-12.65
21.911,1.8333
-10.241,-15.976
63.923,-5.2144
-12.653,-16.867
21.962,-0.10239
19.489,2.1635
-25.505,8.3031
37.57,-6.9459
68.141,-4.7329
-3.9664,-12.777
23.13,-0.59932
21.439,-1.0222
20.47,0.50796
-28.688,9.6509
21.962,-0.10239
20.233,0.98845
64.54,-5.0378
-12.337,-16.37
20.233,0.98845
-11.147,-11.133
-10.423,-16.004
21.962,-0.10239
-7.339,-17.205
20.116,-1.1844
-2.8509,-18.517
19.621,0.013881
-25.601,8.9654
22.046,2.3218
22.714,0.87996
-13.159,-15.35
21.962,-0.10239
-25.858,9.1424
-9.6146,-16.195
-10.601,-18.186
-10.241,-15.976
-26.286,9.1551
19.302,2.2218
20.469,0.50796
19.142,2.9057
22.392,3.0504
20.507,1.1129
-27.301,6.409
40.063,-6.546
19.576,-0.083055
-3.9943,-12.771
-8.9642,-17.298
20.233,0.98845
-26.644,8.3251
-9.6145,-16.195
-10.315,-21.368
38.82,-6.4317
-12.659,-15.866
18.998,3.0675
39.535,-6.5011
21.962,-0.10239
-26.425,8.0522
-26.915,11.593
21.962,-0.10239
-10.315,-21.368
48.675,-6.5255
-27.357,11.646
-9.9156,-12.161
-12.139,-14.798
-23.774,9.5173
-12.27,-15.029
-7.8804,-18.289
22.757,-1.1189
-26.683,8.4672
-2.8841,-18.49
21.439,-1.0222
-9.7183,-16.353
46.037,-6.8947
-25.828,7.9863
18.895,0.57777
-9.0755,-13.359
-25.89,10.333
-26.217,9.1755
21.962,-0.10239
-17.188,-12.281
22.046,2.3214
19.142,2.9057
-14.055,-22.654
37.663,-5.7405
-26.915,11.593
-23.654,8.0735
19.357,0.93659
40.628,-6.5348
-10.185,-17.888
23.12,2.2855
-25.985,9.1783
19.336,0.37338
21.911,1.8333
41.89,-6.5189
-12.069,-14.694
20.742,0.84507
19.382,0.41003
20.201,0.69143
-10.967,-15.298
-28.009,8.2855
21.962,-0.10239
68.074,-5.1911
21.911,1.8333
65.123,-4.9365
20.507,1.1129
-25.745,9.0859
19.141,2.9057
-10.71,-15.105
20.254,-0.70702
20.507,1.1129
-25.453,8.497
39.857,-6.6012
-4.984,-12.465
-12.15,-17.237
-10.529,-15.865
-9.7887,-16.428
21.911,1.8333
50.223,-6.2323
-26.915,11.593
22.331,2.5176
-26.323,9.1398
-27.539,11.573
-25.947,9.1703
21.962,-0.10239
-8.6563,-11.073
-27.986,6.8864
-10.41,-16.66
-23.536,8.789
46.625,-6.1688
47.839,-6.3145
44.706,-6.6031
20.742,0.84507
20.233,0.98845
-7.0894,-19.636
-10.41,-16.66
-28.571,7.6824
-2.8838,-18.49
-11.801,-12.981
23.403,0.93759
-26.351,9.126
41.957,-6.5522
-10.54,-16.642
-27.279,9.9022
21.962,-0.10239
-11.824,-17.622
-26.915,11.593
45.036,-6.568
-10.54,-16.642
46.927,-6.271
-26.652,8.772
21.911,1.8333
-10.188,-15.789
-13.525,-21.438
22.714,0.87996
22.714,0.87996
68.141,-4.7331
-26.137,10.334
19.024,2.0869
-8.3902,-14.525
37.119,-5.2994
-26.071,8.5628
20.469,0.50796
-13.191,-15.398
-10.346,-13.449
48.675,-6.5255
-2.8838,-18.49
21.439,-1.0222
-26.071,8.5628
-27.439,7.1267
-2.8838,-18.49
-7.161,-12.869
65.123,-4.9365
-9.7083,-18.398
20.109,-1.178
43.869,-6.5948
38.905,-6.2972
-24.221,10.482
22.397,-1.2238
20.254,-0.70702
-10.346,-13.449
20.742,0.84507
-7.1613,-12.869
-9.5307,-15.882
21.962,-0.10239
-12.092,-14.225
20.469,0.50795
65.123,-4.9365
38.608,-6.9246
20.742,0.84507
68.06,-5.1902
-9.5308,-15.882
-10.005,-16.579
64.623,-5.0069
20.742,0.84507
-26.689,8.5302
48.677,-6.1566
-10.422,-15.023
-10.896,-17.832
-14.056,-22.657
-9.9197,-15.145
19.416,0.33853
-2.8841,-18.49
21.962,-0.10239
-26.646,8.3309
22.389,2.1131
19.933,3.298
38.866,-6.6134
-8.5181,-17.24
-26.915,11.593
-11.174,-15.783
19.465,3.3324
40.233,-6.5956
-26.915,11.593
38.035,-6.0991
-2.8451,-18.519
-7.1606,-12.869
20.233,0.98927
-10.572,-9.5433
-26.077,7.9394
20.254,-0.70702
22.714,0.87996
22.422,2.0807
-8.155,-15.193
42.541,-6.5744
21.962,-0.10239
-3.9942,-12.771
20.233,0.98845
-10.303,-16.659
-9.0232,-17.354
-26.569,8.9319
67.77,-5.1397
-4.984,-12.465
20.507,1.1129
21.962,-0.10239
-8.1536,-16.249
-3.9943,-12.771
21.962,-0.10239
-26.915,11.593
20.507,1.1129
-3.285,-17.569
-27.986,6.8864
-13.159,-15.35
19.411,1.1112
40.305,-6.5928
-17.19,-12.281
-12.409,-13.279
21.911,1.8333
-10.507,-15.752
64.518,-5.0472
68.141,-4.7331
37.983,-6.0373
19.489,2.1635
-11.234,-17.678
-17.188,-12.281
42.302,-6.608
-3.9943,-12.771
-25.651,8.0988
-3.9941,-12.771
46.103,-6.3521
-8.0864,-18.587
22.714,0.87996
-25.149,6.7962
-2.8452,-18.519
20.119,3.0004
49.071,-6.0574
-7.1613,-12.869
65.123,-4.9365
-10.694,-15.098
20.507,1.1129
-9.9567,-15.123
19.357,0.93723
-26.915,11.593
48.658,-6.6094
20.507,1.1129
38.483,-7.0296
-26.079,7.9395
37.391,-6.918
19.363,0.48363
22.501,2.8163
-2.8838,-18.49
44.707,-6.6037
21.962,-0.10239
20.231,3.5141
42.303,-6.6084
-9.7889,-16.428
-25.981,9.1777
64.911,-5.5292
-26.915,11.593
22.546,2.049
-7.1606,-12.869
21.962,-0.10239
20.742,0.84507
-24.84,6.9132
21.962,-0.10239
-6.6686,-13.64
21.911,1.8333
-24.041,8.9964
-10.748,-28.927
20.742,0.84507
-10.303,-16.659
-3.9406,-12.785
50.769,-6.2267
-26.628,8.8304
20.742,0.84507
-11.394,-14.059
-26.684,8.4703
20.507,1.1129
-27.923,7.9767
-6.6583,-14.841
-6.0423,-20.948
20.507,1.1129
-25.452,8.5153
-17.187,-12.281
-26.686,8.6281
47.961,-6.3551
-17.187,-12.281
-11.074,-13.923
-9.6142,-15.487
-11.131,-15.58
-2.8675,-18.023
-11.407,-17.579
-2.8838,-18.49
39.768,-6.6038
-7.161,-12.869
39.431,-6.4929
-8.6563,-11.073
67.759,-5.1359
64.716,-5.4444
-25.59,8.163
19.375,0.99052
43.668,-6.5956
48.491,-6.1
-8.9519,-17.29
21.911,1.8333
-12.447,-15.922
48.656,-6.1919
20.233,0.98845
-26.915,11.593
-8.744,-18.98
-7.1613,-12.869
20.469,0.50796
-17.188,-12.281
46.586,-7.0533
-17.187,-12.281
-26.686,8.6281
50.284,-6.1998
19.151,-0.76583
20.742,0.84507
-7.161,-12.869
-26.521,8.9922
-6.0458,-20.937
20.2,0.69366
44.81,-6.578
-8.1995,-18.518
41.019,-6.5516
-25.544,10.349
-3.9406,-12.785
-7.161,-12.869
21.542,-1.5785
-8.2543,-16.065
21.911,1.8333
22.006,2.3344
-9.7286,-21.169
-10.216,-20.969
-26.646,8.3304
-4.3656,-12.652
68.141,-4.7328
-10.422,-15.023
-25.697,9.0536
21.911,1.8333
20.742,0.84507
-8.5776,-16.754
-2.8496,-18.52
47.579,-6.3169
-9.6106,-17.726
-4.3786,-12.642
-9.0756,-13.359
-6.0459,-20.937
-27.598,9.7872
22.113,-0.69429
-3.9943,-12.771
-10.97,-15.302
-10.695,-15.098
-25.502,8.3079
20.233,0.98845
-27.923,7.9767
-11.194,-17.691
-26.915,11.593
21.962,-0.10239
-25.636,9.0014
-10.97,-15.302
37.842,-5.8893
-6.0457,-20.937
-25.869,7.9712
21.911,1.8333
21.962,-0.10239
22.511,-0.3726
23.124,0.90699
-9.7183,-16.353
20.689,-1.2509
-6.2089,-18.27
20.742,0.84507
-10.471,-11.411
-28.471,9.37
-25.735,9.0796
-10.315,-21.368
-11.617,-13.107
-10.965,-15.296
18.463,2.2637
47.847,-6.2983
-17.188,-12.281
49.249,-6.3061
20.508,1.1127
-10.374,-15.02
-26.643,8.3224
44.91,-6.5845
36.835,-6.836
-26.435,8.0592
19.489,2.1635
-26.915,11.593
19.933,3.298
43.871,-6.5951
-10.207,-15.031
19.358,0.93872
-3.9943,-12.771
47.452,-6.3203
51.162,-6.2971
-10.344,-15.666
20.469,0.50795
68.128,-4.7336
-28.471,9.37
-11.435,-14.093
-26.651,8.7767
-8.1995,-18.518
20.507,1.1129
18.742,2.3141
22.714,0.87996
39.879,-6.6599
-26.915,11.593
65.123,-4.9365
-5.0966,-12.417
-6.5852,-14.798
65.123,-4.9365
68.128,-4.734
21.962,-0.10239
22.714,0.87996
47.501,-6.7478
-12.197,-16.772
49.217,-6.8676
-14.635,-19.993
22.589,-1.1309
22.714,0.87996
20.507,1.1129
19.141,2.9057
-8.6563,-11.073
-28.009,8.2855
-26.214,9.1761
-26.915,11.593
23.082,-0.75708
-24.207,8.7987
-24.221,10.482
-5.0543,-12.436
-6.7408,-14.959
-26.915,11.593
-9.7888,-16.428
21.358,-1.3966
-2.8841,-18.49
-3.9943,-12.771
-10.965,-15.296
20.742,0.84507
38.133,-6.1512
-3.9375,-12.787
-26.534,8.9772
-28.571,7.6824
37.658,-5.8309
46.641,-6.1606
51.01,-6.2565
21.911,1.8333
-25.59,8.163
-3.9941,-12.771
-2.4857,-18.486
-25.505,8.3031
38.136,-6.1506
-2.8841,-18.49
44.558,-6.5987
68.141,-4.7328
45.1,-6.9163
-26.689,8.5312
-26.684,8.4705
-11.11,-11.161
-10.529,-15.865
47.052,-6.6105
-9.9908,-18.055
-3.9941,-12.771
64.834,-4.9303
-25.487,8.7714
-26.915,11.593
-27.367,11.492
-24.559,9.601
20.469,0.50795
-10.315,-15.67
44.715,-6.6008
-26.915,11.593
20.024,3.5407
20.507,1.1129
-10.423,-16.004
-2.8838,-18.49
41.466,-6.7468
18.895,0.57777
65.221,-5.5085
21.911,1.8333
46.641,-6.1262
-12.912,-15.898
20.233,0.98868
20.469,0.50795
-11.879,-18.066
-26.275,9.1589
-10.004,-16.578
37.755,-5.8933
-3.9941,-12.771
18.385,2.2751
19.142,2.9057
-25.479,8.7497
47.841,-6.3048
20.202,0.69011
44.749,-6.4092
20.469,0.50796
-9.5307,-15.882
20.202,0.69011
-26.915,11.593
-11.834,-12.958
-3.9942,-12.771
20.507,1.1129
-26.915,11.593
22.714,0.87996
-26.534,8.9766
20.469,0.50796
48.658,-6.6094
18.504,-0.1047
48.68,-6.6166
-25.453,8.497
40.626,-6.61
-8.1519,-16.67
20.202,0.69011
21.962,-0.10239
-8.6352,-11.041
64.834,-4.9303
-3.9943,-12.771
20.507,1.1129
37.681,-5.772
-25.899,7.962
-25.453,8.497
38.75,-6.8728
41.086,-6.4665
20.507,1.1129
65.123,-4.9365
20.119,3.0004
-9.5809,-15.564
-2.8841,-18.49
-25.59,8.163
21.911,1.8333
22.469,-0.43756
-3.9941,-12.771
-25.96,9.1734
64.52,-5.0417
-25.745,9.0859
64.748,-5.4745
-26.524,8.9882
20.469,0.50796
48.698,-6.1234
-28.571,7.6824
45.138,-6.5931
-26.673,8.7016
-24.221,10.482
19.3,2.2192
-11.164,-15.987
-28.471,9.37
-10.191,-15.781
-17.188,-12.281
-12.355,-15.313
20.47,0.50796
-2.8967,-18.55
-14.057,-22.658
22.403,2.094
47.322,-6.3132
68.141,-4.7327
-24.221,10.482
68.074,-5.1911
20.254,-0.70702
-25.665,9.0276
-3.9941,-12.771
-26.915,11.593
-11.802,-12.981
19.142,2.9057
-17.187,-12.281
-25.59,8.163
-12.305,-13.535
21.962,-0.10239
38.83,-6.6679
22.39,2.1122
-9.58,-15.566
-17.188,-12.281
-17.189,-12.281
20.507,1.1129
-23.774,9.5173
-8.4102,-14.543
21.911,1.8333
65.123,-4.9365
-17.216,-12.252
-10.97,-15.302
18.7,-0.25682
-10.374,-15.02
46.928,-6.5876
42.268,-6.5768
-12.961,-15.903
-9.7183,-16.353
19.369,0.47009
20.469,0.50796
68.06,-5.1902
39.011,-6.4424
38.117,-6.0645
22.331,2.5176
63.688,-5.3301
45.475,-6.5816
-9.9157,-12.161
47.577,-6.328
20.201,0.69162
-7.161,-12.869
-8.5241,-14.493
-10.471,-11.41
-11.821,-12.959
-6.6583,-14.841
-7.2337,-12.884
-12.662,-14.831
20.507,1.1129
22.131,-1.2788
-10.56,-9.5311
-10.601,-18.186
19.358,0.93979
-9.9157,-12.161
-12.943,-16.768
19.465,3.3324
19.142,2.9057
22.331,2.5176
20.119,3.0004
44.255,-6.5166
-3.9943,-12.771
-8.6563,-11.073
-27.282,9.8996
-17.189,-12.281
20.233,0.98845
46.08,-6.8093
63.458,-5.3159
22.419,2.085
22.154,-0.73862
20.201,0.69227
47.839,-6.3145
48.675,-6.5255
22.714,0.87996
-13.473,-25.187
20.233,0.98845
50.709,-6.2884
-7.161,-12.869
-25.664,9.0268
40.308,-6.5946
-9.6144,-16.195
-8.1995,-18.518
-10.407,-16.66
40.162,-6.542
20.233,0.98845
20.469,0.50796
-28.571,7.6824
-8.4361,-15.353
-26.62,8.8464
-25.503,8.3064
45.503,-6.2727
68.18,-5.1914
-10.009,-15.096
-10.166,-15.04
40.578,-6.3524
21.911,1.8333
-26.915,11.593
-9.0523,-13.325
44.858,-6.606
21.962,-0.10239
-26.071,8.5628
-2.8537,-18.521
41.183,-6.5162
-3.9407,-12.785
-2.8839,-18.49
-6.6478,-14.86
-26.442,9.0664
-26.915,11.593
46.063,-6.3102
19.621,0.013881
-10.52,-15.774
-10.088,-15.063
21.962,-0.10239
22.714,0.87996
19.072,-0.54249
19.576,-0.083055
42.622,-6.5809
63.32,-5.3376
20.507,1.1129
47.04,-6.2367
-4.984,-12.465
-27.911,7.5341
-25.012,10.072
40.918,-6.6556
-25.452,8.5148
-6.6584,-14.841
48.144,-6.3102
-28.638,9.5262
18.385,2.2751
48.658,-6.6094
21.962,-0.10239
-10.414,-13.45
-5.0484,-12.441
-9.6152,-16.197
-25.523,8.8529
-11.542,-13.188
22.445,2.0963
51.146,-6.2523
20.254,-0.70702
-11.007,-16.345
22.527,-0.38269
37.671,-5.8168
-8.059,-15.776
20.742,0.84507
20.469,0.50795
-2.5636,-18.713
68.18,-5.1914
-11.08,-16.23
38.513,-6.5906
21.911,1.8333
19.345,0.5568
-12.181,-16.804
45.281,-6.2763
62.993,-5.3546
39.318,-6.6171
-8.928,-13.796
20.254,-0.70702
68.181,-5.1916
63.834,-5.3699
-11.131,-15.58
19.142,2.9057
21.911,1.8333
-26.915,11.593
-23.774,9.5173
23.21,-0.53882
-23.654,8.0735
20.233,0.98845
20.254,-0.70702
20.233,0.98845
-26.285,9.1552
39.966,-6.5478
48.675,-6.5255
20.469,0.50796
-10.422,-15.023
-10.422,-15.023
-10.315,-21.368
-26.528,8.1419
-8.5241,-14.493
21.911,1.8333
-26.915,11.593
20.107,-1.1807
19.142,2.9057
20.742,0.84507
-26.633,8.8206
19.66,0.014951
-2.5732,-18.751
49.777,-6.3138
38.225,-7.5908
-25.52,8.8471
-8.9279,-13.796
-7.2142,-12.916
20.469,0.50796
38.263,-7.4675
18.385,2.2752
19.141,2.9057
-9.519,-17.733
21.962,-0.10239
-7.161,-12.869
21.911,1.8333
-6.6583,-14.841
20.119,3.0004
19.489,2.1635
44.856,-6.604
-25.503,8.3064
-10.303,-16.659
-17.188,-12.281
23.384,-0.28631
21.911,1.8333
20.507,1.1129
-11.176,-15.879
18.641,0.066114
19.028,-0.63809
-10.572,-9.5433
20.469,0.50796
20.233,0.98845
63.799,-5.273
-26.915,11.593
20.233,0.98845
-25.59,8.163
21.911,1.8333
37.655,-5.7207
-9.7081,-18.398
-26.443,9.0656
-26.442,8.0638
19.489,2.1635
-6.0438,-20.945
20.742,0.84507
45.296,-6.3386
22.714,0.87996
-2.8452,-18.52
-26.077,7.9394
-25.828,7.9863
-25.481,8.7557
-26.541,11.866
-10.422,-15.023
-27.301,6.409
21.911,1.8333
-10.417,-16.659
20.202,0.69049
-4.3657,-12.652
-9.5809,-15.564
-26.558,8.9472
-10.528,-15.851
44.994,-6.5998
-28.471,9.37
-25.453,8.497
-26.915,11.593
-11.858,-14.057
-3.9945,-12.771
-12.618,-26.969
-9.6145,-15.486
-4.3783,-12.642
22.069,-0.78257
70.155,-5.0139
-10.54,-16.642
40.914,-6.5764
22.514,-0.36632
-23.536,8.789
-10.573,-9.5387
38.287,-6.2177
-3.9943,-12.771
-25.828,7.9863
-17.188,-12.281
-11.176,-15.861
-10.241,-15.976
68.074,-5.1909
19.489,2.1635
20.742,0.84507
-7.9887,-18.647
65.861,-5.1332
20.507,1.1129
-3.9415,-12.785
20.507,1.1129
20.469,0.50795
20.254,-0.70702
-26.615,8.2635
-2.8298,-18.528
-2.8452,-18.519
-25.494,10.344
-26.569,8.9322
47.521,-6.1352
-10.308,-17.879
21.962,-0.10239
-10.235,-16.651
-26.655,8.7636
40.066,-6.5305
-27.986,6.8864
20.2,0.6937
23.343,0.84749
19.357,0.9371
39.791,-6.5469
-26.69,8.5693
19.378,1.0003
-26.039,7.9398
-11.11,-11.161
19.524,0.10136
64.499,-5.0525
-4.984,-12.465
-10.197,-15.917
-8.1994,-18.518
-25.685,10.353
39.391,-6.7222
-8.1995,-18.518
44.449,-6.5899
-8.6563,-11.073
-8.751,-17.053
-11.034,-16.306
-27.598,9.7872
-26.915,11.593
-27.301,6.409
-5.0945,-12.42
21.998,2.9135
-6.0423,-20.948
64.438,-5.0697
19.358,0.93908
-10.681,-13.535
-26.425,8.0522
40.35,-6.5895
-25.453,8.497
21.962,-0.10239
-11.617,-13.107
20.107,-1.1811
20.2,0.69366
-10.315,-21.368
-10.764,-15.134
-9.8991,-12.276
-10.315,-21.368
22.493,2.8219
-11.11,-11.161
48.675,-6.5255
22.546,2.049
38.435,-7.0024
-26.213,9.1764
19.489,2.1635
21.911,1.8333
-10.87,-13.874
-10.004,-16.578
-10.315,-21.368
20.202,0.69011
-10.965,-15.296
-8.6563,-11.073
-8.6344,-14.844
-2.8841,-18.49
20.469,0.50795
19.465,3.3324
20.202,0.69049
-11.174,-15.783
-9.0511,-14.335
-26.299,9.15
48.44,-6.9876
22.389,2.1134
64.773,-5.4737
-9.5307,-15.882
-25.91,7.9589
63.32,-5.3376
-11.007,-16.344
20.517,0.51517
23.127,0.90403
22.046,2.3209
19.062,-0.52501
-8.8539,-14.51
-27.544,9.703
-3.9943,-12.771
20.517,0.51517
44.917,-6.5846
-9.5307,-15.881
-25.665,9.0276
-3.9402,-12.784
63.738,-5.3087
-25.665,9.0276
21.962,-0.10239
22.158,-0.76941
-11.092,-15.485
49.565,-6.2594
42.68,-6.6019
-10.694,-15.098
21.962,-0.10239
-24.246,9.0306
20.119,3.0004
-10.78,-16.547
-11.165,-15.985
19.142,2.9057
41.529,-6.4566
-25.59,8.163
39.492,-6.5079
46.424,-6.4391
39.906,-6.5334
-26.915,11.593
46.102,-6.7721
21.962,-0.10239
-10.458,-11.393
20.469,0.50796
47.318,-6.3172
-24.357,7.8148
22.318,-0.58623
-26.915,11.593
-11.164,-15.988
47.052,-6.6105
-9.9197,-15.145
-2.8839,-18.49
-25.59,8.163
47.399,-6.6856
45.346,-6.2393
18.468,0.33837
-10.315,-21.368
21.911,1.8333
-9.9156,-12.161
21.911,1.8333
-25.452,8.5153
20.119,3.0004
20.742,0.84507
20.742,0.84507
39.999,-6.5982
20.233,0.98845
44.581,-6.451
-8.6563,-11.073
-26.688,8.604
64.322,-5.3827
-28.638,9.5262
-10.56,-9.5307
19.489,2.1635
18.504,-0.1047
63.444,-5.3357
20.517,0.51517
20.233,0.98845
19.953,-1.3752
-9.6145,-15.486
65.814,-5.1212
-11.008,-16.344
-8.943,-18.042
49.204,-6.8271
-26.915,11.593
-24.277,7.9979
-11.151,-16.05
-7.1606,-12.869
20.469,0.50796
20.469,0.50795
-24.408,7.701
-24.272,9.0819
20.2,0.69482
-11.176,-15.863
21.962,-0.10239
-13.65,-9.2701
22.217,-1.2512
-28.503,9.3182
65.123,-4.9365
-26.324,7.9948
20.742,0.84507
-10.695,-15.098
-10.969,-16.391
19.489,2.1635
20.254,-0.70702
-27.439,7.1267
-10.804,-17.828
-6.0405,-20.954
20.501,1.1138
-11.165,-15.986
-23.536,8.789
-4.984,-12.465
-13.17,-15.392
20.469,0.50795
-17.186,-12.282
-11.934,-14.527
-26.915,11.593
-26.414,9.0875
-25.453,8.497
-26.915,11.593
-8.6444,-11.059
18.448,0.44886
21.962,-0.10239
19.654,0.021937
-6.0427,-20.948
-8.6563,-11.073
-9.5371,-17.691
-7.161,-12.869
21.962,-0.10239
-26.598,8.2351
18.763,1.6069
48.674,-6.1582
23.536,0.59006
20.254,-0.70702
-26.539,11.864
37.27,-6.746
-28.649,7.6567
41.991,-6.6169
-2.8298,-18.528
43.672,-6.5952
44.81,-6.578
40.951,-6.4403
20.742,0.84507
45.621,-6.1589
39.91,-6.5292
22.781,-0.41125
-26.271,7.9736
-26.071,8.5628
21.909,-1.4572
48.656,-6.1919
-7.9716,-16.709
-27.662,7.6413
-11.122,-15.555
68.181,-5.1916
-10.41,-16.66
18.461,2.2593
-24.19,8.4623
23.538,-0.36091
-10.315,-21.368
-8.4362,-17.265
63.881,-5.2529
-26.631,8.8249
-5.0483,-12.44
-10.017,-17.911
-10.679,-15.091
20.517,0.51517
48.065,-6.3316
20.104,-1.1798
23.026,2.5249
-8.6563,-11.073
-27.841,7.5772
20.742,0.84507
-8.6326,-11.037
-24.19,8.4567
39.086,-6.5855
46.037,-6.8947
-10.461,-11.374
18.385,2.2752
19.309,2.2263
48.656,-6.1919
21.911,1.8333
21.962,-0.10239
-2.8839,-18.49
-13.159,-15.35
-4.3654,-12.652
-8.2249,-15.782
-10.343,-19.34
40.945,-6.6766
-25.961,9.1735
64.376,-5.081
-10.362,-17.911
-26.56,8.1793
46.962,-6.2591
21.962,-0.10239
45.101,-6.192
-25.547,8.8938
-8.645,-11.058
-10.005,-16.579
22.714,0.87996
-25.287,10.277
-11.134,-15.588
20.469,0.50796
47.394,-6.6949
-8.1519,-16.67
-25.949,9.1707
19.576,-0.083055
20.233,0.98845
22.39,2.1126
-2.8838,-18.49
38.788,-6.8961
21.962,-0.10239
20.231,3.5141
20.507,1.1129
48.656,-6.1919
38.136,-6.1506
-11.338,-18.049
-26.66,8.7485
20.507,1.1129
-10.315,-21.368
18.998,3.0675
-9.6146,-15.486
18.742,2.3141
22.394,-0.54886
-10.315,-21.368
-26.351,9.126
20.469,0.50796
23.104,-0.79525
-25.534,8.8717
-7.948,-18.674
-10.806,-13.147
