-48.794,0.1116
-8.1005,-12.718
-9.4514,-20.639
-49.03,0.14827
-9.3001,-15.368
21.493,-15.379
21.653,-15.254
-8.4935,-16.01
-49.679,1.1318
21.495,-15.377
22.6,-14.515
-10.835,-14.048
-48.357,0.15524
32.852,-6.762
27.67,-10.319
-49.861,-0.20737
-10.02,-22.035
35.134,-3.3337
-7.9408,-13.052
-9.7408,-20.34
32.486,-6.6548
-7.8586,-14.327
21.509,-15.366
44.941,10.607
45.371,11.326
21.492,-15.38
21.615,-15.284
44.94,10.605
-9.5512,-20.432
32.492,-6.6595
-49.004,0.24849
-12.765,-15.591
21.549,-15.336
39.787,2.4627
20.467,-16.172
7.3393,22.024
35.828,-2.5494
21.315,-15.517
-8.2851,-15.262
-10.025,-20.109
-9.8753,-13.895
-50.866,2.2965
-49.246,2.6803
-7.3789,-17.402
33.95,-4.6512
39.152,1.5725
43.078,7.5398
42.346,6.3757
45.335,11.263
34.329,-4.2337
21.721,-15.201
35.179,-3.2825
42.348,6.3795
33.729,-4.8895
27.572,-10.438
26.352,-11.451
27.817,-10.226
26.352,-11.45
45,10.706
41.537,5.107
26.388,-11.419
-9.5667,-21.763
7.5637,22.391
44.489,9.856
43.779,8.6832
22.631,-14.49
45.356,11.298
43.87,8.8357
-12.273,-15.427
41.572,5.1619
-49.265,-0.47588
43.735,8.6113
44.025,9.0892
39.753,2.4128
-50.95,0.49696
22.648,-14.477
44.168,9.3264
-9.1545,-21.146
39.987,2.7605
-49.81,2.3356
-49.195,2.1715
-49.712,-0.24629
-9.8522,-11.891
39.144,1.5639
42.949,7.334
32.916,-5.8019
43.334,7.9573
22.649,-14.477
22.645,-14.479
-11.901,-12.062
44.504,9.8819
-50.211,1.5329
-49.712,-0.24629
35.061,-3.4153
32.792,-6.7603
-50.458,1.9714
-48.194,0.069864
34.184,-4.3997
-50.321,3.2785
-8.6096,-14.53
-9.9176,-21.154
-8.8529,-12.132
20.56,-16.098
-50.568,0.82765
-50.927,1.6333
-50.981,0.65387
-49.227,0.76762
42.909,7.2697
34.408,-4.1481
33.71,-4.9307
-50.927,1.6333
-51.347,1.5868
-48.434,0.79803
-49.965,2.1221
-50.321,3.2785
-9.4124,-13.686
-10.157,-12.113
-48.84,2.062
43.674,8.5125
-49.81,2.3356
36.105,-2.2279
-12.173,-16.134
-9.3454,-20.902
41.702,5.3635
-50.423,0.31224
-50.458,1.9701
43.238,7.8002
36.155,-2.1677
43.876,8.8441
34.389,-4.1671
-51.356,0.091806
-50.34,2.178
-9.0424,-12.204
-49.857,2.3086
45.364,11.312
-50.458,1.9712
-49.675,1.3384
-50.927,1.6332
-49.245,-0.53976
-10.043,-21.708
-48.026,-0.25838
-9.186,-21.191
22.649,-14.476
-49.285,1.6278
-8.7334,-16.931
-9.7439,-16.14
-8.5222,-15.608
-9.1618,-17.024
-5.5596,-16.461
-9.2304,-17.476
-50.484,0.31785
-49.383,2.1865
35.169,-3.2938
44.469,9.8238
-49.004,0.24849
-48.032,1.0325
41.654,5.2891
22.649,-14.477
-48.364,-0.19759
45.234,11.094
33.688,-4.9795
-8.2353,-14.174
45.4,11.373
-49.712,-0.24629
34.397,-4.1582
-47.375,1.0919
38.768,1.0783
32.826,-6.7715
43.456,8.1557
-50.825,-0.31164
-50.328,2.7446
-50.128,2.2549
-11.135,-14.185
36.25,-2.0555
-49.004,0.24849
30.46,-7.9865
43.543,8.2966
-51.182,2.3836
30.046,-8.4514
45.388,11.352
-50.049,0.57286
45.149,10.952
22.649,-14.477
32.771,-6.7799
-49.482,0.62685
41.75,5.4389
-50.923,3.1227
45.126,10.914
-50.976,0.20632
44.939,10.604
36.245,-2.0616
32.856,-6.7664
38.938,1.2962
30.047,-8.4523
39.118,1.5294
42.5,6.6201
32.804,-6.8516
22.649,-14.476
45.174,10.994
42.129,6.0336
-49.078,2.4933
-48.357,0.15524
-49.081,2.4974
-16.081,8.633
-15.317,8.1051
-15.317,8.1053
-15.974,8.5773
-15.317,8.105
18.849,-17.28
32.563,-6.6188
-47.42,0.3666
-9.8534,-18.402
45.389,11.354
45.4,11.372
-16.643,8.713
34.997,-3.4892
22.649,-14.477
-48.894,2.2086
-51.256,1.9956
42.129,6.0325
43.066,7.5218
-48.891,2.2032
40.817,4.013
45.239,11.102
-49.105,2.5312
-50.438,0.35868
-48.891,2.2026
-48.953,2.3014
-48.979,2.3436
-49.444,0.65557
32.751,-6.7797
-48.9,2.2199
-48.891,2.2014
-50.037,2.1438
-48.846,1.344
43.088,7.5571
32.805,-6.8516
-50.107,2.2375
-48.059,0.3424
-49.382,0.6813
-49.197,0.78397
-49.903,2.3288
32.493,-6.6601
-48.032,1.0325
-50.332,0.31019
-50.461,1.5014
43.52,8.2599
-51.135,2.5656
-50.437,1.9158
-50.17,2.8025
-49.519,2.193
44.946,10.615
-49.903,2.329
-48.995,0.21898
-48.324,1.3278
44.752,10.293
22.647,-14.478
42.214,6.1668
-50.46,1.5014
-48.828,0.8087
40.25,3.1568
-51.065,2.9514
-50.102,2.2414
42.144,6.0558
39.712,2.3513
-48.434,0.79803
44.751,10.29
45.37,11.322
-50.035,2.1467
-49.986,-1.164
21.247,-15.569
-9.8463,-15.207
34.43,-4.1218
40.053,2.8609
19.868,-16.621
-49.402,2.7792
-50.143,2.2288
-6.9269,-12.533
-49.974,1.155
-49.646,2.2643
33.38,-5.3177
-51.301,1.7025
-50.811,1.3592
-6.4667,-12.806
-6.3783,-12.812
-7.3398,-12.53
-50.159,2.8054
-49.774,1.1585
-6.4667,-12.806
33.688,-4.9795
-11.184,-11.561
-6.9272,-12.533
33,-6.6248
-51.247,1.1626
-6.9272,-12.533
-50.32,1.3209
41.362,4.8384
-6.9269,-12.533
-49.861,-0.20737
-6.5413,-12.152
44.312,9.5639
-6.9272,-12.533
-6.9269,-12.533
-50.461,1.5014
-49.384,2.7753
-6.4667,-12.806
-48.824,0.77553
-6.4668,-12.805
35.917,-2.4461
39.727,2.3753
-49.774,1.1586
-50.811,1.3592
-49.649,2.2665
-6.4668,-12.806
-6.9274,-12.533
-51.287,0.69309
27.515,-10.036
-51.111,2.471
-6.4668,-12.806
-6.4668,-12.805
-6.4668,-12.805
22.648,-14.477
-48.819,2.0125
-49.887,0.55741
34.139,-4.4461
-6.9271,-12.533
-50.001,0.5638
-7.7758,-15.092
-8.1163,-15.628
-10.408,-15.226
-9.7875,-15.121
-8.5026,-15.839
-49.408,1.2237
-48.818,2.0085
22.649,-14.476
-48.821,1.4533
22.648,-14.477
-50.681,0.95226
44.775,10.331
-49.901,0.55778
-50.159,2.8053
-50.608,0.84652
-49.48,1.2034
35.166,-3.2974
-49.484,1.2063
32.483,-6.6597
-48.813,2.7193
-49.483,0.62664
-48.696,2.7551
-50.044,2.8312
-50.422,2.7065
-49.743,1.1891
-49.352,1.9433
-50.328,2.7446
-49.973,2.8342
-50.05,0.57332
44.646,10.117
43.508,8.2405
-5.9169,-15.462
-49.861,-0.20737
-50.023,2.8339
-50.496,2.6522
40.276,3.197
45.164,10.977
-50.193,-0.85307
-49.464,1.4985
41.689,5.3423
-11.343,-29.252
40.528,3.5772
32.489,-6.6608
-50.6,0.85137
-49.4,0.34976
-48.274,1.6661
-49.172,1.7718
-50.974,2.1068
-50.974,2.1067
-50.532,-0.51671
39.048,1.4377
-50.19,0.6095
-49.712,-0.24629
32.493,-6.6601
27.7,-10.269
-48.604,2.6518
-51.322,1.2725
-51.065,2.9514
-50.976,0.20632
-49.799,2.8489
39.586,2.1656
-50.829,2.326
44.99,10.687
-49.475,2.8096
44.942,10.608
-50.95,0.49696
32.805,-6.8515
-5.9614,-15.673
-50.139,-0.23831
45.157,10.967
-48.434,0.79803
-47.91,0.3355
44.761,10.307
-12.138,-11.715
-50.219,-0.34214
45.396,11.365
-48.696,2.7551
-48.829,2.0265
45.089,10.853
-49.232,2.6767
32.485,-6.6605
43.549,8.3078
39.922,2.6634
22.644,-14.48
43.755,8.6452
22.646,-14.478
-49.265,-0.47588
35.763,-2.6222
-51.027,1.902
-50.094,-0.31011
-50.976,0.20632
22.648,-14.477
43.148,7.654
-48.752,3.4539
-48.893,1.1683
-50.488,1.696
39.72,2.3647
22.647,-14.478
-50.976,0.20632
-48.78,2.6969
45.392,11.359
-50.097,1.1188
43.039,7.4788
-50.095,1.1175
43.04,7.4789
-5.574,-15.248
-49.771,1.5746
-7.6018,-14.449
-9.882,-12.371
-7.6018,-14.449
-10.167,-13.746
42.268,6.2518
43.086,7.5531
-51.161,2.3358
-49.775,3.5704
-51.029,1.8725
45.371,11.327
18.885,-17.146
-48.792,2.719
44.678,10.169
-48.308,1.3965
-48.273,1.8403
-49.353,3.9506
-49.08,3.631
22.649,-14.477
-50.29,2.1641
-51.015,1.9709
44.649,10.122
-49.571,3.2581
38.864,1.2017
-51.083,0.79499
35.204,-3.2549
-49.378,1.6141
-9.0733,-18.5
19.371,-16.963
41.77,5.4698
45.284,11.179
18.955,-17.306
43.326,7.9432
-51.217,0.86162
30.034,-8.4659
-11.689,-16.159
-11.689,-16.159
-11.689,-16.159
18.044,-17.442
-11.874,-20.007
18.163,-17.419
-21.679,4.5177
-10.951,-20.778
18.162,-17.419
-11.874,-20.007
-10.955,-20.996
17.591,-17.46
22.888,-14.287
-22.205,11.633
-11.433,-13.264
-11.167,-20.316
-22.11,11.479
18.067,-17.436
-11.281,-20.217
-11.874,-20.007
-21.679,4.5176
-11.05,-12.981
-11.874,-20.007
17.937,-17.464
-21.679,4.5176
18.515,-17.356
-11.005,-20.598
45.331,11.258
45.397,11.368
-49.268,2.7032
43.809,8.7347
22.649,-14.476
-50.929,1.6338
44.936,10.598
40.277,3.1968
44.553,9.9633
41.373,4.8554
-49.699,3.2744
43.56,8.3261
43.725,8.5964
44.223,9.417
44.834,10.428
34.175,-4.4077
-11.481,-12.646
-11.433,-13.265
-11.05,-12.982
-11.05,-12.981
-8.4584,-21.954
-11.05,-12.981
-11.433,-13.264
17.674,-17.485
-11.401,-12.637
-11.05,-12.981
18.163,-17.419
-1.8953,-14.825
-49.68,1.1317
-51.15,0.68755
-9.4997,-16.847
-10.499,-18.474
-9.879,-17.262
-10.61,-17.604
27.789,-9.953
-9.7267,-17.356
-49.706,1.6212
-11.399,-18.179
28.797,-9.7837
-53.183,2.5322
-8.2199,-9.7811
-53.183,2.5322
-11.147,-16.421
-8.248,-9.8036
-11.147,-16.633
-10.086,-14.283
-1.8953,-14.825
-11.515,-18.214
-10.946,-21.325
41.453,4.9782
44.647,10.118
-9.4534,-13.731
44.611,10.057
-10.835,-14.048
35.99,-2.3618
35.881,-2.4881
41.412,4.9153
-7.7114,-17.723
20.637,-16.042
-8.053,-14.345
-11.74,-16.623
43.69,8.538
-10.835,-14.048
44.946,10.614
-9.4534,-13.731
43.706,8.565
-7.8967,-13.355
-9.683,-15.96
-8.8965,-16.982
43.046,7.4884
-10.835,-14.048
-8.1961,-14.261
33.677,-4.9526
-9.2958,-17.015
-11.285,-12.035
45.11,10.887
-9.0766,-16.589
43.254,7.826
35.984,-2.3691
-10.35,-14.032
44.479,9.8402
45.334,11.261
44.692,10.194
42.265,6.2477
-8.0035,-17.727
-21.679,4.5183
-21.679,4.5179
-21.679,4.5179
-21.679,4.5178
-21.679,4.5178
-21.679,4.5177
-21.68,4.5179
-21.679,4.5174
-21.679,4.5178
-21.679,4.5174
-21.679,4.5183
-21.679,4.5176
-21.68,4.5179
-21.679,4.5178
-21.679,4.5177
-21.679,4.5177
32.875,-5.7223
-21.672,4.5259
-21.679,4.5177
-21.681,4.521
-21.679,4.5177
-21.678,4.5203
-21.679,4.5178
-21.679,4.5176
-21.681,4.5197
-21.68,4.5176
32.886,-5.7119
-21.679,4.5172
-21.676,4.5236
-21.679,4.5177
-21.68,4.5181
-21.679,4.5179
-21.679,4.5175
-21.679,4.5177
-21.487,4.2024
-21.679,4.5173
-21.679,4.5177
-21.68,4.5201
-21.679,4.5181
-21.679,4.5178
-21.679,4.5181
-21.679,4.5177
-21.68,4.5186
-21.679,4.5177
-21.679,4.5174
-21.679,4.5183
-21.679,4.5179
-6.0431,-14.141
-14.401,-17.841
-16.574,8.7197
35.036,-3.4441
-47.91,0.3355
27.559,-10.078
21.491,-15.38
-9.2096,-14.441
45.366,11.315
42.1,5.9864
-50.704,-0.18723
42.059,5.9231
-6.7803,-15.585
40.462,3.4762
45.279,11.169
27.688,-10.274
32.656,-6.5963
43.097,7.5716
-11.946,-16.44
-12.173,-16.134
-9.882,-12.371
45.401,11.374
-6.1043,-16.04
44.629,10.089
-11.335,-18.518
43.672,8.5085
21.494,-15.378
21.488,-15.382
34.163,-4.4181
-10.358,-15.139
21.501,-15.372
44.681,10.174
27.581,-10.084
-7.7757,-15.092
21.652,-15.255
44.6,10.039
21.488,-15.383
-13.904,-17.758
-7.3805,-17.201
-7.3805,-17.201
45.36,11.306
38.98,1.3505
36.684,-1.5194
45.306,11.215
-8.1349,-15.561
-9.343,-15.925
-8.1952,-15.369
-10.15,-17.649
-9.8753,-13.895
-8.1478,-17.709
45.401,11.373
44.745,10.281
39.487,2.0187
-12.971,-29.839
-13.378,-28.603
-13.884,-28.815
-12.285,-29.703
-13.807,-30.562
-13.969,-29.917
-13.352,-29.215
-13.169,-29.147
-12.628,-28.77
-12.638,-28.761
-13.335,-28.061
-13.169,-29.147
6.937,22.401
-13.846,-30.247
-8.547,-14.566
-21.717,10.45
-8.3111,-15.496
-8.093,-15.754
36.099,-2.2357
-21.716,10.45
-8.0296,-15.879
7.4058,22.073
7.6124,22.502
-8.4926,-15.907
42.199,6.144
-21.717,10.45
-21.717,10.45
-14.9,-17.638
-14.131,-17.749
7.5903,22.43
7.3765,22.053
-8.6723,-14.852
-14.14,-17.757
-14.043,-17.197
-16.666,8.8632
7.3535,22.024
25.928,-11.829
7.4058,22.073
-14.14,-17.757
-7.985,-16.025
-16.019,-19.087
-16.019,-19.087
-11.05,-12.982
-15.984,-19.039
-9.8197,-14.622
-16.019,-19.087
-14.319,-17.799
-14.807,-17.699
-8.0248,-14.857
-9.7377,-14.573
-11.556,-17.348
-16.019,-19.087
7.5291,22.384
-9.6273,-14.519
7.5291,22.384
-15.207,-17.23
7.4058,22.073
-15.207,-17.23
-9.6947,-16.834
7.4058,22.073
-15.207,-17.23
-15.207,-17.23
7.4058,22.073
-15.218,-17.228
-15.207,-17.23
45.205,11.046
7.4058,22.073
-10.183,-17.072
-9.4053,-16.262
-9.4072,-15.426
-9.1123,-14.025
22.6,-14.515
-14.302,-17.804
-8.7081,-15.834
-11.005,-20.599
-10.422,-16.808
28.229,-9.9997
-11.533,-20.076
-15.984,-19.039
-10.136,-16.038
-10.431,-16.772
-9.8657,-17.261
-15.984,-19.039
-13.17,-14.128
-11.873,-14.817
-11.872,-14.816
-9.665,-15.462
30.075,-8.4101
-8.9213,-16.566
-13.036,-13.726
-7.8273,-16.643
-11.006,-20.595
-21.596,4.5512
28.229,-9.9994
-8.3999,-16.594
-9.6007,-18.842
-7.8202,-16.62
-13.036,-13.726
-11.277,-16.273
-9.2586,-17.936
-11.433,-13.265
-7.7987,-16.579
-13.145,-14.284
-11.709,-14.52
-15.984,-19.04
-8.8179,-17.507
-8.0576,-17.025
-11.185,-20.298
-9.5284,-18.617
-11.556,-17.348
-8.2264,-17.152
-8.6423,-16.849
-15.988,-19.037
-8.5757,-17.412
-9.6007,-18.842
-8.4634,-16.179
-11.709,-14.52
-13.036,-13.726
-14.217,-17.799
-15.984,-19.039
-7.5024,-15.83
-14.807,-17.699
-8.1947,-17.125
-7.9434,-16.903
-15.984,-19.039
-11.123,-15.72
-7.7923,-16.585
-8.2227,-17.141
-9.5284,-18.617
-8.6452,-16.871
-9.5284,-18.617
-8.4523,-17.321
-13.036,-13.726
-11.709,-14.52
-16.019,-19.087
-15.984,-19.039
-14.319,-17.799
-13.036,-13.726
-7.9353,-16.875
-15.984,-19.039
-14.592,-16.821
-14.217,-17.799
-13.036,-13.726
-9.5284,-18.617
36.434,-1.8303
-8.0017,-15.969
-7.5573,-16.249
-15.984,-19.039
-11.709,-14.52
-15.984,-19.039
-15.984,-19.039
-9.0258,-16.715
-13.036,-13.726
-8.8856,-16.969
-15.984,-19.039
-7.8281,-16.591
-16.019,-19.088
-8.0866,-16.206
-13.036,-13.726
-8.0082,-16.973
-15.984,-19.039
-11.531,-20.077
-9.5284,-18.617
-15.984,-19.039
-7.6516,-16.421
-14.197,-17.26
-15.984,-19.039
-11.556,-17.348
-8.6443,-16.851
-16.019,-19.087
-7.9802,-16.94
28.641,-10.052
-9.364,-17.867
-7.5024,-15.831
-11.556,-17.348
-7.5067,-15.956
-9.5284,-18.617
-7.5471,-16.21
-13.17,-14.128
-15.984,-19.039
-13.036,-13.726
-7.5468,-16.209
-7.5024,-15.831
-13.036,-13.726
-9.2235,-16.384
-15.984,-19.039
-7.5667,-16.257
-15.984,-19.039
-11.327,-12.706
-8.7033,-17.473
-8.2925,-16.459
-8.931,-16.161
-8.4083,-16.647
-8.408,-16.647
-8.4793,-16.133
-14.325,-17.798
-8.5651,-15.671
-11.39,-20.146
-8.4113,-16.651
-11.556,-17.348
-7.5354,-16.157
-7.6606,-15.249
-15.984,-19.039
-11.709,-14.519
-15.984,-19.039
-13.17,-14.128
-12.002,-14.9
45.401,11.374
42.049,5.9071
41.384,4.8726
25.919,-11.844
42.319,6.3328
25.981,-11.797
45.168,10.984
44.325,9.5853
27.551,-10.578
36.017,-2.3311
26.054,-11.746
26.227,-11.595
30.359,-8.491
-14.319,-17.799
-8.485,-16.136
45.282,11.174
35.684,-2.7119
25.587,-12.113
29.066,-9.6287
45.37,11.322
45.07,10.822
44.622,10.077
45.307,11.217
45.103,10.875
43.084,7.5497
41.887,5.6521
26.185,-11.628
42.52,6.6517
41.538,5.1098
44.558,9.9708
28.553,-10.11
-43.559,-49.419
28.553,-10.11
-43.271,-49.178
42.362,6.4004
-43.658,-49.345
-43.692,-49.274
-13.036,-13.726
-43.407,-49.015
28.553,-10.11
28.553,-10.11
-43.699,-49.216
21.627,-15.275
-13.17,-14.128
-43.68,-49.307
-43.686,-49.292
-43.673,-49.114
28.553,-10.11
-43.699,-49.208
-15.984,-19.039
28.683,-10.015
21.901,-15.061
28.553,-10.11
-43.699,-49.208
-43.271,-49.179
-43.568,-49.415
-13.17,-14.128
40.046,2.8515
-43.662,-49.096
-13.036,-13.726
-43.678,-49.311
26.058,-11.742
35.373,-3.0637
-13.17,-14.128
-43.695,-49.261
-13.036,-13.726
28.553,-10.11
27.726,-10.348
-15.984,-19.039
-13.148,-14.264
-43.269,-49.241
-13.17,-14.128
28.683,-10.014
39.245,1.6958
-13.148,-14.264
-13.17,-14.128
28.553,-10.11
-13.036,-13.725
-43.285,-49.133
-43.289,-49.124
-43.275,-49.27
41.435,4.951
28.553,-10.11
-13.036,-13.725
28.553,-10.11
-9.5284,-18.617
-43.437,-49.006
-13.036,-13.726
-13.17,-14.128
-43.598,-49.034
-13.17,-14.128
-13.17,-14.128
-43.271,-49.18
-15.984,-19.039
-43.453,-49.482
-43.35,-49.385
-43.611,-49.391
-43.598,-49.034
-43.54,-49.008
-13.036,-13.726
28.554,-10.11
21.626,-15.275
-13.17,-14.128
30.029,-8.4706
43.858,8.8152
-43.523,-49.429
-43.437,-49.006
-15.984,-19.039
-11.009,-17.463
26.261,-11.536
-11.009,-17.463
-11.009,-17.463
-11.009,-17.463
20.632,-16.046
-11.009,-17.463
-7.4244,-14.271
-11.776,-21.183
-43.309,-49.344
-43.427,-49.009
-43.271,-49.179
-43.448,-49.429
-43.529,-49.006
-43.351,-49.386
-11.776,-21.183
-9.2373,-13.758
-43.7,-49.212
-43.673,-49.114
-43.594,-49.402
-43.436,-49.006
-43.438,-49.006
-43.67,-49.108
-43.65,-49.081
-11.776,-21.183
-43.694,-49.263
-43.343,-49.38
-43.452,-49.43
-43.603,-49.397
-43.433,-49.007
-43.585,-49.407
-12.207,-20.785
-43.44,-49.427
-43.461,-49.431
-43.203,-49.322
-43.269,-49.244
-11.776,-21.183
-43.673,-49.114
-43.268,-49.201
-43.438,-49.006
-43.286,-49.305
-43.271,-49.179
-43.569,-49.415
-43.537,-49.426
-43.366,-49.398
-43.603,-49.037
-43.291,-49.315
-11.004,-20.601
-43.663,-49.336
-43.365,-49.398
-43.273,-49.171
-43.438,-49.006
-43.655,-49.348
28.499,-10.287
-43.427,-49.008
-11.776,-21.183
-43.531,-49.006
-43.696,-49.256
-43.305,-49.338
-43.531,-49.006
-43.271,-49.179
-10.065,-15.597
-43.37,-49.399
-43.63,-49.376
-43.59,-49.029
-43.506,-49.002
-43.585,-49.407
-43.422,-49.01
-8.5446,-13.902
28.553,-10.11
-43.271,-49.179
-9.8246,-16.724
-43.438,-49.006
-43.374,-49.403
-43.381,-49.407
-11.776,-21.183
36.119,-2.2117
-13.919,-28.565
-13.042,-28.588
-13.795,-30.307
-12.326,-29.804
-12.528,-30.522
36.119,-2.2116
-13.352,-29.215
27.456,-9.9246
27.456,-9.9245
-11.775,-29.845
-12.863,-29.704
-13.08,-28.573
-13.352,-29.215
27.456,-9.9246
-12.395,-30.449
-13.862,-30.225
-13.042,-28.588
27.701,-10.268
-13.352,-30.494
-11.775,-29.845
-13.374,-33.901
27.456,-9.9245
-13.015,-29.871
27.456,-9.9245
-13.732,-30.358
-11.775,-29.845
-12.24,-29.328
-13.124,-28.57
27.456,-9.9246
-13.349,-29.212
27.456,-9.9248
27.456,-9.9245
-12.239,-29.328
-13.831,-30.269
-12.857,-29.368
27.692,-10.281
27.525,-9.8198
-12.018,-29.271
-13.31,-29.846
-13.334,-29.82
-13.88,-30.193
27.456,-9.9245
-9.8107,-17.941
-13.992,-29.288
-13.323,-29.832
-13.915,-30.113
27.446,-9.9202
27.691,-10.269
-12.235,-29.348
-13.318,-29.838
-13.869,-30.214
-12.365,-29.073
-13.231,-30.505
-12.232,-29.377
-9.2308,-14.917
36.119,-2.2117
-12.232,-29.442
-12.352,-29.907
27.456,-9.9248
-15.176,-30.132
-12.329,-29.818
-12.36,-29.925
27.692,-10.281
-13.148,-28.57
-13.91,-28.863
-12.833,-29.438
36.119,-2.2117
-13.91,-28.863
-13.893,-28.828
-13.9,-28.842
27.456,-9.9246
-12.367,-29.07
-11.775,-29.845
-12.234,-29.36
-14.03,-29.498
27.692,-10.281
27.456,-9.9247
36.19,-2.1274
-14.017,-29.664
29.986,-8.4888
27.456,-9.9246
27.456,-9.9247
34.165,-4.4164
-13.378,-28.603
-12.68,-30.578
27.464,-9.9184
-13.469,-28.02
-13.378,-28.603
27.456,-9.9248
-13.876,-30.199
-13.969,-29.917
-12.399,-30.025
-13.891,-28.522
-12.232,-29.416
-8.8499,-16.261
29.986,-8.4885
-11.775,-29.845
-12.282,-29.732
27.456,-9.9246
36.119,-2.2115
27.456,-9.9248
-13.981,-29.852
-13.981,-29.852
-13.969,-29.917
-13.378,-28.603
-12.528,-30.522
27.456,-9.9246
-12.464,-30.135
27.456,-9.9248
-14.64,-29.202
-13.981,-29.852
-13.378,-28.603
-15.176,-30.132
27.456,-9.9246
27.456,-9.9246
-13.969,-29.917
27.692,-10.281
36.119,-2.2117
27.456,-9.9248
-12.399,-30.025
-14.735,-28.752
-13.374,-33.901
-12.285,-29.703
-13.378,-28.603
-8.8124,-15.599
-12.699,-30.347
-15.176,-30.132
-12.621,-28.776
-12.464,-30.135
-10.449,-17.287
-13.374,-33.901
-13.352,-29.215
-12.6,-28.805
-14.64,-29.202
-15.176,-30.132
-12.642,-28.758
-13.374,-33.897
-15.176,-30.132
-13.374,-33.901
-12.796,-28.324
-12.285,-29.703
-12.811,-28.662
-12.646,-28.755
-15.176,-30.132
-13.374,-33.901
-12.824,-29.497
-12.971,-28.607
-14.014,-29.687
-12.817,-28.659
-12.603,-28.803
-12.596,-28.809
-13.827,-30.274
-12.63,-28.768
41.544,5.1187
-12.814,-28.66
-13.463,-30.471
-15.176,-30.132
-12.595,-28.81
-10.966,-16.783
-13.351,-29.214
-12.094,-29.373
-13.351,-29.214
-13.375,-33.901
-13.374,-33.901
-13.374,-33.901
-13.831,-30.269
-13.375,-33.901
-13.352,-29.215
-13.86,-28.472
-12.621,-28.775
-13.375,-33.901
-13.101,-30.5
-14.014,-29.687
-12.53,-28.873
-13.374,-33.901
-12.449,-28.408
-15.176,-30.132
-13.169,-29.147
-14.64,-29.202
-13.902,-28.845
-13.463,-30.471
-14.014,-29.687
-13.98,-29.859
-13.882,-28.552
-12.823,-29.536
-12.796,-28.324
-13.008,-30.483
-13.008,-30.483
-13.375,-33.901
-13.374,-33.901
-13.634,-28.082
-13.375,-33.901
-13.368,-29.232
-13.374,-33.896
-13.318,-29.839
-12.575,-30.252
-13.375,-33.901
-12.963,-29.834
-15.176,-30.132
-13.374,-33.901
-12.454,-28.961
-13.081,-28.573
-12.669,-30.327
-14.735,-28.752
-12.862,-29.704
-11.989,-28.723
-13.98,-29.861
-13.45,-30.474
-13.99,-29.817
-13.055,-28.578
7.3855,22.051
-13.976,-29.202
-12.239,-29.328
-13.976,-29.202
-13.375,-33.901
-13.374,-33.9
-12.317,-29.842
-12.075,-30.41
-13.318,-29.837
-11.989,-28.723
-12.666,-30.324
-13.31,-29.846
-13.102,-30.5
-12.691,-30.342
-15.176,-30.132
-13.334,-29.82
-12.535,-30.216
-12.96,-30.47
-13.122,-30.501
-13.918,-28.603
-13.697,-28.655
-13.583,-28.62
-9.8784,-15.298
-13.772,-30.695
-12.628,-30.295
41.544,5.1189
-10.043,-15.764
-9.9221,-21.167
-13.612,-28.627
41.545,5.1188
-13.374,-33.901
-13.375,-33.901
-13.596,-28.623
-12.96,-30.47
-13.869,-30.214
-15.176,-30.132
-13.374,-33.901
-11.637,-15.416
-12.41,-30.047
-13.893,-28.828
-14.029,-29.561
-13.45,-29.468
-11.433,-13.264
-13.45,-29.468
-13.973,-29.148
-13.547,-28.614
-12.367,-29.07
41.544,5.1191
-14.027,-29.455
-13.375,-33.901
-14.029,-29.56
-14.029,-29.563
-13.955,-29.008
-13.974,-29.157
-14.029,-29.563
-13.582,-28.62
-14.026,-29.443
-13.374,-33.901
-13.893,-28.828
-13.589,-28.622
-13.772,-30.695
-10.039,-16.467
-12.234,-29.358
-13.185,-28.571
-13.464,-30.471
-13.374,-33.901
-13.375,-33.901
-13.994,-29.291
-13.883,-30.187
-12.869,-29.715
-13.374,-33.901
-13.127,-28.574
-12.288,-29.734
-11.05,-12.981
-13.812,-30.29
-14.024,-29.621
-13.846,-30.247
-13.375,-33.901
-13.374,-33.901
-12.449,-28.408
-13.375,-33.901
-13.374,-33.901
-14.64,-29.202
-13.999,-29.296
-12.999,-29.198
-8.8124,-15.599
-12.383,-29.99
-15.176,-30.132
-13.375,-33.901
-11.637,-15.416
-14.735,-28.752
-12.725,-30.364
-13.408,-30.484
-9.7591,-16.781
-13.447,-29.564
-13.924,-28.893
-12.299,-29.779
-13.375,-33.901
-13.375,-33.901
-13.447,-29.564
-13.375,-30.49
-12.925,-29.596
-13.375,-33.901
-12.386,-29.997
-13.094,-29.895
-13.374,-33.906
-13.972,-29.231
-12.867,-29.352
-11.989,-28.723
-13.376,-28.594
-13.447,-29.564
-12.39,-30.009
-13.463,-30.471
-13.313,-30.499
-13.129,-29.153
-15.176,-30.132
-13.342,-30.495
-12.989,-29.201
-13.731,-30.359
-13.374,-33.901
-13.374,-33.901
-14.64,-29.202
-12.833,-29.45
-12.235,-29.348
-9.5211,-15.933
-13.386,-29.754
-13.441,-29.607
-14.735,-28.752
-12.88,-29.322
-13.996,-29.301
-11.433,-13.264
-13.838,-30.259
-13.008,-28.327
-13.374,-33.901
-12.828,-29.475
-12.831,-29.453
-13.772,-30.695
-15.176,-30.132
-13.469,-28.02
-12.902,-30.451
-13.014,-29.188
-13.014,-29.188
41.544,5.1183
-11.989,-28.723
-13.22,-31.115
-12.83,-29.456
-12.454,-28.96
-12.404,-30.035
-15.176,-30.132
-12.897,-30.705
-12.287,-29.196
-14.03,-29.51
-12.663,-30.321
-13.895,-28.833
-13.374,-33.901
-12.075,-30.41
-13.374,-33.901
-13.348,-30.495
-13.374,-33.901
-14.023,-29.421
-13.376,-33.935
-13.889,-28.823
-14.64,-29.202
-10.065,-15.597
-12.882,-29.741
-13.081,-28.573
-15.176,-30.132
-13.375,-33.9
-13.374,-33.901
-13.374,-33.901
-9.8784,-15.298
-11.637,-15.416
-13.111,-29.898
-12.234,-29.36
-13.374,-33.895
41.476,5.013
-13.374,-33.896
-12.964,-29.835
-13.045,-29.884
-13.375,-33.901
-13.971,-29.117
-15.176,-30.132
-13.368,-29.231
-13.018,-29.872
-12.476,-30.146
-13.374,-33.901
-12.991,-30.479
-13.469,-28.02
-13.081,-28.573
-13.426,-29.338
-12.796,-28.324
-13.976,-29.202
-13.375,-33.901
-13.329,-30.496
-13.376,-33.953
-12.751,-30.715
-9.1127,-14.915
-13.374,-33.901
-13.981,-29.853
-13.317,-29.839
-12.691,-30.342
-15.176,-30.132
-13.317,-29.839
-13.317,-29.839
-15.176,-30.132
-13.374,-33.901
-14.735,-28.752
-13.375,-33.904
-13.378,-30.49
-13.652,-28.639
-7.3783,-16.831
-13.122,-30.501
-12.96,-30.47
-12.96,-30.47
-12.971,-29.215
-12.454,-28.961
-12.367,-29.07
-13.374,-33.901
-12.367,-29.07
-12.367,-29.07
-13.45,-29.468
-9.9221,-21.167
-13.159,-29.898
41.544,5.1184
-12.234,-29.36
-12.259,-29.605
-12.687,-28.353
-13.372,-29.235
-11.989,-28.723
-13.375,-33.901
-12.886,-29.312
-12.075,-30.41
-13.374,-33.896
-13.967,-29.094
-8.6858,-16.366
-7.0767,-16.151
-6.4435,-16.872
-8.0259,-14.856
-43.616,-49.387
-43.569,-49.415
36.029,-2.3168
-43.525,-49.429
-10.864,-16.818
-43.49,-49.433
-43.656,-49.346
-43.323,-49.073
-43.587,-49.026
-43.273,-49.17
-43.598,-49.4
28.63,-10.058
-43.587,-49.026
-6.4888,-14.285
-7.1539,-13.459
-6.4903,-14.283
-6.4902,-14.283
-6.7429,-14.046
-6.4904,-14.283
-6.7279,-14.056
-6.7178,-14.063
-6.4902,-14.283
-6.7178,-14.063
-6.7179,-14.063
-6.7177,-14.063
-6.7279,-14.056
7.3616,22.017
-10.077,-11.866
25.152,-12.469
20.767,-15.942
27.701,-10.268
-7.5658,-13.577
-10.268,-15.006
39.018,1.3983
27.701,-10.269
-10.574,-15.594
27.701,-10.268
34.342,-4.2204
-10.574,-15.594
-4.1939,-17.901
29.961,-8.5153
20.748,-15.956
-10.57,-16.429
27.701,-10.268
27.701,-10.268
-10.628,-16.262
-11.127,-15.882
-10.528,-15.453
-4.1939,-17.901
27.701,-10.268
-10.507,-15.401
35.199,-3.26
27.7,-10.268
21.493,-15.378
-10.606,-15.711
-6.7803,-15.585
-7.8699,-17.675
27.701,-10.268
-10.597,-15.67
-10.652,-16.08
-9.9486,-16.631
27.7,-10.268
-7.5658,-13.577
-10.602,-15.672
27.701,-10.268
27.7,-10.268
-10.148,-15.975
27.585,-10.089
-8.7858,-14.468
-8.3674,-14.636
20.748,-15.956
21.494,-15.378
-4.0959,-17.925
-4.181,-17.924
27.7,-10.269
-9.6932,-15.77
27.701,-10.268
-7.8045,-14.152
-9.7199,-15.755
27.7,-10.268
32.267,-7.0024
-9.8162,-16.742
-10.504,-16.575
-11.058,-16.242
-10.548,-16.444
-10.062,-15.55
-10.092,-15.569
-10.547,-16.456
20.748,-15.956
27.701,-10.268
43.718,8.5845
-10.541,-16.446
-10.312,-16.975
-4.0539,-17.939
-9.0423,-12.204
27.701,-10.268
-7.8965,-13.356
-10.641,-15.884
27.706,-10.265
-10.65,-16.105
-4.1939,-17.901
36.19,-2.1284
27.701,-10.268
-10.644,-15.9
44.708,10.219
-7.5658,-13.577
-9.9521,-17.197
-10.647,-16.138
27.701,-10.268
-10.648,-16.136
-9.8493,-16.387
27.701,-10.269
-10.644,-15.902
27.726,-10.268
36.164,-2.1583
-43.366,-49.397
-43.319,-49.077
-43.651,-49.081
-43.366,-49.397
-43.651,-49.081
-43.273,-49.17
-43.651,-49.081
-43.651,-49.081
-43.651,-49.081
-43.278,-49.151
-43.561,-49.016
-43.684,-49.298
-43.438,-49.006
-43.324,-48.897
-43.285,-49.302
-43.486,-49.433
-43.685,-49.294
-43.699,-49.209
27.788,-10.253
-43.686,-49.293
-43.268,-49.202
-43.665,-49.1
-43.347,-49.384
-43.464,-49.431
-43.587,-49.026
-43.27,-49.182
-43.564,-49.417
-43.288,-49.127
-43.437,-49.006
-43.324,-48.897
-43.268,-49.205
-43.668,-49.106
-43.427,-49.009
-43.288,-49.127
-43.668,-49.106
-43.272,-49.259
-43.333,-49.372
-43.379,-49.406
22.273,-14.769
-43.288,-49.127
-43.699,-49.218
-43.684,-49.137
-43.347,-49.384
-43.688,-49.289
-22.205,11.633
-22.206,11.633
-22.205,11.633
-22.205,11.633
-22.205,11.633
-22.205,11.633
-22.205,11.633
-22.205,11.633
20.094,-16.454
-22.205,11.633
-22.205,11.633
-22.109,11.48
-22.205,11.633
-22.22,11.659
-22.205,11.633
-22.205,11.633
-22.205,11.633
-22.205,11.633
-22.205,11.633
26.86,-11.162
-22.205,11.633
-22.207,11.634
-22.205,11.633
-22.205,11.633
-22.205,11.633
-22.205,11.633
-22.205,11.633
-22.205,11.633
-22.206,11.633
-22.205,11.633
-22.205,11.633
-22.21,11.64
-22.205,11.633
-22.205,11.633
-22.206,11.633
-22.205,11.633
-22.205,11.633
-22.205,11.633
-22.205,11.633
-22.205,11.633
-22.205,11.633
-22.205,11.633
-22.109,11.479
20.165,-16.401
-22.206,11.632
18.909,-17.24
-22.211,11.645
-22.205,11.633
-22.205,11.633
-22.205,11.633
-22.205,11.633
-22.206,11.633
-22.21,11.642
-22.206,11.633
36.241,-2.0674
41.719,5.3904
-8.7442,-16.524
-6.7803,-15.585
34.159,-4.4228
-7.8045,-14.152
-12.173,-16.134
-9.2227,-17.478
33.625,-5.0134
-7.8965,-13.356
-9.0423,-12.204
43.478,8.1918
45.367,11.317
-11.946,-16.44
-8.2773,-14.098
-8.0195,-18.058
-6.7803,-15.585
39.121,1.5331
45.163,10.977
-7.7114,-17.723
-6.7803,-15.585
-7.5656,-13.577
39.125,1.5378
-7.8965,-13.356
-11.204,-21.985
-11.206,-21.986
-11.065,-15.184
-11.065,-15.184
27.341,-38.914
25.428,-12.247
21.47,-15.397
25.452,-12.227
22.83,-38.769
7.3857,22.059
41.225,4.6294
7.2597,22.334
7.2597,22.334
7.2597,22.334
7.2597,22.334
7.2597,22.334
7.2597,22.334
32.068,-6.4447
45.353,11.294
41.226,4.6315
36.167,-2.1547
31.164,-7.2587
36.167,-2.1547
31.619,-7.0498
23.846,-40.832
22.648,-14.477
32.068,-6.2427
45.083,10.843
41.669,5.3128
-49.275,1.8998
22.649,-14.477
44.853,10.46
32.046,-6.4338
-49.991,1.6218
32.018,-6.4222
32.046,-6.4339
39.485,2.0161
44.65,10.122
39.485,2.0157
32.492,-6.6614
44.17,9.3291
41.616,5.2304
43.573,8.346
32.046,-6.434
39.495,2.024
-49.952,1.7036
39.485,2.0161
39.498,2.028
-7.5379,-15.554
-10.613,-14.42
-7.538,-15.554
22.368,-38.911
-8.0938,-15.75
-7.9949,-16.008
-8.0652,-16.267
-7.8318,-17.377
-8.5014,-15.027
-10.954,-16.247
-48.752,3.454
-8.3979,-15.147
-11.318,-15.808
-7.3902,-14.603
-48.752,3.454
-8.6246,-14.75
-8.6499,-14.746
-48.752,3.454
-9.195,-14.44
-9.5751,-14.5
-9.6239,-14.519
-8.0136,-17.885
-49.164,3.7095
-9.362,-15.524
-48.752,3.454
-9.6843,-15.404
-9.2202,-17.479
-12.055,-19.891
-12.055,-19.891
32.048,-6.4345
44.838,10.435
32.046,-6.434
45.206,11.047
42.847,7.1709
44.946,10.615
41.226,4.6319
45.395,11.363
43.705,8.5637
45.397,11.368
43.014,7.4373
36.008,-2.341
39.497,2.0265
-1.8323,-15.015
-9.9495,-14.37
-9.4734,-15.696
18.944,-17.281
28.455,-10.3
-50.768,1.1607
-4.4727,-17.119
-11.681,-16.833
-10.066,-13.478
-10.11,-16.206
-11.681,-16.833
-5.1271,-16.85
21.724,-15.199
-1.897,-14.825
-1.8962,-14.839
23.229,-14.013
33.356,-5.2867
19.86,-16.632
21.723,-15.2
-8.9626,-19.248
22.563,-14.543
-10.186,-14.907
-51.39,1.2263
-6.4362,-15.184
-10.101,-13.776
-11.32,-14.96
20.844,-15.882
-8.4741,-17.329
21.066,-15.709
25.766,-11.975
-7.9861,-13.113
22.248,-14.79
-6.1465,-17.023
-2.1381,-14.629
-1.8953,-14.825
-5.0398,-17.369
-6.6301,-17.565
-1.8953,-14.825
22.344,-14.715
-1.9023,-14.818
22.91,-14.268
-1.8953,-14.825
-6.6462,-17.532
27.924,-10.675
-3.7061,-17.67
-1.9023,-14.818
-9.8127,-13.766
-6.6367,-17.526
-1.7844,-14.868
-6.4978,-17.7
22.636,-14.487
-6.3387,-16.217
-4.7194,-16.965
-11.32,-14.96
-9.0182,-15.897
-1.8953,-14.825
-2.154,-15.786
-1.8953,-14.825
-6.3387,-16.217
-4.2165,-16.988
-6.5476,-17.677
-11.681,-16.833
-1.8077,-15.19
26.188,-11.627
-10.224,-17.041
40.017,2.8065
22.496,-14.596
23.999,-37.443
-2.7867,-14.955
-11.025,-15.589
-8.5791,-13.211
22.234,-14.8
-10.039,-16.469
-6.2027,-14.943
22.606,-14.51
-1.7138,-15.217
-8.8631,-14.451
-1.8953,-14.825
22.623,-14.496
-9.268,-18.014
-7.0501,-20.933
-2.1381,-14.629
25.807,-11.942
-1.8953,-14.825
27.722,-10.371
26.292,-11.572
-1.8309,-14.833
-1.8699,-14.836
-1.8953,-14.825
-9.0558,-17.014
42.972,7.3709
-9.0965,-17.516
18.925,-17.255
-8.8082,-17.505
-10.824,-14.808
-9.3963,-14.461
-1.8241,-14.916
-9.268,-18.014
22.631,-14.49
23.249,-13.998
44.745,10.281
-11.681,-16.833
-6.6367,-17.526
-10.066,-13.478
21.988,-14.994
21.564,-15.324
-11.722,-17.536
-5.7794,-17.45
-9.8517,-20.42
22.145,-14.87
-2.8522,-14.793
25.491,-12.19
-1.9531,-15.12
-2.7189,-14.956
-10.539,-15.481
-6.5919,-17.565
22.575,-14.534
18.922,-17.258
-9.9797,-14.733
23.678,-37.029
-1.8953,-14.825
-9.6951,-15.744
-11.681,-16.833
25.88,-11.878
-8.7413,-15.38
-6.224,-17.532
-6.9669,-15.525
-5.5647,-17.293
-6.9669,-15.525
-2.1951,-14.606
-5.8076,-17.034
-9.7648,-15.102
-10.889,-18.24
-49.014,0.95703
32.207,-6.747
-10.461,-14.528
26.782,-11.225
-1.8953,-14.825
-6.6395,-17.549
-2.1381,-14.629
23.998,-37.417
35.657,-2.7427
21.872,-15.084
21.488,-15.383
-2.1725,-14.596
-2.1213,-15.626
-7.34,-18.519
22.644,-14.479
-1.8953,-14.825
-6.4388,-15.225
-8.9626,-19.248
-3.891,-17.411
34.71,-3.8106
34.538,-4.0023
-13.992,-17.175
-1.8953,-14.825
-8.8435,-18.24
25.924,-11.835
-1.9077,-14.821
18.838,-17.306
-5.2581,-14.897
32.046,-6.4339
41.641,5.2675
43.56,8.3268
44.796,10.365
41.391,4.8823
36.011,-2.3376
43.501,8.2283
43.859,8.8159
43.186,7.7159
45.388,11.353
43.715,8.5804
32.018,-6.4222
32.046,-6.4342
32.045,-6.4249
39.49,2.0219
39.497,2.0265
35.995,-2.3557
39.485,2.0163
41.669,5.3116
22.316,-38.543
-5.2323,-17.721
-11.158,-17.528
-3.6945,-17.594
-7.1252,-17.693
-50.928,1.6336
-8.9626,-19.248
-49.438,0.36957
39.988,2.7631
-8.9626,-19.248
22.786,-39.075
-49.231,0.27829
-8.9626,-19.248
35.268,-3.1831
-8.9626,-19.248
-6.1323,-19.132
19.105,-17.126
23.846,-40.832
22.763,-14.386
-5.5641,-17.293
-5.9464,-17.64
-6.0982,-14.923
19.799,-16.725
-6.852,-20.124
-11.695,-25.167
42.351,6.3831
39.484,2.0139
45.388,11.352
39.483,2.0118
39.189,1.623
43.485,8.2019
32.046,-6.4339
35.977,-2.3774
39.486,2.0167
39.536,2.0901
43.172,7.693
39.485,2.0163
32.021,-6.4264
32.05,-6.4344
39.487,2.0163
43.558,8.3225
41.227,4.6317
41.655,5.2906
44.649,10.122
39.485,2.0161
32.042,-6.4296
41.692,5.3483
42.119,6.017
32.046,-6.4339
41.359,4.835
32.046,-6.4339
39.484,2.0135
39.485,2.0163
32.039,-6.4338
39.486,2.0167
39.488,2.0206
39.485,2.0163
45.182,11.009
32.046,-6.4342
41.227,4.6318
43.186,7.7156
39.485,2.0162
39.495,2.0239
32.046,-6.4339
32.046,-6.434
27.535,-39.643
41.631,5.2535
27.52,-39.677
39.486,2.0166
32.046,-6.4342
-50.332,0.31019
-49.287,-1.0762
23.04,-37.995
23.696,-40.633
30.606,-7.8644
22.232,-37.452
-7.3282,-16.892
22.201,-38.804
24.258,-40.774
23.097,-14.119
34.114,-4.468
-4.9311,-15.361
19.083,-17.372
22.625,-14.493
-6.5157,-15.016
22.442,-37.245
33.81,-4.7926
22.931,-14.251
22.465,-37.33
24.34,-41.085
-11.175,-15.836
35.623,-2.7821
31.989,-6.4636
22.828,-14.333
22.546,-14.556
22.765,-39.078
22.702,-14.433
21.118,-38.451
24.111,-37.536
23.822,-13.537
21.226,-15.586
23.842,-40.681
23.038,-37.992
21.825,-15.12
34.263,-4.3073
23.846,-40.832
32.045,-6.4363
41.669,5.3114
36.011,-2.3379
32.046,-6.4339
39.485,2.0153
41.226,4.6317
32.046,-6.4338
39.536,2.0901
32.046,-6.4339
39.485,2.0162
39.485,2.0162
32.036,-6.4299
45.401,11.374
45.226,11.081
39.487,2.0176
32.046,-6.4339
41.226,4.6314
45.4,11.372
32.037,-6.4355
41.226,4.6322
39.486,2.0163
39.486,2.0163
42.119,6.0171
39.193,1.6286
32.046,-6.4339
32.046,-6.4339
36.011,-2.3376
39.485,2.0163
39.485,2.0163
39.485,2.0163
36.011,-2.3378
32.046,-6.434
32.046,-6.4339
36.011,-2.3377
39.485,2.0162
39.486,2.0176
39.485,2.0163
32.046,-6.4338
39.485,2.0162
39.486,2.0165
44.941,10.607
39.485,2.0162
39.486,2.0165
39.485,2.0162
32.046,-6.434
39.486,2.0165
32.046,-6.4339
32.046,-6.4339
39.485,2.0163
41.226,4.6318
27.696,-39.335
35.951,-2.4082
32.235,-6.0915
22.128,-39.135
39.493,2.0286
31.248,-7.191
36.045,-2.2976
22.186,-14.838
40.982,4.2634
40.242,3.1448
23.379,-38.543
21.118,-38.451
25.905,-11.856
-15.212,-17.311
-16.669,8.8682
-16.695,8.8833
-14.713,-17.661
-15.214,-17.313
9.0052,21.276
1.7514,27.16
1.8936,27.281
1.8457,27.231
27.417,33.819
1.8515,28.436
-15.523,8.3679
3.4234,25.821
1.8675,28.49
1.8778,28.546
8.939,24.511
2.47,27.152
-16.094,8.6389
-16.095,8.6391
-16.094,8.6389
3.4158,25.834
8.944,24.522
3.9327,25.476
3.4183,25.831
3.4128,25.835
3.4183,25.832
3.9066,25.491
3.9066,25.492
3.4216,25.83
3.9622,25.454
3.9328,25.476
3.9327,25.476
3.9327,25.476
3.9327,25.476
3.8889,25.506
3.9519,25.461
3.9571,25.466
3.4056,25.832
3.4182,25.832
3.4183,25.832
3.9327,25.476
9.0464,21.257
9.055,21.238
24.852,34.169
1.87,27.241
-15.523,8.368
7.7627,22.322
-2.1217,59.074
-20.985,39.42
-21.043,39.413
-21.03,39.415
-21.06,39.414
-21.454,39.226
-21.453,39.264
-21.453,39.263
-21.453,39.264
7.4949,22.5
7.1269,22.504
7.1345,22.524
7.3377,22.568
2.398,26.966
5.824,19.302
5.8221,19.303
5.8209,19.301
5.8209,19.301
8.9423,24.514
7.7168,22.891
7.6986,22.936
7.6774,22.942
7.7946,21.509
8.227,22.041
8.072,22.217
8.1303,22.305
21.366,31.725
21.381,31.726
24.911,34.129
14.27,16.908
14.28,16.94
7.8276,22.505
13.699,16.584
20.631,31.629
8.938,24.508
8.9425,24.52
26.973,35.233
-16.089,8.637
-16.089,8.637
-16.089,8.637
-16.097,8.6396
-16.092,8.6382
-16.089,8.637
-16.089,8.637
-16.089,8.637
-16.095,8.6392
-16.09,8.6372
3.0941,26.69
-15.542,8.3798
7.1361,22.527
7.0257,22.196
7.1361,22.527
7.0246,22.22
7.3236,22.023
8.944,24.522
24.82,34.16
20.631,31.63
26.344,33.655
25.424,33.698
25.508,33.669
20.655,31.63
26.036,33.796
20.8,31.647
20.643,31.63
-2.0255,58.24
8.9248,24.475
8.7825,57.156
9.5312,57.766
14.115,16.189
14.302,16.597
13.237,16.442
7.6672,21.683
7.5683,21.791
7.8219,22.275
7.8466,22.317
7.8693,22.289
2.0578,27.269
2.0309,27.274
2.0453,27.275
2.0896,27.303
8.9383,24.51
8.9384,24.51
9.0583,21.234
-15.522,8.3677
5.566,24.425
6.0187,23.984
10.041,59.361
25.628,33.809
25.853,33.862
9.9505,58.973
24.338,32.654
26.135,33.224
25.533,33.212
10.02,59.174
-15.521,8.3696
-15.523,8.368
-15.521,8.3696
-15.519,8.3685
-15.521,8.3696
-15.523,8.368
8.5273,22.632
8.5273,22.632
8.5497,22.638
8.5267,22.631
8.2395,22.636
8.2778,22.621
8.5525,22.593
8.5472,22.599
9.9505,58.973
9.6804,58.117
10.042,59.363
26.977,35.242
8.939,24.511
8.9316,24.492
8.9316,24.492
-2.0154,58.189
24.787,32.838
24.809,32.86
9.7532,57.68
7.7408,22.944
22.795,31.334
26.949,35.245
20.912,31.661
10.03,59.322
3.4814,26.57
3.4815,26.57
3.4814,26.57
3.5048,26.559
-15.523,8.368
-15.523,8.368
-15.523,8.368
-15.523,8.368
-15.523,8.368
-15.523,8.368
-15.523,8.368
-15.523,8.368
-15.523,8.3679
-15.523,8.368
-15.523,8.368
-15.523,8.368
-15.523,8.368
-15.523,8.368
-15.523,8.368
-15.523,8.368
-15.523,8.368
-15.523,8.3679
-15.523,8.368
-15.523,8.3684
-15.523,8.368
-15.523,8.368
-15.523,8.368
-15.523,8.368
-15.523,8.368
-15.523,8.368
-15.523,8.368
-15.523,8.368
-15.523,8.368
-15.523,8.3679
-15.523,8.368
-15.523,8.368
-15.523,8.368
-15.523,8.3679
-15.523,8.368
-15.523,8.368
7.8333,22.531
7.8852,21.567
7.1268,23.018
-20.84,36.82
9.5584,57.246
9.5132,57.262
9.4859,57.269
23.755,32.355
27.137,33.477
8.939,24.511
8.9382,24.51
8.939,24.511
20.912,31.661
26.066,33.597
9.5132,57.262
9.5841,56.927
9.6203,56.892
9.9423,57.322
10.002,57.277
10.019,57.251
8.097,21.956
8.096,21.958
7.9343,22.042
22.788,31.343
25.364,33.288
27.099,33.505
22.761,31.314
20.91,31.661
-2.0054,58.196
14.051,16.053
9.202,57.377
14.059,16.071
14.057,16.067
14.053,16.054
27.131,33.481
1.9927,26.899
1.9891,26.9
1.9891,26.9
9.7954,57.463
20.728,31.642
20.642,31.631
20.625,31.63
20.634,31.631
20.658,31.633
20.642,31.631
20.625,31.629
20.624,31.629
20.627,31.63
20.627,31.631
20.622,31.63
20.641,31.639
20.63,31.631
20.627,31.63
20.625,31.629
20.631,31.629
20.643,31.63
20.63,31.63
20.642,31.631
20.796,31.646
20.621,31.63
20.64,31.631
20.643,31.63
20.647,31.632
20.633,31.631
20.625,31.629
20.636,31.63
20.625,31.63
20.659,31.634
20.636,31.63
20.64,31.63
20.8,31.646
9.5132,57.262
9.5132,57.262
9.5132,57.262
-18.657,39.752
14.057,16.066
14.052,16.056
14.061,16.048
14.057,16.066
14.051,16.06
9.5132,57.262
14.057,16.067
14.061,16.063
14.061,16.063
14.051,16.053
14.056,16.053
9.4627,57.112
9.4974,57.738
14.054,16.059
9.5062,57.78
9.5337,57.78
9.7052,56.897
7.2799,21.976
9.715,56.813
14.031,16.001
-2.3229,58.832
8.9786,57.657
14.057,16.066
7.7419,22.951
2.542,26.923
2.542,26.923
2.5418,26.923
7.927,21.567
7.9561,21.57
7.9185,21.576
7.9309,21.585
7.92,21.587
7.927,21.567
23.324,32.274
23.753,32.355
23.757,32.356
24.438,32.717
9.1646,57.571
10.032,59.25
9.3726,58.097
8.5996,57.968
9.5227,57.826
9.385,57.604
9.5823,57.812
9.0899,57.116
9.1711,57.54
8.7586,57.771
8.6083,57.969
25.148,33.043
23.756,32.356
23.752,32.353
23.759,32.358
23.76,32.357
23.759,32.358
23.753,32.355
25.899,33.423
23.762,32.358
23.756,32.355
24.35,32.663
24.363,32.662
23.76,32.358
23.745,32.354
23.757,32.356
-2.006,58.196
8.944,24.522
14.031,16.001
-2.5175,58.531
14.072,16.094
14.121,16.202
14.251,16.465
-2.7766,58.481
7.7776,22.768
8.4267,23.673
25.631,33.84
26.961,35.224
9.7099,57.27
9.7907,57.112
9.5708,56.802
-2.3206,58.829
-2.3206,58.829
-2.3206,58.829
-2.3047,58.811
-2.0143,58.191
14.082,16.097
24.911,34.15
24.95,34.167
26.324,34.485
26.265,34.428
9.5064,57.009
9.6775,56.767
9.8272,56.647
8.5846,57.972
8.9324,24.494
20.804,31.646
-16.094,8.6357
-16.094,8.6357
14.28,16.553
-18.214,39.657
-18.826,40.204
-18.551,40.108
-19.585,40.484
-19.591,40.453
-19.747,40.506
-19.747,40.506
-19.747,40.506
-19.747,40.506
-18.801,39.942
-18.732,40.271
-18.316,40.977
-18.295,41
-18.316,40.977
-18.295,41
-18.316,40.977
-18.316,40.977
-18.316,40.977
-18.316,40.977
-19.591,40.453
-19.591,40.453
-19.591,40.453
-18.316,40.977
-18.316,40.977
-18.316,40.977
-19.591,40.453
-19.591,40.453
-19.591,40.453
-19.63,40.449
-19.621,40.493
-19.627,40.488
-19.591,40.453
-19.585,40.484
-19.585,40.484
-18.316,40.977
-18.316,40.977
-18.316,40.977
-18.315,40.977
-18.316,40.977
-18.316,40.977
-18.316,40.977
-18.316,40.977
-19.67,40.528
-19.67,40.528
-18.801,39.942
-19.002,40.398
-18.801,39.942
-18.801,39.942
-18.801,39.942
-18.801,39.942
-18.801,39.942
-19.002,40.398
-18.801,39.942
-18.801,39.942
-18.801,39.942
-19.002,40.398
-18.483,40.13
-18.483,40.13
-18.801,39.942
-18.801,39.942
-18.801,39.942
-18.801,39.942
-18.801,39.942
-19.591,40.453
-19.591,40.453
-18.801,39.942
-19.707,40.466
2.0119,26.91
9.0647,21.215
9.0647,21.215
9.0647,21.215
9.0522,21.229
9.0522,21.229
9.0519,21.23
9.0574,21.232
9.0599,21.23
9.06,21.217
9.057,21.233
9.0647,21.215
9.0596,21.231
9.0647,21.215
9.0647,21.215
9.0647,21.215
9.0577,21.232
9.0577,21.232
9.0647,21.215
9.0647,21.214
9.0647,21.215
9.0647,21.214
9.0647,21.215
9.0647,21.215
9.0643,21.215
9.0572,21.233
9.9339,57.738
24.917,34.161
20.624,31.63
14.18,16.288
20.631,31.63
9.9587,57.711
9.4211,57.848
9.3658,57.889
9.492,57.243
8.9792,57.179
8.9554,57.128
8.7005,57.851
-20.825,36.827
-2.0071,58.191
9.6539,57.845
14.216,16.359
-19.262,39.956
-19.262,39.956
-2.7261,58.5
8.944,24.522
-2.3091,58.841
-2.3105,58.839
25.619,33.805
20.64,31.631
25.622,33.829
14.29,16.573
14.02,15.987
14.02,15.988
9.9443,58.989
24.932,34.187
9.5449,57.783
7.7007,22.956
14.34,16.689
14.34,16.689
14.348,16.72
14.348,16.72
-16.09,8.6365
-21.19,39.375
9.2417,56.886
25.644,33.798
-19.296,39.963
-19.089,40.757
-19.089,40.757
-19.089,40.757
-19.089,40.757
-19.089,40.757
-18.762,39.343
-18.847,39.801
-18.751,40.105
-18.822,40.413
9.5235,57.252
10.006,57.346
10.006,57.346
9.5132,57.262
9.5917,57.234
9.5956,57.243
9.3474,57.053
9.3561,57.066
9.5165,57.244
10.124,57.221
10.124,57.221
10.124,57.221
9.2145,57.557
9.1151,57.384
9.843,57.331
9.211,57.381
14.027,16.058
14.027,16.058
14.027,16.058
14.027,16.058
1.7044,27.06
1.7043,27.059
13.979,15.942
13.978,15.936
14.022,16
25.939,33.66
22.846,31.337
9.5927,57.786
9.689,56.782
23.443,32.225
-2.1241,59.073
24.864,34.16
-2.0073,58.197
-2.0073,58.197
8.1723,22.104
8.2398,22.027
8.1271,22.302
9.0367,21.24
9.0705,21.228
9.5375,57.819
-3.1283,58.411
-3.1334,58.409
14.282,16.56
24.948,34.177
-15.493,8.3604
26.937,34.899
26.855,35.194
27.019,33.572
26.919,35.149
26.965,35.206
26.977,35.244
26.935,35.233
27.099,33.504
26.98,33.658
26.924,35.209
27.197,35.021
26.935,35.187
27.141,33.473
26.927,35.183
26.935,35.192
26.932,35.174
27.049,33.526
26.937,35.163
26.948,35.237
27.373,33.812
27.199,33.539
26.946,35.209
27.372,33.85
27.382,34.111
27.127,33.51
26.959,35.23
27.043,33.536
26.944,35.198
26.943,35.232
27.125,33.459
27.29,34.729
27.079,33.519
27.005,33.58
26.948,35.206
26.975,35.256
26.94,35.211
26.933,35.224
26.927,35.107
27.037,33.596
26.959,35.206
26.932,34.752
26.962,35.203
27.431,33.837
27.015,33.579
27.402,33.653
27.107,33.493
27.099,33.501
27.022,33.58
26.976,35.212
26.939,35.222
27.105,33.492
27.131,33.493
27.097,33.513
27.1,33.504
26.976,35.266
26.975,35.258
26.936,35.201
26.938,35.175
26.991,33.561
26.941,35.164
26.962,35.216
27.033,33.517
27.096,33.511
27.101,33.494
26.967,35.243
27.052,33.505
27.15,35.031
26.889,34.329
27.073,33.5
26.952,35.21
26.934,35.208
27.025,33.586
27.106,33.496
26.961,33.859
26.942,35.187
26.96,35.215
27.058,33.521
26.997,33.559
26.933,35.184
26.932,35.206
26.978,35.244
14.021,16.01
14.026,16.016
26.941,35.244
26.982,35.204
27.099,33.506
27.074,33.966
26.965,35.244
26.948,35.253
26.958,35.235
27.01,33.586
26.945,35.22
26.922,35.169
14.293,16.6
1.7632,27.262
8.6691,57.185
8.9281,56.998
8.6463,57.921
9.9443,58.989
27.074,33.5
27.134,33.481
26.978,35.232
27.022,33.56
26.949,35.235
27.415,34.198
26.933,35.145
26.928,35.204
26.972,33.738
26.91,35.195
26.543,34.331
27.1,33.478
26.626,33.517
25.949,33.61
25.9,33.589
25.947,33.609
24.393,33.083
-2.7044,58.472
-19.796,39.406
26.936,34.693
26.948,35.202
26.948,35.222
26.996,35.237
26.926,35.178
27.019,33.571
26.998,35.285
26.945,35.257
27.004,34.632
27.1,33.504
27.098,33.506
1.6859,27.185
14.034,16
-20.856,36.793
23.388,32.206
20.647,31.632
26.95,35.248
27.377,33.641
27.302,33.596
26.329,33.602
26.952,35.247
27.035,33.372
26.79,33.468
9.8304,56.623
9.8304,56.623
9.8215,56.627
9.8215,56.627
9.7079,57.231
-3.1238,58.412
5.8083,19.282
14.364,16.73
14.361,16.727
7.6622,22.773
23.732,32.352
23.344,32.22
-16.093,8.6389
-2.0054,58.196
8.4098,23.646
8.2269,23.378
14.24,16.425
14.275,16.487
14.051,16.03
-2.1061,59.09
-2.0914,59.089
-2.107,59.089
-2.0904,59.098
-2.1003,59.09
-2.106,59.09
-2.11,59.084
-2.1007,59.098
-19.797,39.415
-19.797,39.407
-19.797,39.407
-19.797,39.415
-19.797,39.415
-19.797,39.407
-18.801,39.942
-18.801,39.942
-20.825,36.827
-18.967,39.957
-20.806,36.862
-20.825,36.827
-20.774,36.909
-20.825,36.827
-20.777,36.899
-18.801,39.942
-18.801,39.942
-20.825,36.827
-18.801,39.942
-18.801,39.942
-20.788,36.898
-20.825,36.827
-20.825,36.827
-18.801,39.942
-18.801,39.942
-18.801,39.942
-20.772,36.916
-18.801,39.942
-18.243,39.669
-18.591,40.12
-18.86,39.625
-19.265,39.575
-18.751,40.105
-19.265,39.575
-19.28,39.953
-20.789,36.901
-19.265,39.575
-18.751,40.105
-20.825,36.827
-18.751,40.105
-20.814,36.914
-20.825,36.827
-18.8,39.677
-18.949,39.485
-18.751,40.105
-20.824,36.826
-19.542,39.451
-19.932,39.363
-19.542,39.451
-19.606,39.735
-19.932,39.364
-20.814,36.915
-19.381,39.903
-18.751,40.105
-18.751,40.105
-18.751,40.105
-18.751,40.105
-19.932,39.364
-19.01,39.675
-19.477,39.141
-20.788,36.898
-19.443,39.116
-18.751,40.105
-20.825,36.827
-18.751,40.105
-20.825,36.827
-19.915,39.185
-18.751,40.105
-20.814,36.914
-20.825,36.827
-18.751,40.105
-18.751,40.105
-18.751,40.105
-19.262,39.956
-18.751,40.105
-18.751,40.105
-18.751,40.105
-19.01,39.675
-18.751,40.105
-18.815,40.584
-18.751,40.105
-20.825,36.827
-19.265,39.575
-18.942,39.439
-19.261,39.555
-19.265,39.575
-18.815,40.584
-18.751,40.105
-20.774,36.908
-19.641,39.466
-18.751,40.105
-19.932,39.363
-18.751,40.105
-20.825,36.827
-18.751,40.105
-18.751,40.105
-18.751,40.105
-18.751,40.105
-18.751,40.105
-20.814,36.914
-20.826,36.827
-18.751,40.105
-18.751,40.105
-18.607,40.134
-18.751,40.105
-18.751,40.105
-19.01,39.675
-18.751,40.105
-18.751,40.105
-20.825,36.827
-20.788,36.898
-18.751,40.105
-20.825,36.827
-20.824,36.827
-20.825,36.826
-20.824,36.827
-20.824,36.826
-20.824,36.826
-20.825,36.827
-20.825,36.827
-20.824,36.827
-20.773,36.911
-20.825,36.827
-20.825,36.826
-20.825,36.827
-20.824,36.827
-20.825,36.827
-20.825,36.827
-20.825,36.827
-20.826,36.827
-20.825,36.827
-20.825,36.827
8.9322,24.493
7.7487,22.974
8.9437,24.521
8.9436,24.522
8.9435,24.522
8.9435,24.522
8.9436,24.522
8.9428,24.521
8.9437,24.523
8.9433,24.522
8.9431,24.522
8.9439,24.522
8.943,24.521
8.9426,24.521
8.9427,24.521
8.9427,24.521
8.9427,24.521
8.942,24.52
8.942,24.519
8.942,24.52
8.9425,24.521
8.952,56.859
14.386,16.313
27.395,33.652
27.399,33.654
9.7385,57.604
8.6188,57.213
9.0522,21.229
1.9448,26.899
5.8091,19.283
9.9246,57.712
9.2093,57.591
2.4109,27.247
14.295,16.557
14.158,16.24
14.29,16.571
8.577,57.971
-21.342,39.346
-21.34,39.344
7.2735,21.963
8.5737,57.946
-2.009,58.205
1.6554,27.185
1.6525,27.189
1.6525,27.189
1.6525,27.188
1.6526,27.19
10.001,57.331
10.199,57.291
21.372,31.723
21.377,31.725
25.444,33.697
24.831,34.165
9.3133,57.499
8.6733,57.177
5.8084,19.282
5.8084,19.282
5.8084,19.282
5.8104,19.286
5.8121,19.292
5.8148,19.291
5.812,19.289
5.8111,19.287
5.8084,19.282
5.8083,19.282
5.8104,19.285
5.8104,19.285
5.8083,19.281
5.8084,19.282
5.8083,19.281
5.8084,19.282
5.8084,19.282
5.8084,19.282
5.8084,19.282
5.8083,19.281
5.8084,19.282
5.8083,19.282
5.8084,19.282
5.8084,19.282
5.8084,19.282
5.8084,19.282
5.8084,19.282
5.8084,19.282
5.8084,19.282
5.8084,19.282
5.8083,19.282
5.8084,19.282
5.8083,19.281
5.8084,19.282
5.8084,19.282
5.8083,19.282
5.8084,19.283
-18.733,39.203
-18.733,39.203
-18.732,39.202
-18.285,39.338
-18.161,39.07
-18.161,39.07
-18.434,39.202
-18.435,39.202
-18.435,39.203
-18.435,39.202
-18.435,39.202
-18.435,39.202
-18.435,39.202
-18.435,39.202
-18.435,39.202
-18.435,39.202
14.276,16.577
-21.156,39.425
-21.317,39.233
2.4236,27.243
8.9087,24.461
14.26,16.449
1.7495,27.165
1.737,27.191
1.7468,27.164
1.8065,27.179
14.036,15.999
14.036,15.999
14.036,15.999
14.036,15.999
-21.012,39.42
-21.005,39.436
-21.008,39.416
-21.478,39.18
-21.47,39.252
-21.472,39.17
-21.253,39.372
-21.245,39.373
5.8096,19.283
-2.2978,58.86
8.853,56.878
9.0882,57.36
8.9334,56.917
8.8671,56.987
9.0882,57.36
9.3591,57.314
9.3514,56.825
26.981,35.237
9.8441,57.337
9.0882,57.694
13.817,16.203
13.817,16.202
13.978,16.148
13.903,16.091
14.081,16.043
14.116,16.065
14.104,16.05
14.102,16.06
1.8712,28.533
1.8711,28.538
1.8712,28.539
1.8712,28.54
-18.751,40.105
9.4901,58.033
8.9497,57.414
7.378,22.019
14.206,16.368
14.206,16.368
14.206,16.368
5.8115,19.287
23.558,32.276
9.9268,59.593
26.469,33.17
1.8657,28.481
1.8773,28.546
1.8614,28.489
1.8804,28.55
1.8858,28.555
1.8656,28.48
1.8816,28.555
1.8862,28.554
1.8862,28.555
1.8613,28.488
1.8657,28.481
1.8614,28.489
1.8613,28.488
1.8857,28.556
1.8827,28.555
5.8093,19.283
5.8084,19.282
22.212,31.837
22.13,31.818
22.153,31.826
22.069,31.804
22.13,31.819
26.957,33.909
7.9228,21.573
25.753,33.903
25.789,33.868
10.028,59.358
14.189,16.327
9.3858,57.54
8.6305,57.965
8.8387,57.223
8.6318,57.973
23.738,32.355
14.273,16.53
7.7478,22.941
7.728,22.983
26.457,34.596
23.955,32.473
23.979,32.493
23.94,32.463
23.775,32.372
26.985,35.266
8.237,21.958
8.2234,21.93
8.223,21.928
-2.326,58.806
9.7438,58.556
-2.2971,58.768
9.7997,59.46
8.6035,57.939
9.5442,59.165
9.2662,57.701
-2.2352,58.814
9.807,56.626
9.8213,56.676
9.2417,56.886
10.041,59.334
9.0597,58.832
-15.523,8.3665
1.8827,27.244
3.3231,26.581
-2.1313,59.077
10.051,57.234
2.2891,26.965
2.3203,26.959
2.3038,26.965
9.7261,57.285
9.5841,56.927
9.5412,57.256
9.6141,56.823
9.3772,56.872
9.4799,56.686
9.3772,56.872
9.4306,56.761
9.3781,56.798
9.4947,57.168
10.006,57.36
10.006,57.36
9.8609,57.313
9.5132,57.262
9.7723,57.127
10.077,57.224
9.7723,57.127
9.5132,57.262
10.051,57.234
9.5132,57.262
9.5132,57.262
9.7658,57.053
9.7658,57.053
9.3561,57.066
9.4538,56.713
9.45,56.713
9.9636,57.317
9.6466,57.2
9.839,57.215
9.5639,56.853
9.396,56.966
9.396,56.966
9.3873,56.91
9.952,57.222
-2.3119,58.827
-2.3114,58.827
-2.3114,58.829
-2.3279,58.832
7.7642,22.951
7.7519,22.911
14.286,16.563
14.227,16.328
14.05,16.042
14.051,16.055
14.054,16.06
14.054,16.059
14.057,16.067
14.057,16.067
14.042,16.058
14.057,16.067
7.5331,21.741
7.5138,21.712
7.514,21.712
13.651,16.2
13.603,16.146
-21.323,39.371
1.4996,26.96
1.4059,26.942
1.6357,27.061
1.5914,27.055
1.571,27.025
1.6153,27.039
1.609,27.067
1.5823,27.09
1.635,27.064
1.682,27.068
1.6821,27.068
1.7393,27.157
1.8389,27.198
1.5738,27.024
1.8465,27.18
1.4042,26.94
1.6346,27.071
1.6481,27.099
1.657,27.108
1.3825,26.916
1.3827,26.916
1.6795,27.02
1.6861,27.021
1.6796,27.02
1.6795,27.02
1.6795,27.02
1.6795,27.021
1.6316,27.077
1.682,27.068
1.6821,27.068
1.6197,27.061
1.4059,26.942
1.6357,27.061
1.7393,27.157
1.6626,27.087
1.7321,27.021
1.555,27.025
1.5561,27.019
1.5951,27.078
1.5918,27.06
1.5786,27.106
1.5761,27.094
1.5559,27.027
1.5672,27.069
1.5796,27.058
1.5858,27.117
1.7358,27.005
1.7123,27.035
1.7423,27.019
1.397,26.939
1.397,26.939
1.6229,27.073
1.4059,26.942
1.4177,26.93
1.6733,27.048
1.6744,27.047
1.6733,27.048
1.6236,27.072
1.6421,27.061
1.631,27.073
1.6337,27.07
1.6367,27.072
1.6353,27.07
1.6325,27.063
1.6496,27.091
1.6289,27.073
1.6507,27.097
-17.597,6.8099
2.2485,26.993
22.027,31.788
8.944,24.522
-10.867,-14.597
-11.535,-13.231
27.395,33.721
23.464,32.252
-2.4945,58.538
-2.4945,58.538
7.702,22.873
3.4952,26.563
8.944,24.522
9.0052,21.276
1.7514,27.16
26.967,33.722
27.095,33.497
9.9917,59.454
5.8089,19.283
-3.1419,58.411
9.2652,56.663
9.2812,56.606
9.7812,57.02
10.054,59.407
10.23,57.215
9.3948,56.794
9.3077,56.602
9.8009,57.232
8.3619,22.633
8.4912,22.665
8.5589,22.642
8.2487,22.525
5.8083,19.281
1.879,28.542
1.8832,28.556
1.8764,28.534
1.8805,28.549
1.8787,28.543
1.8789,28.543
1.8644,28.478
14.354,16.719
14.357,16.725
14.356,16.724
7.1173,23.014
-2.3743,58.601
-2.3895,58.606
-2.4159,58.611
8.5737,57.946
9.8174,57.791
9.7072,57.775
9.834,57.803
9.834,57.803
9.5371,57.936
9.8031,57.528
9.5314,57.658
9.4497,57.865
9.3279,57.912
8.8218,57.91
8.601,57.934
9.0458,57.64
9.8127,58.291
9.7764,58.269
9.0365,57.423
9.0705,57.074
9.0705,57.074
9.0705,57.074
9.0598,57.099
8.6351,57.897
8.5453,57.997
9.5792,59.396
9.9714,59.009
10.043,59.336
10.042,59.322
10.043,59.336
10.039,59.314
10.028,59.21
10.034,59.251
10.04,59.306
10.043,59.341
9.9561,58.976
10.054,59.508
10.049,59.363
10.06,59.351
10.06,59.351
10.062,59.408
10.049,59.365
10.049,59.366
10.048,59.525
9.9874,59.49
9.9225,59.586
9.9476,59.595
9.9336,59.587
10.034,59.474
10.025,59.474
-2.007,58.196
9.1811,57.774
8.0918,22.226
8.5037,22.617
22.785,31.346
22.817,31.348
22.804,31.277
22.759,31.332
27.005,33.583
26.989,33.586
22.793,31.334
22.805,31.337
20.757,31.642
20.643,31.63
20.799,31.646
20.628,31.631
20.714,31.639
20.648,31.632
5.8126,19.289
14.348,16.246
23.445,32.226
14.373,16.291
14.357,16.305
-18.46,39.074
23.513,32.251
23.194,32.179
22.826,31.296
22.825,31.207
14.348,16.246
14.419,16.556
7.7776,22.619
7.7705,22.747
10.118,57.02
10.118,57.02
10.114,56.966
10.233,57.177
10.233,57.177
9.8365,57.869
8.6802,57.23
8.6555,57.173
7.0212,22.539
5.8085,19.282
9.6247,56.87
-18.802,40.33
14.256,16.445
7.0326,23.024
8.6097,57.942
22.835,31.994
22.874,31.998
22.863,32.002
22.839,31.993
-18.46,39.074
10.041,59.337
9.0741,21.221
8.0614,22.348
-21.059,39.409
-21.468,39.245
7.6564,22.674
5.8094,19.29
8.4343,22.522
8.2383,22.055
8.6928,22.519
-18.243,39.669
-18.235,39.647
-18.554,40.089
-18.858,39.811
-18.243,39.669
-18.243,39.669
-18.243,39.669
-18.243,39.669
-18.243,39.669
-3.1483,58.41
-2.0097,58.195
-2.2528,58.764
-14.9,-17.638
-15.206,-17.232
8.028,22.017
8.028,22.017
8.028,22.017
8.028,22.017
26.426,33.102
25.843,33.897
26.941,35.27
26.948,35.261
26.95,35.268
26.448,34.19
-21.718,10.451
-10.107,-14.832
24.821,34.161
24.859,34.163
24.796,34.156
-14.217,-17.799
-8.477,-17.329
14.354,16.719
14.357,16.725
14.356,16.724
14.354,16.72
25.07,34.375
-14.197,-17.26
-8.9798,-17.029
5.8099,19.284
5.8084,19.282
9.3933,57.79
26.938,34.678
-9.1667,-15.919
-11.05,-12.982
-9.5658,-16.798
-9.9735,-16.457
-16.019,-19.087
-16.019,-19.087
-14.807,-17.699
-15.984,-19.039
-16.019,-19.087
-16.019,-19.087
-9.7783,-17.322
-11.556,-17.348
25.66,34.686
24.817,34.165
24.821,34.161
24.819,34.158
24.841,34.206
24.813,34.14
24.828,34.168
24.833,34.168
-14.197,-17.26
-10.564,-16.45
-18.827,39.794
7.3446,22.586
-14.14,-17.757
14.43,16.674
-2.5458,58.568
-2.5438,58.562
-2.3196,58.839
-2.5466,58.564
-2.5016,58.535
-2.3098,58.845
-2.3098,58.845
-2.5471,58.566
-2.515,58.521
-2.4975,58.553
-2.4689,58.555
-2.2639,58.807
-2.537,58.596
-3.1667,58.405
-3.1556,58.411
-3.1575,58.423
-3.1547,58.412
-2.3989,58.624
-3.1779,58.402
-3.1739,58.406
-2.4433,58.517
-3.1752,58.403
-3.1815,58.392
8.9287,24.5
-18.469,40.028
-7.5054,-15.774
-13.785,-17.347
-13.841,-17.599
-13.841,-17.599
-10.913,-16.999
-10.509,-17.292
-9.8651,-18.088
-9.9907,-18.073
-9.2725,-17.037
-9.1544,-15.976
-7.5052,-15.777
-13.785,-17.347
10.04,59.338
26.527,34.461
26.316,33.162
-7.9088,-16.839
9.0375,57.444
8.6146,57.946
-14.14,-17.757
-14.14,-17.757
-14.197,-17.26
-14.197,-17.26
-8.2858,-17.163
-2.0069,58.197
9.2271,56.904
-2.0154,58.189
7.5826,58.074
8.8247,56.946
8.8673,56.986
-12.061,-20.959
-12.06,-20.96
-11.776,-21.183
-12.207,-20.785
-11.284,-20.214
-12.06,-20.96
-8.5446,-13.902
-12.061,-20.96
-12.06,-20.96
-8.3451,-17.196
-9.2373,-13.758
-8.3529,-16.598
5.8139,19.291
5.8126,19.289
5.8095,19.284
-14.508,-17.838
-14.301,-17.804
-14.609,-17.752
-2.282,58.826
-2.3119,58.791
7.3333,21.889
7.3521,21.984
7.3631,21.927
-11.063,-14.544
-11.063,-14.544
-11.063,-14.544
-11.063,-14.544
14.289,16.587
22.608,31.91
-17.889,40.043
-17.889,40.043
-17.889,40.043
-17.889,40.043
-17.89,40.043
-17.889,40.043
-17.889,40.043
-17.89,40.043
-17.892,40.043
-17.889,40.043
-17.889,40.043
-17.889,40.043
-17.89,40.043
-9.13,-16.479
-8.0124,-16.98
-6.4435,-16.872
-7.0767,-16.151
14.032,16
9.9386,59.556
-7.1539,-13.459
-16.659,8.8595
-22.205,11.633
-22.205,11.633
19.859,-16.63
-22.205,11.633
20.094,-16.454
-22.211,11.645
-22.205,11.633
-22.205,11.633
18.909,-17.24
-22.11,11.479
-22.205,11.633
-22.205,11.633
-22.205,11.633
-22.205,11.633
-22.205,11.633
-22.205,11.633
-22.205,11.633
-22.205,11.633
-22.21,11.64
-22.205,11.633
-22.205,11.633
-22.205,11.633
-22.205,11.633
-22.205,11.633
-22.205,11.633
-22.205,11.633
-22.205,11.633
-22.205,11.633
-22.205,11.633
-22.205,11.633
-22.205,11.633
-22.206,11.632
-22.205,11.633
-22.205,11.633
-22.205,11.633
-22.211,11.644
-22.205,11.633
-22.205,11.633
-22.11,11.479
-22.205,11.633
-22.205,11.633
-22.205,11.633
-22.21,11.642
-22.205,11.633
-22.207,11.634
-22.205,11.633
-22.205,11.633
-22.205,11.633
-22.205,11.633
-22.205,11.633
-22.205,11.633
-22.205,11.633
-22.205,11.633
22.777,31.973
22.762,31.896
22.773,31.896
7.1009,23.028
7.115,23.026
7.1038,23.026
7.1106,23.031
7.1174,23.024
7.1148,23.017
7.1038,23.026
7.12,23.023
-10.35,-14.032
-10.025,-20.109
-9.8753,-13.895
-21.679,4.5172
-21.679,4.5174
-21.68,4.5181
-21.679,4.5176
-21.679,4.5178
-21.679,4.5179
-21.679,4.5178
-21.679,4.5178
-21.679,4.5178
-21.679,4.5176
-21.681,4.5197
-21.679,4.5176
-21.68,4.5186
-21.679,4.5176
-21.679,4.5176
-21.679,4.5176
-21.487,4.2024
-21.679,4.5179
-21.672,4.5259
-21.679,4.5176
-21.68,4.5172
-21.679,4.5176
-21.679,4.5178
32.875,-5.7223
-21.679,4.5178
-21.68,4.5186
-21.68,4.5201
-21.679,4.5179
-21.679,4.5178
-21.679,4.5178
-21.679,4.5179
-21.679,4.5179
-21.679,4.5179
-21.679,4.5179
-21.68,4.5201
-21.679,4.5179
-21.679,4.5177
-21.679,4.5178
-21.679,4.5178
-21.679,4.5176
-21.679,4.5176
-21.679,4.5176
-21.68,4.5172
-21.679,4.5176
-21.679,4.5178
-21.679,4.5176
-21.678,4.5203
7.8307,22.51
7.8306,22.509
13.984,16.353
13.42,16.277
-18.823,40.413
-18.823,40.413
14.059,16.064
-16.574,8.7195
26.928,35.184
20.467,-16.172
21.215,-15.594
25.618,33.83
3.264,26.598
2.2537,27.276
-15.489,8.3555
-15.488,8.3556
-15.488,8.3555
-10.065,-15.597
-50.99,2.988
14.203,16.362
14.203,16.362
-7.8965,-13.356
-7.5657,-13.577
26.942,35.196
20.805,31.645
20.801,31.644
20.799,31.646
20.799,31.646
20.801,31.645
20.799,31.646
20.799,31.646
20.621,31.629
20.799,31.646
20.799,31.646
20.801,31.645
22.811,31.347
22.824,31.34
22.818,31.334
22.829,31.364
-14.585,-17.728
-14.585,-17.728
23.735,32.35
-15.317,8.105
-16.08,8.6327
-15.317,8.1051
-16.081,8.633
-15.317,8.1053
-16.643,8.713
-15.974,8.5773
8.0937,22.21
8.3376,22.632
8.3384,22.632
8.3384,22.632
8.3242,22.626
8.3361,22.619
8.6946,22.524
8.4934,22.567
8.5069,22.531
8.7111,22.627
8.7111,22.627
8.7252,22.646
8.7111,22.627
-3.1752,58.637
8.0562,22.296
5.8382,19.33
5.8276,19.32
7.7321,22.977
7.7397,22.943
28.516,-9.161
27.084,-38.736
14.053,16.055
-7.9169,-13.164
-15.562,8.3895
14.28,16.55
32.17,-6.1314
32.17,-6.1316
32.17,-6.1316
34.451,-4.096
39.501,2.0386
32.17,-6.1317
32.17,-6.1316
32.17,-6.1316
32.17,-6.1315
32.181,-6.1116
34.451,-4.096
32.163,-6.1343
32.17,-6.1313
-8.5839,-18.503
-8.5437,-18.461
-8.4076,-18.268
-8.5441,-18.46
-48.683,2.6112
-14.462,-16.622
-14.59,-16.711
-14.59,-16.711
-14.549,-16.697
-14.669,-17.037
-14.669,-17.037
-14.693,-17.053
-14.669,-17.037
1.6858,27.085
-14.865,-17.073
-14.752,-16.865
-14.871,-17.059
-14.871,-17.059
-14.871,-17.059
-2.1218,59.075
-2.7241,58.496
-2.7197,58.498
-2.7023,58.481
-2.7772,58.48
-2.7197,58.499
-2.7197,58.498
-2.7766,58.481
-2.7903,58.476
-2.7014,58.471
-2.7766,58.481
-2.7183,58.501
-2.7197,58.499
-2.7766,58.481
-2.7888,58.478
-2.7197,58.499
-2.7337,58.493
-2.7197,58.499
-2.7766,58.48
-2.7014,58.469
-2.7197,58.498
-2.6987,58.473
-2.7197,58.499
-2.7163,58.494
-2.6906,58.482
-2.6987,58.473
-2.7014,58.47
-2.7888,58.478
-2.7766,58.481
-2.3083,58.847
-2.7197,58.499
-2.7197,58.499
-2.5471,58.566
-2.7766,58.481
-2.6906,58.482
-2.7208,58.499
-2.7023,58.481
-2.7265,58.493
7.7328,23.035
-3.1283,58.411
-3.1437,58.412
-2.7038,58.482
-3.1437,58.412
-3.1437,58.413
-2.7023,58.481
-3.1437,58.412
-2.0075,58.197
5.8114,19.287
5.8105,19.285
21.118,-38.451
-20.985,39.42
-21.453,39.226
7.4949,22.5
5.824,19.302
8.072,22.217
8.1303,22.305
7.6774,22.942
14.27,16.908
7.8276,22.505
13.699,16.584
3.4884,26.526
-15.542,8.3798
8.939,24.511
13.237,16.442
7.6672,21.683
7.5683,21.791
7.8219,22.275
7.8466,22.317
7.8693,22.289
2.0578,27.269
7.8333,22.531
7.4575,22.291
2.542,26.923
9.0577,21.233
8.4267,23.673
7.3301,22.598
8.1723,22.104
-20.856,36.793
7.1268,23.018
14.302,16.597
1.8503,28.446
2.4258,27.143
8.2234,21.93
8.2398,22.027
3.4815,26.57
7.6453,22.563
20.804,31.646
7.7776,22.768
3.2774,26.62
-53.191,2.5334
-8.4803,-18.361
-51.15,0.68755
-48.943,1.0625
-9.1891,-14.44
18.988,-17.149
-1.9006,-14.822
-10.059,-11.879
27.598,-39.576
25.185,-37.52
-8.2386,-9.365
-10.877,-15.007
27.525,-39.637
-9.042,-12.204
-6.063,-15.55
20.989,-15.77
-8.7583,-13.304
-53.192,2.5334
23.846,-40.832
-6.1325,-19.133
-53.182,2.5309
-50.533,2.6193
-1.8953,-14.825
22.269,-38.345
23.354,-38.653
-9.0785,-15.077
39.485,2.0163
32.193,-6.096
-10.105,-14.831
23.98,-37.485
-49.193,0.78683
-8.2596,-18.219
-9.1105,-16.428
23.04,-37.995
-8.2228,-9.7921
-8.7405,-16.518
28.213,-9.3796
23.875,-36.831
-1.8953,-14.825
22.806,-37.672
-49.274,1.6366
23.048,-14.158
-9.5248,-14.485
32.651,-6.0368
22.806,-37.672
-7.6433,-19.616
-8.2198,-9.7811
26.052,-11.721
22.805,-37.672
-9.9308,-14.7
-49.199,0.78327
23.846,-40.832
26.097,-40.772
32.228,-6.5715
-49.751,0.56253
-49.392,1.1787
23.013,-38.731
-49.199,0.78323
-6.4793,-16.403
23.69,-41.007
-1.8597,-14.812
23.04,-37.995
-50.693,2.4598
-8.3326,-14.665
43.024,7.4542
-2.1381,-14.629
-7.643,-19.616
-10.496,-18.475
23.102,-38.685
-10.324,-15.087
19.906,-16.6
27.525,-39.637
-8.5117,-14.082
29.142,-8.9287
27.525,-39.637
-8.0741,-17.589
27.524,-39.637
-8.7305,-15.757
22.473,-37.406
-6.1826,-19.151
25.086,-12.524
-49.5,0.48552
26.547,-38.219
-8.9174,-16.254
23.278,-38.378
26.547,-38.219
20.724,-15.972
23.845,-40.832
-9.4016,-16.266
23.871,-40.992
22.643,-38.991
39.487,2.0185
42.947,7.3297
21.118,-38.451
21.126,-38.424
22.275,-38.41
27.294,-39.028
-7.0316,-15.082
23.04,-37.995
-49.432,2.0529
25.191,-37.521
26.097,-40.772
-49.432,2.0528
-53.192,2.5334
27.702,-10.266
-7.6682,-18.59
-50.06,2.8221
-6.4767,-16.391
-11.018,-16.763
-50.385,0.34806
26.097,-40.772
22.805,-37.672
28.029,-39.792
26.569,-38.212
-48.091,2.6753
-53.192,2.5333
-49.214,2.6621
-9.0418,-12.204
32.71,-5.6969
-47.56,1.9155
-9.0261,-15.062
-5.8745,-18.864
-49.998,1.1199
-49.778,0.5609
34.225,-4.3487
-10.834,-15.092
27.525,-39.637
23.98,-37.485
-5.8838,-18.897
-14.197,-17.26
-10.409,-17.668
-5.6673,-16.235
-8.1819,-14.744
43.024,7.4521
-9.8821,-12.371
-10.889,-18.24
26.049,-11.725
23.767,-40.814
23.04,-37.995
-50.166,1.5838
39.268,1.7254
-50.626,0.88839
23.577,-13.734
-49.469,3.1109
-48.824,1.4042
23.04,-37.995
-53.191,2.5335
-8.2199,-9.7811
-49.709,2.3228
21.118,-38.451
23.278,-38.377
28.029,-39.792
-10.517,-18.464
-10.336,-17.645
23.04,-37.995
-49.468,2.2126
-1.8953,-14.825
22.433,-37.303
-8.4919,-15.234
-48.488,2.039
27.525,-39.637
-9.6606,-13.88
-50.634,3.3541
20.603,-16.073
26.577,-11.257
-8.825,-15.341
-8.244,-14.298
-9.6073,-15.644
22.739,-38.951
22.223,-38.001
36.192,-2.1252
32.046,-6.4339
-9.4482,-13.883
36.243,-2.0638
27.582,-10.084
-1.8953,-14.825
27.539,-39.68
-50.809,1.3503
-9.5094,-12.362
-53.192,2.5334
-48.481,1.2687
31.331,-7.092
27.285,-38.987
-51.023,1.9574
22.316,-38.543
22.316,-38.543
38.944,1.3044
25.191,-37.521
22.316,-38.543
22.316,-38.543
23.846,-40.832
-9.753,-17.986
18.964,-17.926
-7.6431,-19.615
-50.29,1.2651
-48.399,1.2504
23.837,-40.843
-49.379,2.7695
22.316,-38.543
-9.2484,-15.345
-8.8435,-18.24
-11.937,-15.638
22.724,-37.425
-49.784,1.6091
-48.942,1.0635
31.965,-6.6123
-49.965,1.7139
23.835,-40.829
-9.0213,-17.88
-11.168,-15.717
-10.071,-12.28
19.055,-17.176
22.23,-37.967
27.539,-39.68
27.7,-10.275
31.333,-7.0899
-7.5226,-17.694
25.191,-37.522
-7.4381,-17.196
23.981,-38.714
27.547,-39.631
25.548,-12.148
23.846,-40.832
22.23,-37.967
27.525,-39.637
43.025,7.4551
23.278,-38.396
-8.5956,-17.72
-9.6448,-15
28.525,-9.1563
-8.2386,-9.3644
-48.063,2.6544
27.703,-10.273
-53.192,2.5335
36.024,-2.3227
-10.513,-18.466
-5.6673,-16.235
-1.8953,-14.825
22.681,-38.244
19.437,-17.029
-8.4632,-14.602
41.655,5.2909
-53.192,2.5334
27.525,-39.637
-49.957,1.126
27.526,-39.677
-11.399,-18.179
-7.7375,-17.397
-7.5658,-13.577
22.248,-37.519
-14.197,-17.26
23.972,-37.341
26.569,-38.212
-1.8953,-14.825
31.644,-6.8313
35.996,-2.3554
32.046,-6.4339
-9.6523,-17.874
22.805,-37.672
-49.523,2.823
-51.256,2.1148
32.026,-6.436
-8.2198,-9.7811
39.148,1.5687
25.543,-12.152
27.524,-39.637
22.806,-37.672
-5.8838,-18.897
-7.8336,-14.519
-5.3012,-15.863
43.025,7.4551
25.872,-11.882
-10.864,-16.994
23.278,-38.402
-7.4687,-17.656
-9.882,-12.371
27.525,-39.637
32.046,-6.434
22.23,-39.027
25.191,-37.522
27.263,-10.704
28.339,-38.433
-6.5545,-16.71
-6.4812,-16.933
-49.156,0.81039
22.23,-37.967
23.936,-36.87
-8.2641,-18.101
43.022,7.4494
28.028,-39.792
-9.4252,-14.995
-1.8973,-14.822
21.111,-38.454
-48.126,1.7263
-9.0739,-15.444
26.097,-40.772
23.846,-40.832
34.597,-3.9344
22.077,-37.783
-49.561,1.1273
23.278,-38.378
-9.0511,-15.446
-14.197,-17.26
-9.5134,-12.363
21.118,-38.451
-8.2199,-9.7811
-8.2199,-9.7811
-50.14,3.5918
22.508,-38.956
-10.417,-16.81
22.269,-38.345
22.23,-37.967
23.278,-38.377
-14.197,-17.26
-10.135,-16.04
-49.628,2.842
-5.6692,-16.296
31.19,-7.2975
27.514,-10.036
-9.7224,-16.04
-9.247,-15.722
-9.5256,-11.838
-53.192,2.5334
-9.5797,-11.881
25.26,-12.384
22.316,-38.543
-5.588,-14.283
22.269,-38.345
23.102,-38.685
-50.319,2.1383
-50.169,0.60175
-7.3025,-18.359
-49.232,2.6695
23.98,-37.485
27.525,-39.637
43.026,7.4551
-1.8998,-14.819
34.301,-4.2592
-6.1533,-14.791
23.846,-40.832
-10.039,-16.468
36.013,-2.3347
-11.147,-16.633
27.525,-39.637
23.98,-37.485
-49.266,2.7021
18.706,-17.29
43.026,7.4555
-8.2126,-9.7733
27.547,-39.655
28.028,-39.792
22.907,-38.761
-48.193,3.3667
27.525,-39.637
22.8,-37.67
38.962,1.328
-10.851,-14.914
22.831,-38.769
-5.3012,-15.863
-10.429,-15.262
27.525,-39.637
-11.681,-16.833
21.108,-38.419
-1.8756,-14.821
22.433,-37.303
-50.873,2.2759
23.848,-40.835
26.097,-40.771
-7.1152,-14.871
27.525,-39.637
-50.665,2.4841
-7.7434,-15.133
-10.258,-14.237
-8.8507,-14.452
-50.577,2.5613
23.988,-37.499
22.223,-38.001
25.191,-37.521
23.689,-41.006
22.223,-38.001
-50.14,3.5918
20.582,-16.088
22.23,-39.027
-8.2199,-9.7811
-8.0254,-17.488
22.223,-38.001
-50.789,1.2153
-8.1692,-16.409
-14.196,-17.26
19.431,-17.032
-11.087,-15.459
25.187,-37.522
20.133,-16.449
27.524,-39.637
-49.574,2.8339
-53.192,2.5334
27.525,-39.637
-14.325,-17.798
32.046,-6.434
-53.202,2.5369
-6.4793,-16.403
-7.364,-16.961
-49.841,3.3961
-7.5728,-14.854
-6.0431,-14.141
27.546,-39.657
-49.941,2.8359
-1.8953,-14.825
28.029,-39.792
-8.1626,-15.487
27.514,-10.036
-49.303,1.7341
22.696,-37.338
-8.2641,-18.101
-49.473,3.0119
-50.735,2.4219
27.524,-39.637
-5.8839,-18.898
23.847,-40.834
25.191,-37.521
-10.357,-19.086
19.024,-17.646
-53.191,2.5335
-50.99,2.988
22.715,-37.425
21.361,-15.482
-10.622,-17.145
23.925,-41.065
-49.432,2.0529
22.09,-37.714
23.846,-40.832
22.882,-14.289
-10.406,-14.68
22.316,-38.543
22.191,-37.637
22.68,-38.247
-10.352,-15.131
-51.119,2.7338
27.525,-39.637
42.95,7.3346
23.846,-40.832
39.485,2.0163
23.038,-37.992
-50.506,1.715
25.191,-37.522
-9.4846,-15.113
21.118,-38.451
23.037,-37.992
-48.806,1.5403
20.535,-16.119
-8.2385,-9.3643
-11.454,-15.22
-8.5976,-16.781
-8.5173,-17.366
23.846,-40.832
34.25,-4.3201
-53.192,2.5334
23.85,-41.023
-49.206,1.5754
-53.241,2.5472
-50.097,1.1188
27.525,-39.637
-7.9747,-19.739
-48.126,1.7263
-10.04,-17.181
-51.387,1.0139
28.515,-9.172
31.331,-7.0919
25.928,-11.819
22.23,-37.967
22.23,-37.967
-5.5491,-17.332
-9.5103,-14.955
-50.634,3.3541
-1.8953,-14.825
-11.937,-15.638
26.091,-40.78
-50.036,2.8321
22.891,-14.283
-9.3239,-16.849
-48.767,0.78363
27.525,-39.637
-8.3429,-13.996
-53.192,2.5334
26.272,-11.525
-8.9274,-17.521
28.882,-9.1618
-50.048,0.57284
23.846,-40.832
-8.8691,-16.113
-11.695,-25.167
26.097,-40.772
26.097,-40.772
43.021,7.4492
-51.32,1.6925
23.972,-37.341
-10.156,-13.814
28.415,-38.759
-50.829,2.3257
23.102,-38.685
-7.0159,-14.873
-10.597,-14.321
32.046,-6.4339
-1.8953,-14.825
28.029,-39.792
-49.974,2.8341
-51.4,1.428
-1.8953,-14.825
-9.8821,-12.371
39.485,2.0162
-9.0712,-18.187
21.117,-38.454
25.733,-11.989
19.607,-16.914
-48.752,3.454
27.527,-39.639
21.118,-38.451
-10.597,-14.321
22.269,-38.345
-9.5134,-12.363
-8.4851,-15.237
27.525,-39.637
-9.735,-13.754
22.23,-37.967
39.485,2.0162
19.195,-17.06
23.04,-37.995
42.95,7.3345
-9.3611,-15.015
-9.257,-16.798
39.11,1.5197
23.04,-37.995
-50.458,1.9713
32.043,-6.4235
-8.8349,-15.863
-10.881,-15.156
-10.357,-19.086
-9.5967,-17.405
22.31,-37.549
-1.8953,-14.825
27.525,-39.637
-50.289,2.1645
23.847,-40.855
27.279,-38.942
19.527,-16.882
-11.277,-16.273
-53.192,2.5334
-8.7,-15.377
26.547,-38.219
20.776,-15.935
-53.191,2.5333
19.056,-17.435
-1.8952,-14.822
-9.4665,-12.347
22.23,-37.967
-5.258,-14.897
-50.809,1.3503
21.118,-38.451
26.097,-40.772
23.826,-40.822
-10.245,-14.483
23.453,-13.834
27.525,-39.637
-8.2198,-9.7811
22.803,-37.67
-7.7764,-15.091
-10.067,-17.753
-50.809,1.3503
42.306,6.313
-8.2386,-9.3642
22.803,-37.67
27.525,-39.637
-10.705,-14.664
-8.2198,-9.7811
27.525,-39.637
-53.192,2.5333
22.902,-38.761
-1.7566,-14.97
-48.126,1.7263
-7.1152,-14.871
23.245,-38.688
21.017,-15.748
-5.9079,-19.347
-6.899,-15.934
23.846,-40.832
-10.072,-14.805
38.937,1.2959
43.022,7.4493
19.033,-17.453
23.98,-37.485
-7.3574,-16.521
-5.8838,-18.897
23.073,-14.137
-8.2198,-9.7811
-50.29,1.2651
-8.2198,-9.7811
27.694,-10.272
-11.007,-18.408
26.097,-40.772
-51.065,2.9514
-1.8994,-14.821
27.294,-39.03
32.082,-6.3407
-9.0424,-12.204
39.485,2.0163
-9.2274,-16.793
22.316,-38.543
-9.5524,-16.319
22.466,-38.989
-53.191,2.5335
32.228,-6.5715
22.316,-38.543
19.12,-17.099
-49.957,1.126
18.494,-17.372
22.605,-37.458
23.807,-41.034
-1.8953,-14.825
25.934,-11.813
27.525,-39.637
27.339,-38.913
23.068,-14.141
-8.9479,-16.316
-48.943,1.0624
39.288,1.7518
-53.192,2.5334
23.871,-40.992
-9.0357,-12.203
27.525,-39.637
22.23,-37.967
-50.438,0.35868
27.525,-39.637
-9.5534,-11.452
23.846,-40.832
-48.304,1.5168
-12.301,-27.767
22.719,-38.755
-9.4952,-16.458
-8.2231,-9.8054
34.514,-4.0261
-49.523,2.823
22.223,-38.001
-7.2731,-16.332
-49.957,1.126
22.806,-37.672
-51.317,1.0512
-8.821,-13.461
-7.6682,-18.59
22.719,-38.755
-49.193,0.78684
-6.1324,-19.133
-48.796,1.6616
31.308,-7.217
-5.884,-18.898
-7.1437,-15.981
-9.3433,-17.452
-9.3671,-14.909
-1.8968,-14.833
-9.1741,-13.994
-1.8953,-14.825
20.475,-16.167
-9.042,-12.204
20.097,-16.473
-7.6439,-19.616
42.29,6.287
39.119,1.5313
-49.42,1.3575
22.109,-37.591
25.652,-12.055
32.202,-6.6011
-9.483,-17.812
23.846,-40.832
-9.3497,-13.883
32.047,-6.4338
23.278,-38.377
-53.192,2.5334
-11.515,-18.214
-9.5134,-12.363
22.76,-38.767
-5.884,-18.898
27.669,-9.6677
-5.8553,-18.87
-48.886,1.2036
34.276,-4.2891
22.313,-38.85
23.037,-37.991
-9.882,-12.371
-49.886,2.332
-7.3025,-18.359
23.278,-38.377
26.045,-11.728
-10.889,-18.24
21.716,-15.205
-51.34,1.4142
-8.2257,-9.8013
-9.8822,-12.371
28.114,-39.77
-10.708,-14.841
23.846,-40.832
23.832,-40.812
-14.748,-17.451
-14.151,-17.073
-50.533,2.629
-8.2262,-9.4682
43.024,7.4528
-8.9476,-15.37
-48.792,1.7133
23.846,-40.832
22.316,-38.543
-7.5901,-17.389
-1.8753,-14.813
30.943,-7.4934
-8.155,-14.234
-8.225,-9.468
-8.2641,-18.101
-7.3025,-18.359
-48.48,1.9397
27.547,-39.658
-8.2198,-9.7811
-9.5002,-16.847
-9.4726,-17.449
-50.29,0.65062
23.037,-37.991
-51.317,1.0512
-9.6888,-14.373
-53.192,2.5334
27.525,-39.637
-50.439,1.9063
-9.4804,-17.443
19.046,-17.735
-7.3025,-18.359
-48.807,1.5398
23.846,-40.832
27.525,-39.637
27.533,-39.645
26.097,-40.771
-9.1001,-14.861
20.942,-38.823
-8.9626,-19.248
22.831,-38.769
-5.6673,-16.235
-48.24,2.3464
-49.685,1.7438
-14.197,-17.26
-7.0316,-15.082
-9.3238,-16.18
23.935,-36.869
31.348,-7.0746
-5.8698,-19.313
32.161,-6.1662
22.316,-38.543
-9.2818,-15.724
-49.676,1.7433
26.114,-11.667
-5.3897,-13.526
-50.176,1.9322
23.98,-37.485
-53.192,2.5334
27.279,-38.942
25.737,-11.985
-9.5988,-16.33
22.607,-37.41
-8.2198,-9.7811
30.538,-7.849
34.705,-3.8149
-10.417,-16.811
23.041,-38.719
43.018,7.444
-48.24,2.3464
-10.869,-16.911
-50.291,1.2652
-10.499,-18.474
22.805,-37.672
23.936,-36.87
26.097,-40.772
20.516,-16.13
-53.191,2.5333
39.485,2.0163
-8.2392,-9.3603
-8.6281,-13.398
39.485,2.0163
43.019,7.4457
27.525,-39.637
26.097,-40.772
29.731,-8.7169
-8.4221,-17.702
32.876,-6.46
-11.689,-16.159
27.546,-39.642
26.097,-40.772
22.316,-38.543
25.191,-37.522
-7.9746,-19.738
-51.119,2.7338
-51.029,1.8769
-53.192,2.5334
27.614,-39.629
-51.322,1.5404
-49.08,3.631
-8.2392,-9.3602
-8.6193,-13.309
-53.191,2.5335
-9.4551,-15.352
28.04,-39.799
-1.8953,-14.825
-8.2199,-9.7811
-8.717,-15.12
22.266,-38.299
19.09,-17.377
-8.2205,-9.8015
-50.306,1.383
-50.634,3.3541
18.964,-17.901
28.525,-9.1565
34.608,-3.9227
23.846,-40.832
-50.29,1.2652
-8.2198,-9.7811
-1.8794,-14.815
-48.788,1.6618
19.09,-17.377
-1.8953,-14.825
25.88,-11.861
43.024,7.4525
26.235,-11.57
-48.848,2.0868
-48.942,1.063
-5.3011,-15.863
-8.9434,-14.443
28.895,-9.6511
-7.4922,-17.539
-8.2199,-9.7811
39.376,1.869
-48.798,1.67
-53.192,2.5334
-53.238,2.5394
-51.211,2.2419
23.04,-37.995
-10.281,-17.002
25.928,-11.82
-53.192,2.5334
27.282,-38.945
22.316,-38.543
-9.7703,-17.327
-1.8953,-14.825
22.656,-14.47
22.696,-37.338
39.493,2.028
23.846,-40.832
28.532,-9.1486
-7.5208,-14.383
22.269,-38.345
22.806,-37.672
-10.336,-17.645
-49.208,1.4754
-10.165,-17.083
19.021,-17.624
-8.2199,-9.7811
23.875,-36.831
25.191,-37.522
-49.339,1.4224
31.33,-7.0921
23.278,-38.402
25.954,-11.815
22.805,-37.672
-9.6765,-15.107
22.23,-37.967
-53.192,2.5334
-11.937,-15.637
-8.2198,-9.7811
22.23,-37.967
-53.192,2.5334
26.097,-40.772
-49.745,0.56314
22.269,-38.345
32.228,-6.5715
22.053,-37.623
32.226,-6.5705
-49.756,1.8708
21.319,-15.514
-10.008,-17.913
22.269,-38.345
27.524,-39.637
-7.7795,-19.944
39.376,1.8691
-8.2198,-9.7811
22.772,-38.767
19.04,-18.11
-50.435,0.71971
-49.232,2.6767
19.4,-16.923
21.741,-15.186
23.278,-38.395
39.485,2.0163
27.294,-39.03
-8.8731,-16.976
-1.8953,-14.825
-50.173,2.8013
23.846,-40.832
27.518,-39.67
-8.2199,-9.7811
-49.493,1.3335
38.939,1.2986
-48.926,1.1046
39.134,1.5506
-50.797,1.2327
23.278,-38.406
32.045,-6.4279
-50.634,3.3541
26.335,-11.464
-49.938,1.8587
-49.078,3.6301
24.001,-37.457
-9.0657,-15.816
-48.24,2.3464
-10.13,-15.921
-5.8842,-18.898
-7.3601,-16.998
23.032,-37.985
-2.1381,-14.629
-10.357,-19.086
23.884,-40.902
29.535,-8.6996
43.028,7.4605
-49.08,3.631
42.95,7.3348
21.118,-38.451
-49.88,0.55783
-8.2199,-9.7811
-53.192,2.5335
-11.937,-15.638
25.191,-37.521
-6.1324,-19.132
-50.458,1.9697
-10.537,-13.893
27.525,-39.637
19.575,-16.819
23.854,-40.847
-10.135,-16.045
-5.8838,-18.897
-6.163,-19.147
22.223,-38.001
-49.841,3.3961
-10.164,-13.98
23.846,-40.832
39.485,2.0163
-5.3927,-19.271
-9.9873,-16.491
23.326,-38.662
-10.117,-16.214
28.143,-10.042
23.142,-14.083
-7.5208,-14.383
-10.136,-16.036
22.743,-37.489
22.806,-37.672
42.946,7.328
19.716,-16.81
19.094,-17.385
23.85,-41.023
35.937,-2.4241
27.262,-10.704
-6.552,-16.702
30.942,-7.4937
22.927,-38.757
-9.0238,-12.202
-11.189,-15.268
-5.6673,-16.235
-11.943,-15.649
-8.821,-13.461
-10.022,-11.979
-8.3437,-17.729
23.013,-38.731
27.726,-39.494
-7.4933,-10.3
-10.258,-14.237
22.71,-38.937
-6.5521,-16.702
-9.4198,-13.67
26.547,-38.219
25.191,-37.521
23.85,-41.023
27.294,-39.03
25.748,-11.983
-8.2199,-9.7811
-7.6433,-19.616
-48.841,0.88666
-5.8981,-19.338
22.806,-37.672
27.7,-10.274
35.75,-2.6377
23.855,-40.827
27.527,-39.658
22.806,-37.672
31.331,-7.092
32.046,-6.4339
26.097,-40.772
-8.4203,-21.148
23.102,-38.685
34.433,-4.1177
-9.2069,-12.232
-50.278,1.6062
21.019,-15.746
-9.1911,-15.392
-10.496,-18.475
-9.2353,-16.372
20.603,-16.073
22.806,-37.672
22.806,-37.672
-50.634,3.3541
-7.3324,-16.618
-49.96,1.6433
-49.695,2.3171
26.917,-11.11
43.026,7.4551
-8.8784,-17.516
-8.9556,-15.817
21.229,-15.585
23.846,-40.832
-53.192,2.5334
-8.8167,-18.31
25.988,-11.758
27.525,-39.637
-49.57,1.202
-1.8956,-14.82
21.868,-15.087
-8.2208,-9.8085
-1.8953,-14.825
-8.6478,-13.368
-50.493,1.7002
-53.192,2.5334
27.693,-10.28
22.433,-37.303
-9.4859,-16.938
-9.4555,-17.459
27.525,-39.637
26.097,-40.771
22.146,-39.029
22.23,-39.027
23.496,-13.799
35.633,-2.7696
22.831,-38.769
28.751,-9.0518
-8.2386,-9.3638
-49.813,3.3648
-51.321,1.4861
21.807,-15.135
-49.615,2.8401
-8.821,-13.461
31.705,-6.732
-48.091,2.6753
23.875,-36.831
32.228,-6.5715
27.525,-39.637
-10.915,-17.664
-8.2385,-9.3643
-9.6038,-16.244
-49.274,1.3737
-6.6619,-15.279
23.767,-40.814
34.838,-3.6658
21.118,-38.451
-10.396,-16.871
27.525,-39.669
19.001,-18.054
-6.9568,-16.013
23.278,-38.377
23.035,-37.989
-1.8973,-14.824
43.025,7.4551
-8.0802,-14.814
19.168,-17.142
23.846,-40.832
22.318,-38.809
-8.4452,-14.029
26.284,-11.523
35.162,-3.3011
20.049,-16.487
-7.3902,-14.603
21.118,-38.451
43.022,7.4507
36.064,-2.2757
-9.5878,-17.409
25.191,-37.522
23.846,-40.832
-53.191,2.5333
-49.841,3.3961
27.565,-39.633
-50.99,2.988
23.278,-38.378
21.118,-38.451
23.266,-38.474
-49.702,2.8472
20.547,-16.114
32.046,-6.434
23.032,-37.985
-8.8696,-17.515
-8.7634,-15.116
-14.196,-17.26
-50.705,2.4491
-11.189,-15.268
23.846,-40.832
-53.191,2.5333
21.105,-38.44
25.191,-37.522
23.278,-38.377
-49.78,0.56081
22.448,-38.971
-1.9022,-14.818
33.865,-4.7337
-53.527,2.6268
-50.545,0.7948
-7.3902,-14.603
-10.052,-12.059
23.035,-37.989
-46.993,2.0074
23.875,-36.831
25.191,-37.521
-8.6455,-14.121
27.525,-39.637
-9.0423,-12.204
23.846,-40.832
-8.821,-13.461
27.294,-39.03
23.98,-37.485
25.988,-11.757
-50.533,2.6193
-8.855,-14.451
-6.1325,-19.132
27.571,-39.612
23.846,-40.832
22.805,-37.672
-9.3673,-14.453
22.247,-39.078
22.195,-37.487
-5.258,-14.897
22.269,-38.345
22.25,-38.244
35.942,-2.4181
-53.191,2.5333
23.162,-38.122
-49.751,0.56247
23.846,-40.832
19.067,-18.162
-9.0712,-18.187
-50.467,2.673
-49.618,0.58575
23.98,-37.485
-7.3044,-18.36
23.037,-37.992
26.354,-11.498
26.097,-40.772
-1.8999,-14.818
-49.991,1.7942
-49.732,1.8762
-50.493,1.6997
-53.217,2.541
-8.0569,-16.241
-50.14,3.5918
23.846,-40.832
-7.5719,-15.436
23.278,-38.396
-8.2262,-9.4678
-8.0943,-15.691
-49.794,2.8496
-7.5326,-15.572
26.163,-11.582
-48.24,2.3464
-48.886,1.2036
-53.192,2.5334
-8.8141,-14.071
-8.2198,-9.7811
-10.03,-20.112
-8.4825,-16.135
-8.2263,-9.4676
27.541,-39.658
45.225,11.079
-7.5953,-15.381
21.684,-15.23
27.501,-39.68
-51.387,1.0139
-5.258,-14.897
19.152,-17.309
-8.2198,-9.7811
-49.734,0.56436
-5.8838,-18.897
-7.6226,-15.318
-8.2427,-15.271
42.952,7.3373
23.98,-37.485
23.278,-38.402
-11.219,-18.316
40.122,2.9648
22.23,-37.967
-8.2113,-9.7554
22.23,-37.967
23.278,-38.377
21.118,-38.451
-50.768,1.1607
-1.9077,-14.821
-1.8986,-14.825
-51.266,1.9544
-49.394,0.67637
31.023,-7.3745
-8.772,-17.873
27.525,-39.637
-8.2483,-16.383
-49.432,2.053
20.567,-16.1
-48.126,1.7263
23.278,-38.395
26.115,-40.786
22.26,-37.562
20.361,-16.262
-50.28,1.2216
22.135,-37.646
-50.29,0.65069
-5.3011,-15.863
22.26,-38.824
38.883,1.2264
-8.2385,-9.3643
-7.5908,-15.387
-10.889,-18.24
-48.46,1.9426
19.977,-16.525
-10.517,-18.464
25.94,-11.819
-7.9746,-19.738
-10.501,-17.516
-8.0453,-16.241
-48.48,1.9397
-53.191,2.5333
-50.14,3.5918
-8.2344,-9.3681
23.886,-40.898
-7.6682,-18.59
38.569,0.83143
22.201,-37.627
-7.2992,-16.563
-49.669,1.7629
20.966,-15.787
-50.768,1.1607
27.525,-39.637
-7.0316,-15.082
21.091,-38.474
22.23,-37.967
-14.197,-17.26
-8.062,-15.843
-6.4874,-16.842
-14.196,-17.26
23.823,-41.032
-5.3011,-15.863
32.046,-6.4339
23.871,-40.992
19.019,-17.118
-50.872,2.2773
23.98,-37.485
23.846,-40.832
-8.9478,-13.984
-8.996,-14.906
-14.197,-17.26
23.04,-37.995
-8.0564,-14.833
-7.9746,-19.738
-7.2637,-16.744
-1.8953,-14.825
22.269,-38.345
26.547,-38.219
22.806,-37.672
-8.4982,-15.071
-7.2637,-16.508
-50.577,0.83679
32.701,-7.0667
23.826,-40.836
39.148,1.5689
-10.174,-14.896
-50.974,2.1068
35.633,-2.7696
-7.8241,-15.039
22.927,-38.757
26.088,-40.778
23.844,-40.859
22.224,-39.087
-7.2327,-16.104
-48.726,2.5444
-8.2198,-9.7811
22.805,-37.672
26.122,-11.66
-7.5561,-15.481
-48.798,1.632
-8.2201,-9.7869
35.956,-2.4006
-49.173,1.7721
27.525,-39.637
27.598,-39.576
-8.1923,-15.355
32.68,-5.935
23.744,-13.597
-9.8282,-14.627
27.525,-39.637
-50.914,0.709
27.294,-39.03
-8.664,-16.295
-8.5288,-15.734
25.191,-37.521
22.032,-14.958
-48.817,2.0033
20.061,-16.51
27.754,-10.248
20.437,-16.204
-53.191,2.5334
27.701,-10.268
27.525,-39.637
-5.6707,-16.321
22.292,-38.491
29.513,-8.7237
-51.228,2.3171
27.554,-39.651
-53.191,2.5334
-8.0423,-14.844
28.895,-9.6508
-7.7769,-15.091
-1.8953,-14.825
-50.533,2.6193
29.579,-8.8541
26.475,-11.322
22.096,-37.751
-14.325,-17.798
23.846,-40.832
-6.4793,-16.403
23.846,-40.832
-49.957,1.126
27.294,-39.03
22.269,-38.345
23.278,-38.396
20.744,-15.959
23.278,-38.396
25.925,-11.838
-7.6439,-19.616
-49.957,1.65
36.243,-2.0638
-48.091,2.6753
-7.5033,-10.426
23.98,-37.485
22.053,-37.623
35.715,-2.6773
22.223,-38.001
23.278,-38.396
21.096,-38.46
-8.2228,-14.722
39.995,2.7741
-9.2288,-15.901
-8.7351,-18.377
32.774,-6.1785
-53.192,2.5334
-49.014,2.805
-8.9475,-14.791
-9.5127,-12.363
22.223,-38.001
22.927,-38.757
-51.244,1.8787
-51.17,0.93763
23.04,-37.995
-9.9611,-15.428
27.525,-39.637
-11.47,-12.762
27.611,-39.59
-48.143,2.2943
39.485,2.0162
-49.96,1.6435
23.278,-38.377
-10.401,-15.214
-8.9165,-17.516
23.98,-37.485
21.118,-38.451
-51.4,1.428
-7.308,-16.866
-7.3276,-18.423
22.316,-38.543
-8.8956,-15.11
-51.387,1.0139
-8.2386,-9.3639
-6.9229,-14.979
23.04,-37.995
-6.0701,-19.286
-8.9175,-14.057
-53.191,2.5335
-49.755,0.5622
-49.245,1.636
-53.191,2.5335
-7.9728,-19.91
23.294,-38.699
27.525,-39.637
22.545,-39.06
-7.6682,-18.59
-7.6431,-19.615
-11.139,-15.71
-9.8822,-12.371
27.525,-39.637
-49.448,2.2261
23.714,-37.3
32.026,-6.436
26.099,-40.803
21.118,-38.451
-53.179,2.53
18.303,-17.5
-50.592,3.425
22.797,-14.358
-1.9077,-14.821
25.669,-12.041
26.045,-11.728
21.66,-15.25
22.831,-38.769
26.889,-10.956
20.443,-16.199
27.538,-39.64
-49.198,0.78353
-49.661,1.7775
27.795,-39.664
32.046,-6.4341
-8.4208,-18.453
-51.344,1.7388
-9.1084,-14.437
43.022,7.4507
-9.427,-14.465
23.929,-36.865
-48.499,1.3481
27.745,-39.518
-14.325,-17.798
-10.409,-17.668
35.996,-2.3554
-49.432,2.0529
-8.2386,-9.365
-10.077,-17.579
-9.4873,-16.465
22.831,-38.769
31.64,-6.8045
21.11,-38.46
23.696,-40.88
-7.9745,-19.738
-48.399,1.2504
22.831,-38.769
-7.5461,-19.639
-50.435,3.0512
19.736,-16.73
27.514,-10.036
-5.5596,-16.461
23.875,-36.831
23.956,-37.416
32.046,-6.4342
23.846,-40.832
27.525,-39.637
-1.8953,-14.825
-7.1152,-14.871
-8.2262,-9.4679
-11.164,-16.073
-13.877,-18.122
22.172,-14.849
-50.514,1.8356
36.503,-1.7411
-10.986,-16.56
-50.61,0.86794
28.742,-9.1057
27.525,-39.637
26.195,-11.606
-50.435,0.71975
-8.0138,-19.747
-9.6826,-15.96
26.097,-40.772
-48.54,1.0563
-9.9812,-17.192
22.292,-38.491
29.193,-9.5046
-10.008,-17.913
-50.597,0.85547
22.23,-39.027
22.831,-38.769
23.862,-40.868
-1.8953,-14.825
19.427,-16.899
27.525,-39.637
27.339,-38.913
22.907,-38.761
32.046,-6.4339
19.09,-17.377
-9.753,-17.986
-50.477,2.6642
22.831,-38.769
-14.301,-17.804
25.185,-37.522
-9.7438,-16.763
23.936,-36.87
27.547,-39.628
-14.197,-17.26
-48.795,1.6636
22.831,-38.769
27.593,-39.61
-50.305,0.65272
-10.325,-18.946
-7.4359,-17.193
