-42.836,15.516
-114.17,-78.221
-11.178,-14.541
-38.645,16.227
-17.052,-43.45
-50.626,-130.53
83.239,-74.812
-17.052,-43.45
-34.12,19.194
-52.123,-128.21
-19.842,-167.57
-20.17,-44.446
-40.945,13.99
102.41,-140.09
48.741,-144.3
-37.508,19.811
-77.127,-89.976
138.92,-109.88
-12.096,-50.684
-3.2113,-40.779
99.05,-122.53
-19.995,-57.953
-53.734,-125.65
130.98,72.835
153.99,89.175
-49.169,-132.76
82.144,-72.658
125.94,70.208
-84.47,-88.209
102.38,-91.386
-36.964,17.365
-140.06,3.5663
47.953,-87.255
134.49,-60.441
-27.479,-138.1
55.142,-53.865
136,-15.591
-43.268,-113.22
-17.052,-43.45
-14.725,-38.908
-18.418,-41.466
-34.12,19.194
-34.12,19.194
-17.821,-57.084
117.69,-35.846
93.867,48.855
140.79,32.779
153.88,23.318
108.53,111.66
120.23,29.202
-20.632,-151.84
125.74,-20.401
89.023,66.55
125.44,5.0652
42.255,-130.21
28.495,-146.56
59.089,-117.79
28.495,-146.56
114.68,81.778
114.81,48.728
22.796,-147
78.105,-62.219
63.673,-53.429
100.78,73.53
120.54,55.784
1.5275,-159.14
114.73,109.93
83.755,63.902
-52.234,-60.656
152.42,-10.446
-42.231,17.942
115.59,53.811
69.53,80.467
134.59,-47.854
-33.822,21.616
-19.79,-120.9
139.88,52.241
-67.023,-82.593
160.16,-75.955
-34.12,19.194
-34.12,19.194
-39.411,20.216
-16.073,-51.851
131.05,-43.007
146.32,31.646
111.8,-98.545
133.43,44.233
-21.618,-122.61
-24.071,-122.16
-21.163,-85.488
135.19,56.474
-34.12,19.194
-39.411,20.216
119.62,-68.556
105.69,-130.48
-34.12,19.194
-49.46,12.649
112.4,-35.285
-36.095,17.634
-17.052,-43.45
-34.583,-76.643
-14.802,-50.262
-1.3327,-117.46
-34.12,19.194
-34.12,19.194
-32.516,16.303
-34.12,19.194
127.15,37.374
91.428,-46.835
113.51,-109.75
-34.12,19.194
-35.696,21.179
-37.187,18.37
-34.12,19.194
-36.095,17.634
-15.968,-46.952
-18.075,-50.648
-34.12,19.194
78.813,62.999
-34.12,19.194
145.7,-84.574
-17.819,-53.257
-52.597,-45.329
139.65,16.761
-36.633,19.273
-34.12,19.194
127.84,42.698
93.325,-42.506
78.903,72.597
126.37,-92.778
-121.23,-70.995
-34.12,19.194
-16.292,-45.923
-34.12,19.194
145.67,90.337
-34.12,19.194
-34.12,19.194
-34.12,19.194
-85.275,-41.354
5.1734,-59.409
-114.42,-65.856
2.7352,-35.968
-21.618,-122.61
-34.12,19.194
-17.052,-43.45
-17.052,-43.45
-17.052,-43.45
-17.052,-43.449
-85.087,-115.14
-17.052,-43.45
-37.196,18.962
-34.12,19.194
111.59,-63.735
116.55,59.501
-36.964,17.365
-38.229,11.481
147.85,-44.431
-21.618,-122.61
-43.116,4.7499
129.42,91.496
104.36,-98.656
-18.255,-58.907
143.08,104.04
-39.411,20.216
118.16,-26.041
-151.86,-41.89
150.88,-78.35
107.23,-121.41
138.57,46.53
-92.586,-48.606
-34.12,19.194
-34.12,19.194
-63.955,-54.505
135.03,-22.814
-36.964,17.365
80.156,-92.76
168.93,36.635
-35.794,16.32
85.203,-96.698
128.6,98.518
-34.12,19.194
106.6,95.181
-21.618,-122.61
112.06,-28.658
-34.12,19.194
133.73,24.303
-27.096,25.974
108.04,89.621
-36.437,20.243
160.26,61.628
132.08,-12.52
109,-123.1
134.23,7.5884
87.537,-97.226
112.04,-43.365
174.3,6.5996
96.187,-130.97
-27.859,-117.91
119.37,84.973
151.92,15.245
-34.12,19.194
-40.945,13.99
-34.12,19.194
-143.17,23.555
-135.03,38.307
-137.43,37.709
-134.08,13.907
-135.03,38.307
31.599,-75.369
88.28,-28.904
94.5,-5.9168
-148.97,93.809
110.03,123.09
132.9,119.28
-166.99,43.266
108.9,-93.361
-21.618,-122.61
-34.12,19.194
-33.638,15.908
151.09,17.52
137.99,40.102
-34.12,19.194
142.09,-6.3393
123.36,94.478
-34.12,19.194
-36.113,20.8
-34.12,19.194
-34.12,19.194
-34.12,19.194
-34.12,19.194
112.59,-26.378
-34.12,19.194
-34.12,19.194
-34.12,19.194
-34.12,19.194
148.68,42.92
96.187,-130.97
-34.12,19.194
-45.552,8.4105
-34.12,19.194
-34.12,19.194
-34.12,19.194
101.9,-79.925
-38.229,11.481
-35.34,19.445
-34.12,19.194
171.97,51.562
-35.633,22.315
-34.12,19.194
-34.12,19.194
-34.12,19.194
120.23,79.178
-34.12,19.194
-113.33,40.382
-32.945,28.417
98.382,80.022
-17.473,-128.69
159.52,-2.2923
-34.12,19.194
-44.67,19.351
169.18,-54.119
-36.371,18.135
-34.12,19.194
158.29,18.585
153.34,-70.827
-37.187,18.37
99.808,79.268
134.54,95.246
-34.12,19.194
112.12,3.5369
85.43,-25.219
-17.052,-43.45
123.47,24.507
161.53,-58.096
101.34,-35.3
-34.12,19.194
-34.12,19.194
-15.198,-73.913
-34.12,19.194
-34.121,19.194
125.38,-122.81
-32.504,16.287
-34.121,19.194
-15.198,-73.913
-14.165,-76.288
-15.541,-70.503
-34.12,19.194
-34.12,19.194
-15.198,-73.913
104.36,-98.656
-19.651,-70.981
-15.198,-73.913
96.642,-46.818
-33.596,16.733
-15.198,-73.913
-34.12,19.194
137.2,11.922
-15.198,-73.913
-37.508,19.811
-17.297,-75.372
95.464,74.528
-15.198,-73.913
-15.198,-73.913
-34.12,19.194
-34.12,19.194
-15.198,-73.913
-36.125,20.763
-15.198,-73.913
155.15,-85.468
136.86,-47.033
-34.12,19.194
-34.12,19.194
-34.121,19.194
-15.198,-73.913
-15.198,-73.913
-29.141,27.155
76.893,-99.717
-36.61,19.756
-15.198,-73.913
-15.198,-73.913
-15.198,-73.913
-21.618,-122.61
-34.12,19.194
-34.12,19.194
120.92,-106.27
-15.198,-73.913
-34.12,19.194
-17.052,-43.45
-17.052,-43.45
-17.052,-43.45
-17.052,-43.45
-17.052,-43.45
-34.12,19.194
-34.12,19.194
-21.618,-122.61
-34.12,19.194
-21.618,-122.61
-34.12,19.194
135.68,62.917
-34.12,19.194
-34.12,19.194
-34.12,19.194
-34.12,19.194
132.17,-7.112
-34.12,19.194
107.94,-78.424
-37.744,29.197
-34.12,19.194
-35.766,17.292
-34.12,19.194
-34.12,19.194
-34.12,19.194
-34.12,19.194
-34.121,19.194
-34.12,19.194
-34.12,19.194
116.6,65.254
145.51,48.902
-131.9,-61.321
-37.508,19.811
-34.12,19.194
-34.12,19.194
137.5,-54.409
111.41,98.917
-102.52,-57.672
-34.12,19.194
143.22,-49.42
-115.81,-57.711
139.53,5.8648
100.6,-86.251
-34.12,19.194
-34.378,16.705
-32.907,22.315
-34.12,19.194
-34.12,19.194
-34.12,19.194
-53.827,22.973
132.49,13.853
-34.12,19.194
-39.411,20.216
101.9,-79.925
34.542,-109.33
-41.912,25.227
-35.795,16.319
-36.371,18.135
-36.437,20.243
-34.12,19.194
143.43,-77.232
-34.12,19.194
125.28,82.267
-34.12,19.194
125.55,76.165
-33.822,21.616
96.187,-130.97
-4.8112,-61.799
-42.871,21.131
136.41,75.49
-37.187,18.37
-47.954,7.8241
140.34,59.047
-86.554,-69.235
-41.743,22.864
134.99,102.6
-35.766,17.292
-34.12,19.194
113.64,87.381
-34.12,19.194
105.5,-81.969
152.32,48.211
148.11,-62.245
1.6053,-146.02
129.96,54.379
-22.819,-129.79
-42.231,17.942
131.42,-18.744
-34.12,19.194
-99.928,-50.017
-36.437,20.243
-28.726,-125.67
161.42,39.905
-34.786,21.765
-34.12,19.194
-34.12,19.194
147.83,-70.516
-14.15,-122.64
-36.437,20.243
-33.383,16.788
114.47,129.43
-34.12,19.194
94.616,58.668
-34.12,19.194
110.4,51.403
-118.3,-23.677
-34.12,19.194
-19.371,-44.004
-16.292,-45.923
-19.371,-44.004
-13.678,-56.485
163.65,3.9409
142.98,43.355
-34.11,15.887
-28.272,12.43
-34.12,19.194
119.34,115.29
83.099,-21.17
-35.862,27.921
168.17,62.008
-60.276,6.4326
-40.895,11.329
-56.818,17.664
-34.786,21.765
-21.618,-122.61
-34.12,19.194
-34.12,19.194
152.99,60.785
-55.855,10.712
136.82,-40.847
-36.14,21.773
112.49,-86.593
-34.12,19.194
-137.66,47.701
-68.005,-112.79
142.64,26.927
110.62,104.87
46.348,-92.341
151.93,30.219
-32.883,16.995
104.83,-73.018
-161.16,0.8891
-161.16,0.8891
-161.16,0.8891
4.1288,-110.52
-13.475,-39.686
94.844,-66.041
-26.214,-49.377
-8.9882,-40.963
94.844,-66.041
-13.475,-39.686
-4.9751,-39.57
91.01,-59.306
19.343,-159.62
-30.407,-53.253
-20.43,-45.571
-13.475,-39.686
-30.143,-55.869
1.7741,-111.14
-13.475,-39.686
-13.475,-39.686
-26.214,-49.377
-20.43,-45.571
-13.475,-39.686
96.414,-64.134
-26.214,-49.377
93.31,-67.972
-13.475,-39.686
148.35,74.694
126.11,113.81
-34.12,19.194
111.97,57.37
-21.618,-122.61
-34.12,19.194
141.56,65.247
137.5,-54.409
111.09,68.086
134.87,18.733
-34.49,29.85
129.44,48.381
157.12,54.362
106.44,65.759
103.63,86.188
126.52,-0.17788
-48.957,-55.931
-20.43,-45.571
-20.43,-45.571
-20.43,-45.571
94.524,-60.348
-20.43,-45.571
-20.43,-45.571
99.67,-20.934
-25.683,-43.256
-20.43,-45.571
94.844,-66.041
10.198,-74.292
-34.12,19.194
-31.447,18.33
-17.052,-43.449
-17.809,-45.814
-17.052,-43.45
-43.196,-74.12
57.302,-128
-17.052,-43.45
-34.12,19.194
-73.432,-78.625
72.891,-117.65
-28.01,19.444
-101.42,-35.093
-28.01,19.444
-19.5,-43.672
-104.02,-35.829
-17.844,-41.185
-21.003,-43.208
10.198,-74.292
-124.38,-80.111
-0.92992,-37.366
142.3,10.627
110.68,73.383
-19.138,-46.757
130.55,60.364
-20.17,-44.446
104.62,-50.304
139.95,-90.649
148.26,-5.7058
-19.565,-41.842
-43.628,-144.43
-16.075,-40.378
-16.636,-55.476
150.64,54.317
-20.17,-44.446
110.1,78.751
-19.138,-46.757
119.87,50.13
-14.492,-45.787
-17.052,-43.45
-17.052,-43.45
143.6,37.638
-20.17,-44.446
-19.2,-46.588
117.24,-127.59
-17.052,-43.45
-84.817,-50.757
109.01,84.053
-17.052,-43.45
132.27,38.784
129.69,-80.445
-18.849,-41.866
93.031,78.954
159.4,81.528
87.817,79.948
167.05,9.5315
-17.51,-47.098
-26.214,-49.377
-26.214,-49.377
-26.214,-49.377
-26.214,-49.377
-26.214,-49.377
-26.214,-49.377
-26.214,-49.377
-26.214,-49.377
-26.214,-49.377
-26.214,-49.377
-26.214,-49.377
-26.214,-49.377
-26.214,-49.377
-26.214,-49.377
-26.214,-49.377
-26.214,-49.377
116.47,-117.07
-25.701,-47.483
-26.214,-49.377
-45.862,-48.827
-26.214,-49.377
-27.812,-48.261
-26.214,-49.377
-26.214,-49.377
-28.946,-48.644
-26.214,-49.377
121.67,-113.82
-26.214,-49.377
-29.412,-47.746
-26.214,-49.377
-28.573,-49.707
-26.214,-49.377
-26.214,-49.377
-26.214,-49.377
-23.701,-48.952
-26.214,-49.377
-26.214,-49.377
-27.385,-46.908
-26.214,-49.377
-26.214,-49.377
-26.214,-49.377
-26.214,-49.377
-28.449,-47.226
-26.214,-49.377
-26.214,-49.377
-26.214,-49.377
-26.214,-49.377
-19.591,-51.469
-110.12,-95.977
-155.86,42.985
146.42,-101.16
-47.954,7.8241
24.327,-138.74
-52.763,-132.11
-17.052,-43.45
149.88,81.991
147.73,10.295
-35.354,10.731
156.75,3.2121
-16.918,-47.327
139.36,-19.427
136.97,88.894
64.61,-120.06
95.01,-146.15
135.91,34.765
-18.03,-54.968
-17.819,-53.257
-16.292,-45.923
140.02,112.11
-36.22,-85.57
105.95,70.889
16.509,-33.696
107.81,60.965
-50.626,-130.53
-12.983,-112.92
126.85,-100.62
-17.052,-43.45
-4.3845,-123.3
115.82,70.624
40.683,-122.42
-17.052,-43.45
83.239,-74.812
144.88,55.166
-48.326,-129.2
-10.321,-46.684
-7.1849,-54.546
-7.1849,-54.546
142.64,84.442
142.22,-42.689
141.04,-12.87
142.37,78.005
-17.052,-43.45
-17.052,-43.45
-17.052,-43.45
-15.907,-47.401
-18.418,-41.466
-17.911,-40.547
122.51,130.79
105.43,76.055
71.834,-35.607
-11.411,-36.199
-11.411,-36.199
-11.411,-36.199
-11.411,-36.199
-13.546,-37.221
-11.411,-36.199
-11.411,-36.199
-11.41,-36.199
-11.411,-36.199
-11.411,-36.199
-11.528,-32.155
-11.411,-36.199
0.86038,35.143
-11.411,-36.199
-17.052,-43.45
-166.24,56.544
-17.052,-43.45
-17.052,-43.449
106.83,47.848
-157.59,59.291
-17.052,-43.45
48.95,-46.043
68.278,-50.313
-17.052,-43.45
98.406,85.567
-160.58,51.091
-162.61,66.756
-147.27,58.636
-14.286,-43.907
39.647,-52.978
59.361,-51.016
-17.052,-43.45
-14.286,-43.907
-30.639,-74.751
-155.39,33.993
46.558,-59.397
5.6428,-170.78
48.95,-46.043
-14.286,-43.907
-17.052,-43.45
-5.2307,-45.81
-5.2307,-45.81
-20.43,-45.571
-10.241,-43.52
-17.052,-43.449
-5.2307,-45.81
-14.286,-43.907
-11.967,-48.281
-17.052,-43.45
-17.052,-43.45
-17.26,-41.04
-5.2307,-45.81
40.685,-71.316
-17.052,-43.45
40.685,-71.316
-139.42,75.331
48.95,-46.043
-139.42,75.331
-17.052,-43.45
48.95,-46.043
-139.42,75.331
-139.42,75.331
48.95,-46.043
-138.95,68.933
-139.95,77.761
124.24,88.197
48.95,-46.043
-17.052,-43.449
-17.052,-43.45
-17.052,-43.45
-15.135,-41.235
-18.343,-137.43
-14.286,-43.907
-17.052,-43.449
-13.475,-39.686
-17.052,-43.45
70.11,-129.21
-13.475,-39.686
-10.241,-43.52
-17.052,-43.45
-17.052,-43.45
-17.052,-43.45
-10.241,-43.52
-24.561,-36.901
-20.176,-40.989
-20.176,-40.989
-17.052,-43.45
83.933,-143.43
-17.052,-43.45
-24.561,-36.901
-17.052,-43.45
-13.475,-39.686
-24.124,-52.36
70.11,-129.21
-17.052,-43.45
-21.75,-32.982
-17.052,-43.45
-24.561,-36.901
-19.033,-40.931
-19.45,-43.855
-20.43,-45.571
-17.052,-43.45
-27.343,-35.927
-20.176,-40.989
-10.241,-43.52
-17.052,-43.449
-17.052,-43.45
-13.475,-39.686
-20.434,-42.522
-17.26,-41.04
-17.052,-43.45
-17.052,-43.45
-7.7197,-45.63
-17.052,-43.45
-21.75,-32.982
-17.052,-43.45
-20.176,-40.989
-24.561,-36.901
-14.286,-43.907
-10.241,-43.52
-17.052,-43.45
-11.967,-48.281
-17.052,-43.45
-17.052,-43.45
-10.241,-43.52
-16.607,-40.541
-17.052,-43.45
-17.052,-43.45
-20.434,-42.522
-17.052,-43.45
-20.434,-42.522
-17.052,-43.449
-24.561,-36.901
-20.176,-40.989
-5.2307,-45.81
-10.241,-43.52
-14.286,-43.907
-24.561,-36.901
-17.052,-43.45
-10.241,-43.52
-23.833,-67.663
-14.286,-43.907
-24.561,-36.901
-20.434,-42.522
131.6,-1.7553
-17.052,-43.45
-17.052,-43.45
-10.241,-43.52
-20.176,-40.989
-10.241,-43.52
-10.241,-43.52
-17.052,-43.45
-24.561,-36.901
-17.052,-43.45
-10.241,-43.52
-17.052,-43.45
-5.2307,-45.81
-17.052,-43.449
-24.561,-36.901
-17.052,-43.45
-10.241,-43.52
-13.475,-39.686
-20.434,-42.522
-10.241,-43.52
-17.052,-43.45
-14.286,-43.907
-10.241,-43.52
-17.26,-41.04
-17.052,-43.45
-5.2307,-45.81
-17.052,-43.45
59.248,-134.12
-15.22,-41.89
-17.052,-43.45
-17.26,-41.04
-17.052,-43.449
-20.434,-42.522
-17.052,-43.45
-24.561,-36.901
-10.241,-43.52
-24.561,-36.901
-17.052,-43.45
-17.052,-43.45
-24.561,-36.901
-17.052,-43.45
-10.241,-43.52
-17.052,-43.45
-10.241,-43.52
-26.998,-43.182
-17.052,-43.45
-17.052,-43.45
-17.052,-43.45
-17.052,-43.45
-17.052,-43.45
-17.052,-43.45
-14.286,-43.907
-17.052,-43.45
-13.475,-39.686
-17.052,-43.45
-17.26,-41.04
-17.052,-43.45
-17.052,-43.45
-10.241,-43.52
-20.176,-40.989
-10.241,-43.52
-24.561,-36.901
-30.075,-35.475
117.51,122.37
148.28,25.153
128.65,24.837
38.361,-169.83
165.05,16.782
8.9346,-163.24
112.51,93.165
112.18,62.98
50.212,-151.07
148.55,-92.237
12.277,-162.25
29.911,-137.73
90.794,-139.12
-14.286,-43.907
-17.052,-43.45
117.3,96.972
117.34,-45.547
29.531,-156.19
77.021,-147.36
122.27,100.97
163.26,70.887
125.47,58.149
116.43,103.32
148.29,67.746
157.79,28.066
152.36,7.478
57.985,-163.69
170.91,22.652
147.21,-38.223
121.17,61.742
66.453,-108.95
-43.634,-29.046
66.453,-108.95
-43.634,-29.046
162.65,23.436
-43.634,-29.046
-43.634,-29.046
-24.561,-36.901
-43.634,-29.046
66.453,-108.95
66.453,-108.95
-43.634,-29.046
-74.372,-108.69
-24.561,-36.901
-43.634,-29.046
-43.634,-29.046
-43.634,-29.046
66.453,-108.95
-43.634,-29.046
-10.241,-43.52
64.917,-135.06
-11.081,-134.61
66.453,-108.95
-43.634,-29.046
-43.634,-29.046
-43.634,-29.046
-24.561,-36.901
145.72,-55.544
-43.634,-29.046
-24.561,-36.901
-43.634,-29.046
14.7,-146.67
126.3,-85.986
-24.561,-36.901
-43.634,-29.046
-24.561,-36.901
66.453,-108.95
66.659,-160.1
-10.241,-43.52
-26.251,-34.422
-43.634,-29.046
-24.561,-36.901
64.917,-135.06
122.95,-47.278
-26.251,-34.422
-24.561,-36.901
66.453,-108.95
-24.561,-36.901
-43.634,-29.046
-43.634,-29.046
-43.634,-29.046
145.23,4.8781
66.453,-108.95
-24.561,-36.901
66.453,-108.95
-20.434,-42.522
-43.634,-29.046
-24.561,-36.901
-24.561,-36.901
-43.634,-29.046
-24.561,-36.901
-24.561,-36.901
-43.634,-29.046
-10.241,-43.52
-44.78,-26.816
-43.634,-29.046
-43.634,-29.046
-43.634,-29.046
-43.634,-29.046
-24.561,-36.901
66.453,-108.95
-15.913,-102.46
-24.561,-36.901
94.424,-115.87
78.913,77.483
-43.634,-29.046
-43.634,-29.046
-10.241,-43.52
-19.256,-44.412
47.058,-165.55
-19.256,-44.412
-19.256,-44.412
-19.256,-44.412
-37.477,-120.06
-19.256,-44.412
-15.778,-53.747
-6.757,-41.54
-43.634,-29.046
-43.634,-29.046
-43.634,-29.046
-43.634,-29.046
-43.634,-29.046
-43.634,-29.046
-6.757,-41.54
-18.642,-45.255
-43.634,-29.045
-43.634,-29.046
-43.634,-29.046
-43.634,-29.046
-43.634,-29.046
-43.634,-29.046
-43.634,-29.046
-6.757,-41.54
-43.634,-29.046
-43.634,-29.046
-43.634,-29.046
-43.634,-29.046
-43.634,-29.046
-43.634,-29.046
1.4543,-42.105
-43.634,-29.046
-43.634,-29.046
-46.114,-29.41
-43.634,-29.046
-6.757,-41.54
-43.634,-29.046
-43.634,-29.046
-43.634,-29.046
-43.634,-29.046
-43.634,-29.046
-43.634,-29.046
-43.634,-29.046
-43.634,-29.046
-43.634,-29.046
-43.634,-29.046
-13.475,-39.686
-43.634,-29.046
-43.634,-29.046
-43.634,-29.046
-43.634,-29.046
-43.634,-29.046
29.51,-125.14
-43.634,-29.046
-6.757,-41.54
-43.634,-29.046
-43.634,-29.046
-43.634,-29.046
-43.634,-29.046
-43.634,-29.046
-17.052,-43.45
-43.634,-29.046
-43.634,-29.046
-43.634,-29.046
-43.634,-29.046
-43.634,-29.046
-43.634,-29.046
-20.191,-43.32
66.453,-108.94
-43.634,-29.046
-17.052,-43.45
-43.634,-29.046
-43.634,-29.046
-43.634,-29.046
-6.757,-41.54
119.06,-59.892
-12.685,-33.929
-11.411,-36.199
-11.411,-36.199
-11.411,-36.199
-13.825,-35.169
119.06,-59.892
-11.411,-36.199
35.699,-100.8
35.699,-100.8
-11.095,-25.901
-11.411,-36.199
-11.411,-36.199
-11.411,-36.199
35.699,-100.8
-13.851,-34.572
-11.411,-36.199
-11.411,-36.199
34.542,-109.33
-11.411,-36.199
-11.095,-25.901
-8.834,-35.986
35.699,-100.8
-11.411,-36.199
35.699,-100.8
-11.411,-36.199
-11.095,-25.901
-11.411,-36.199
-11.411,-36.199
35.699,-100.8
-11.411,-36.199
35.699,-100.8
35.699,-100.8
-11.411,-36.199
-11.411,-36.199
-11.411,-36.199
32.623,-111.06
83.588,-135.68
-13.944,-35.581
-11.411,-36.199
-11.411,-36.199
-11.411,-36.199
35.699,-100.8
-13.929,-42.309
-11.411,-36.199
-11.411,-36.199
-11.411,-36.199
37.792,-99.383
36.865,-110.68
-11.411,-36.199
-11.411,-36.199
-11.41,-36.199
-11.411,-36.199
-11.411,-36.199
-11.411,-36.199
-17.052,-43.45
119.06,-59.892
-11.41,-36.199
-11.41,-36.199
35.699,-100.8
-63.049,-69.356
-11.411,-36.199
-11.411,-36.199
32.623,-111.06
-11.411,-36.199
-11.411,-36.199
-11.411,-36.199
119.06,-59.892
-11.41,-36.199
-11.41,-36.199
-11.41,-36.199
35.699,-100.8
-11.411,-36.199
-11.095,-25.901
-11.411,-36.199
-11.411,-36.199
32.623,-111.06
35.699,-100.8
129.65,-64.35
-11.41,-36.199
75.002,-136.18
35.699,-100.8
35.699,-100.8
133.48,-103.8
-11.411,-36.199
-12.619,-33.333
34.374,-98.649
-10.674,-31.459
-11.411,-36.199
35.699,-100.8
-11.411,-36.199
-11.411,-36.199
-11.411,-36.199
-13.028,-34.169
-11.411,-36.199
-17.052,-43.45
76.451,-138.16
-11.095,-25.901
-11.411,-36.199
35.699,-100.8
119.06,-59.892
35.699,-100.8
-11.411,-36.199
-11.411,-36.199
-11.411,-36.199
-11.411,-36.199
-13.825,-35.169
35.699,-100.8
-11.411,-36.199
35.699,-100.8
-10.007,-33.772
-11.411,-36.199
-11.411,-36.199
-63.049,-69.356
35.699,-100.8
35.699,-100.8
-11.411,-36.199
32.623,-111.06
119.06,-59.892
35.699,-100.8
-11.411,-36.199
-6.5487,-28.533
-8.834,-35.986
-11.411,-36.199
-11.411,-36.199
-17.052,-43.45
-11.411,-36.199
-63.049,-69.356
-11.411,-36.199
-11.411,-36.199
-14.648,-41.635
-8.834,-35.986
-11.411,-36.199
-11.411,-36.199
-10.007,-33.772
-63.049,-69.356
-11.411,-36.199
-5.5883,-36.821
-63.049,-69.356
-8.834,-35.986
-13.87,-36.516
-11.411,-36.199
-11.411,-36.199
-11.411,-36.199
-63.049,-69.356
-8.834,-35.986
-11.411,-36.199
-11.411,-36.199
-11.411,-36.199
-11.411,-36.199
-11.411,-36.199
-11.411,-36.199
-11.411,-36.199
-11.411,-36.199
121,40.454
-11.411,-36.199
-11.411,-36.199
-63.049,-69.356
-11.411,-36.199
-14.851,-42.44
-11.411,-36.199
-12.685,-33.929
-11.411,-36.199
-8.834,-35.986
-8.834,-35.986
-8.834,-35.986
-11.411,-36.199
-8.834,-35.986
-11.411,-36.199
1.9412,-27.762
-11.41,-36.199
-8.834,-35.986
-11.41,-36.199
-11.411,-36.199
-11.411,-36.199
-8.834,-35.986
-11.318,-33.504
-63.049,-69.356
-11.411,-36.199
-10.007,-33.772
-11.411,-36.199
-11.411,-36.199
-11.411,-36.199
-11.411,-36.199
-12.69,-33.935
-11.411,-36.199
-13.87,-36.516
-11.411,-36.199
-11.411,-36.199
-8.834,-35.986
-8.834,-35.986
-2.265,-23.498
-8.834,-35.986
-11.411,-36.199
-5.9489,-34.459
-11.411,-36.199
-11.41,-36.199
-8.834,-35.986
-11.411,-36.199
-63.049,-69.356
-8.834,-35.986
-11.411,-36.199
-11.411,-36.199
-11.411,-36.199
-6.5487,-28.533
-11.411,-36.199
-11.865,-33.599
-11.411,-36.199
-11.411,-36.199
-11.411,-36.199
-11.411,-36.199
55.416,-47.753
-11.411,-36.199
-11.411,-36.199
-11.411,-36.199
-8.834,-35.986
-8.834,-35.986
-11.411,-36.199
-10.743,-33.616
-11.411,-36.199
-11.865,-33.599
-11.411,-36.199
-11.411,-36.199
-11.411,-36.199
-11.411,-36.199
-63.049,-69.356
-11.411,-36.199
-11.411,-36.199
-11.411,-36.199
-11.411,-36.199
-13.964,-35.797
-11.411,-36.199
-11.411,-36.199
-17.052,-43.45
-13.364,-34.48
-11.411,-36.199
118.78,41.561
-17.052,-43.45
-25.449,-77.642
-11.411,-36.199
118.78,41.561
-8.834,-35.986
-8.834,-35.986
-11.411,-36.199
-11.411,-36.199
-11.411,-36.199
-63.049,-69.356
-8.834,-35.986
-11.265,-55.917
-11.411,-36.199
-11.411,-36.199
-11.411,-36.199
-11.411,-36.199
-20.43,-45.571
-11.411,-36.199
-11.411,-36.199
-11.411,-36.199
-11.411,-36.199
116.53,42.579
-11.411,-36.199
-8.834,-35.986
-11.411,-36.199
-11.411,-36.199
-11.411,-36.199
-11.411,-36.199
-11.411,-36.199
-11.411,-36.199
-11.411,-36.199
-8.834,-35.986
-11.411,-36.199
-11.411,-36.199
-13.364,-34.48
-17.052,-43.45
-11.411,-36.199
-11.411,-36.199
-11.41,-36.199
-8.834,-35.986
-8.834,-35.986
-11.411,-36.199
-11.411,-36.199
-11.411,-36.199
-8.834,-35.986
-11.41,-36.199
-11.411,-36.199
-20.43,-45.571
-11.41,-36.199
-11.41,-36.199
-11.411,-36.199
-8.834,-35.986
-8.834,-35.986
-11.318,-33.504
-8.834,-35.986
-8.834,-35.986
-10.007,-33.772
-11.41,-36.199
-11.411,-36.199
-17.052,-43.45
-11.41,-36.199
-63.049,-69.356
-8.834,-35.986
-11.265,-55.917
-6.5487,-28.533
-11.41,-36.199
-11.411,-36.199
-17.052,-43.45
-11.41,-36.199
-11.41,-36.199
-11.411,-36.199
-8.834,-35.986
-8.834,-35.986
-11.411,-36.199
-11.411,-36.199
-11.411,-36.199
-8.834,-35.986
-11.411,-36.199
-11.411,-36.199
-5.7201,-35.861
-11.411,-36.199
-11.411,-36.199
-11.865,-33.599
-11.411,-36.199
-11.411,-36.199
-11.411,-36.199
-11.411,-36.199
-11.411,-36.199
-11.411,-36.199
-63.049,-69.356
-11.411,-36.199
-11.411,-36.199
-11.411,-36.199
-8.834,-35.986
-8.834,-35.986
-10.007,-33.772
-11.411,-36.199
-11.411,-36.199
-17.052,-43.45
-11.411,-36.199
-11.411,-36.199
-6.5487,-28.533
-11.411,-36.199
-11.411,-36.199
-20.43,-45.571
-11.411,-36.199
-13.964,-35.797
-8.834,-35.986
-11.411,-36.199
-11.411,-36.199
-13.364,-34.48
-63.049,-69.356
-10.674,-31.459
-11.41,-36.199
-11.411,-36.199
-11.411,-36.199
118.78,41.561
-11.865,-33.599
-69.263,-89.374
-11.411,-36.199
-11.411,-36.199
-11.411,-36.199
-63.049,-69.356
-13.27,-33.77
-11.411,-36.199
-11.411,-36.199
-11.411,-36.199
-11.411,-36.199
-8.834,-35.986
-10.743,-33.616
-8.834,-35.986
-11.411,-36.199
-8.834,-35.986
-11.411,-36.199
-1.687,-31.595
-11.411,-36.199
-10.007,-33.772
-17.052,-43.45
-11.411,-36.199
-11.411,-36.199
-63.049,-69.356
-8.834,-35.986
-8.834,-35.986
-8.834,-35.986
-17.052,-43.45
-11.265,-55.917
-11.411,-36.199
-11.411,-36.199
-4.8319,-35.303
150.48,1.7016
-5.9489,-34.459
-11.411,-36.199
-11.411,-36.199
-8.834,-35.986
-11.411,-36.199
-63.049,-69.356
-11.411,-36.199
-11.411,-36.199
-11.411,-36.199
-8.834,-35.986
-11.41,-36.199
-10.674,-31.459
-11.411,-36.199
-11.411,-36.199
-13.87,-36.516
-11.411,-36.199
-8.834,-35.986
-11.411,-36.199
100.71,35.124
-13.709,-34.982
-17.052,-43.45
-8.834,-35.986
-11.411,-36.199
-11.411,-36.199
-11.411,-36.199
-63.049,-69.356
-11.411,-36.199
-11.411,-36.199
-63.049,-69.356
-8.834,-35.986
-6.5487,-28.533
-6.6805,-32.843
-11.411,-36.199
-11.411,-36.199
-17.774,-40.586
-11.411,-36.199
-11.411,-36.199
-11.411,-36.199
-11.411,-36.199
-11.411,-36.199
-11.411,-36.199
-8.834,-35.986
-11.411,-36.199
-11.411,-36.199
-11.411,-36.199
-25.449,-77.642
-11.411,-36.199
118.78,41.561
-11.411,-36.199
-11.411,-36.199
-14.565,-32.773
-11.411,-36.199
-11.865,-33.599
-8.834,-35.986
-11.411,-36.199
-10.743,-33.616
-5.6707,-33.453
-11.411,-36.199
-17.052,-43.45
-15.985,-41.293
-8.9648,-50.644
-17.052,-43.45
-43.634,-29.046
-43.634,-29.046
128.13,-37.971
-43.634,-29.046
-0.5489,-46.224
-43.634,-29.046
-43.634,-29.046
-43.634,-29.046
-43.634,-29.046
-43.634,-29.046
-43.634,-29.046
56.797,-134.38
-43.634,-29.046
-30.154,-40.121
-13.071,-51.644
-30.154,-40.121
-30.154,-40.121
-33.274,-40.087
-30.154,-40.121
-42.85,-49.91
-30.154,-40.121
-30.154,-40.121
-30.154,-40.121
-30.154,-40.121
-30.154,-40.121
-33.151,-37.758
82.214,-48.941
-123.51,-28.914
-6.2068,-171.57
-35.033,-151.1
34.542,-109.33
-14.492,-45.787
-17.052,-43.45
113.87,-53.311
36.914,-108.33
-17.052,-43.45
34.542,-109.33
130.63,-115.01
-17.052,-43.45
-67.007,-124.65
86.103,-151.56
-32.551,-151.26
-17.052,-43.45
34.542,-109.33
34.542,-109.33
-17.052,-43.45
-18.211,-41.335
-17.052,-43.45
-67.007,-124.65
34.542,-109.33
-17.052,-43.45
132.7,-94.803
34.542,-109.33
-50.626,-130.53
-17.052,-43.45
-16.918,-47.327
-14.762,-41.156
34.542,-109.33
-17.052,-43.45
-17.052,-43.45
-17.052,-43.45
34.542,-109.33
-14.492,-45.787
-17.052,-43.45
34.542,-109.33
34.542,-109.33
-17.052,-43.45
35.922,-124.64
-17.052,-43.45
-17.052,-43.45
-32.551,-151.26
-50.626,-130.53
-66.677,-127.17
-74.518,-126.24
34.542,-109.33
-17.052,-43.45
34.542,-109.33
-18.412,-45.365
-17.052,-43.45
34.542,-109.33
87.633,-129.99
-17.052,-43.45
-17.052,-43.45
-18.205,-41.332
-17.052,-43.45
-17.052,-43.45
-17.052,-43.45
-17.052,-43.45
-32.551,-151.26
34.542,-109.33
175.1,41.246
-17.052,-43.45
-17.052,-43.45
-67.726,-122.24
-16.292,-45.923
34.542,-109.33
-14.492,-45.787
-17.052,-43.45
33.967,-106.89
-17.052,-43.45
-67.007,-124.65
127.87,-62.733
34.542,-109.33
-17.052,-43.45
130.9,66.64
-14.492,-45.787
-17.052,-43.45
-17.052,-43.45
34.542,-109.33
-17.052,-43.45
-17.052,-43.45
36.914,-108.33
-17.052,-43.45
49.506,-131.8
138.38,-83.601
-43.634,-29.046
-43.634,-29.046
-43.634,-29.046
-43.634,-29.046
-43.634,-29.046
-43.634,-29.046
-43.634,-29.046
-43.634,-29.046
-43.634,-29.046
-43.634,-29.046
-43.634,-29.046
-43.634,-29.046
-43.634,-29.046
-41.366,-30.235
-43.634,-29.046
-43.634,-29.046
-43.634,-29.046
-43.634,-29.046
73.886,-93.072
-43.634,-29.046
-43.634,-29.046
-43.634,-29.046
-43.634,-29.046
-43.634,-29.046
-43.634,-29.046
-43.634,-29.046
-43.634,-29.046
-43.634,-29.046
-43.634,-29.046
-41.366,-30.235
-43.634,-29.046
-43.634,-29.046
-43.634,-29.046
-43.634,-29.046
-43.634,-29.046
-43.634,-29.046
-43.634,-29.046
-43.634,-29.046
-18.544,-144.51
-43.634,-29.046
-43.634,-29.046
-43.634,-29.046
-43.634,-29.046
-43.634,-29.046
-30.407,-53.253
-30.407,-53.253
-30.407,-53.253
-30.407,-53.253
-30.407,-53.253
-30.407,-53.253
-30.407,-53.253
-30.407,-53.253
51.328,-96.532
-30.407,-53.253
-30.407,-53.253
-30.143,-55.869
-30.407,-53.253
-38.107,-59.801
-30.407,-53.253
-30.407,-53.253
-30.407,-53.253
-30.407,-53.253
-30.407,-53.253
105.55,-56.418
-30.407,-53.253
-32.251,-51.405
-30.407,-53.253
-30.407,-53.253
-30.407,-53.253
-30.407,-53.253
-30.407,-53.253
-30.407,-53.253
-30.407,-53.253
-30.407,-53.253
-30.407,-53.253
-33.082,-53.716
-30.407,-53.253
-30.407,-53.253
-30.407,-53.253
-30.407,-53.253
-30.407,-53.253
-30.407,-53.253
-30.407,-53.253
-30.407,-53.253
-30.407,-53.253
-30.407,-53.253
-30.143,-55.869
18.003,-111.47
-31.845,-55.592
12.036,-108.19
-32.658,-54.779
-30.407,-53.253
-30.407,-53.253
-30.407,-53.253
-30.407,-53.253
-30.407,-53.253
-32.997,-52.523
-30.407,-53.253
123.02,-52.555
139.09,22.678
-17.052,-43.45
-16.918,-47.327
128.26,-106.31
-18.412,-45.365
-17.819,-53.257
-17.052,-43.45
112.16,-135.48
-14.492,-45.787
-16.292,-45.923
124.31,46.967
121.17,108.16
-18.03,-54.968
-18.765,-45.18
-49.14,-74.467
-16.918,-47.327
127.55,14.682
118.3,90.943
-19.565,-41.842
-16.918,-47.327
-14.492,-45.787
124.8,19.748
-14.492,-45.787
-35.194,-39.69
-61.947,-93.092
-19.078,-42.202
-19.078,-42.202
-110.28,-71.52
108.43,-32.302
-5.9204,-113.32
105.66,-21.688
21.051,15.226
49.937,-54.66
147.41,-31.496
76.736,-54.812
76.736,-54.812
76.736,-54.812
76.736,-54.812
76.736,-54.812
76.736,-54.812
62.974,-66.963
102.41,91.563
145.79,-25.384
136.85,-3.8054
70.035,-122.62
125.1,-69.101
117.76,-2.8743
23.15,17.041
-21.618,-122.61
124.32,10.114
142.2,71.438
162.71,-15.013
-34.12,19.194
-21.618,-122.61
136.27,69.156
59.169,-68.59
-34.12,19.194
72.905,-80.509
59.169,-68.59
74.294,-36.283
125.96,64.126
69.169,-30.394
103,-81.165
124.94,52.424
157.79,-21.792
80.17,67.923
59.169,-68.59
79.419,-26.552
-34.12,19.194
74.294,-36.283
75.67,-28.962
-17.052,-43.45
-18.907,-41.94
-17.052,-43.45
18.673,15.509
-17.052,-43.45
-17.052,-43.449
-17.052,-43.45
-18.005,-41.24
-17.052,-43.449
-14.855,-42.437
-34.786,21.765
-17.052,-43.45
-13.882,-42.328
-18.438,-40.61
-34.786,21.765
-17.052,-43.45
-17.052,-43.45
-34.786,21.765
-17.052,-43.45
-17.052,-43.45
-17.052,-43.45
-22.005,-59
-35.431,23.85
-17.052,-43.45
-34.786,21.765
-17.052,-43.45
-17.052,-43.45
-79.85,-101.93
-79.85,-101.93
55.943,-61.37
120.61,73.328
59.169,-68.59
136.3,82.052
179.42,-0.086064
130.75,79.047
145.79,-25.384
141.19,96.148
101.42,68.301
127.38,105.33
136.97,28.595
115.86,-40.346
91.262,-36.697
-22.642,-99.76
-3.7482,-54.206
-17.052,-43.45
-40.692,-136.97
102.79,-66.782
-34.12,19.194
46.209,-81.789
-19.442,-43.031
-77.611,-67.725
-17.052,-43.45
-19.442,-43.031
90.43,25.071
74.388,-66.019
12.051,-76.659
23.329,-78.021
102.71,-24.901
122.32,-4.5003
114.98,27.715
-61.908,-109.12
-90.597,-59.974
-12.41,-149
-17.052,-43.45
45.319,-7.0584
-144.15,-44.622
-59.116,-58.802
5.8776,-50.122
100.71,-56.292
-17.052,-43.45
103.63,-4.4707
44.153,-156.27
-7.9852,-84.552
85.771,-45.155
-76.8,-55.085
10.039,-76.967
10.198,-74.292
92.528,29.458
-5.7341,-68.63
10.198,-74.292
87.86,-50.032
12.151,-72.55
-6.4177,-140.66
10.198,-74.292
-0.44707,-64.457
43.789,-136.17
103.73,58.64
12.151,-72.55
-19.831,-56.18
-5.5238,-57.119
88.366,-20.955
-5.4624,-76.41
63.419,-95.511
-10.848,-52.201
72.659,-21.675
5.8776,-50.122
-17.052,-43.449
10.198,-74.292
93.716,-13.181
10.198,-74.292
-10.848,-52.201
96.497,-17.172
-19.4,-92.094
-19.442,-43.031
110.5,8.2391
120.48,5.6121
-17.052,-43.45
155.24,-63.932
-44.577,-156.6
-138.39,61.608
-131.42,-71.17
-17.026,-39.787
-38.723,-80.036
-8.3291,-118.71
-17.052,-43.45
92.047,2.6007
-3.6019,-163.83
-40.345,-105.51
-17.052,-43.45
10.198,-74.292
-14.093,-155.8
-15.721,-40.663
91.015,-24.956
10.039,-76.967
12.731,-139.08
10.198,-74.292
116.59,1.8887
51.753,-158.4
-146.15,66.482
9.5051,-71.456
10.198,-74.292
-17.052,-43.45
149.71,36.832
-17.052,-43.45
-58.699,-146.7
-17.052,-43.45
-69.841,-57.909
-17.052,-43.45
22.836,-89.217
-15.721,-40.663
90.591,-77.074
12.879,-132.47
104.31,80.783
-19.442,-43.031
-5.5238,-57.119
-77.611,-67.725
101.58,-61.201
104.5,38.242
-93.78,-103.84
-61.711,-101.33
-51.975,-50.446
-38.758,-127.15
8.0979,-80.059
115.33,-21.634
5.4749,-83.796
7.6404,-71.758
-17.052,-43.45
-1.9893,-68.264
-12.527,-141.64
-61.712,-141.06
-17.052,-43.45
104.33,0.14119
10.198,-74.292
-17.052,-43.45
-19.442,-43.031
8.0541,-149.56
-17.052,-43.449
40.464,-80.623
-22.617,-42.795
-157.01,-14.345
-22.617,-42.795
13.307,-83.907
108.43,-4.3005
-17.052,-43.45
-17.809,-45.814
-34.12,19.194
76.53,-87.441
-17.795,-41.145
90.841,-88.854
10.198,-74.292
-4.0509,-72.455
10.039,-76.967
-147.97,-25.8
123.12,-36.884
-34.217,-132.62
82.776,-63.515
11.227,-80.506
68.307,-56.162
-137.88,-21.599
-4.6722,-134.15
10.198,-74.292
-20.991,-53.011
-90.597,-59.974
93.612,-20.839
105.7,-36.899
127.42,-15.423
-9.1573,-47.122
10.198,-74.292
-17.679,-46.456
107.11,-26.844
7.8757,-75.601
96.859,-9.8064
-151.33,0.090339
59.169,-68.59
153.61,-3.6089
166.59,45.072
146.63,61.321
146.4,-11.044
118.83,-78.154
175.79,29.811
134.37,50.504
162.5,32.665
112.6,116.71
164.17,53.746
72.905,-80.509
59.169,-68.59
56.649,-68.023
76.782,-43.606
88.647,-36.776
116.7,-79.454
74.294,-36.283
158.54,-8.972
21.051,15.226
53.66,-36.857
-104.24,-10.218
101.85,63.415
-10.421,-97.975
-34.12,19.194
-90.597,-59.974
-30.918,18.332
100.46,41.078
-90.597,-59.974
18.259,26.083
88.945,32.626
-90.597,-59.974
111.08,-48.01
-90.597,-59.974
-118.03,-9.6791
107.64,55.307
23.15,17.041
103.86,-31.002
-158.46,-12.251
-143.29,87.276
-169.44,20.685
48.388,-120.41
87.521,1.3583
-172.24,11.636
172.31,14.653
75.542,-34.036
149.82,97.834
133.03,-36.872
142.27,-66.772
154.87,41.807
59.169,-68.59
120.38,-41.265
74.294,-36.283
140.86,-35.75
155.94,35.225
74.294,-36.283
51.753,-71.433
95.121,-74.209
72.219,-37.767
159.3,47.357
145.33,-16.901
131.34,30.309
121.19,67.637
74.294,-36.283
60.869,-66.697
123.52,34.003
158.72,10.916
59.169,-68.59
145.44,-1.0797
59.169,-68.59
70.263,-42.951
74.294,-36.283
60.005,-71.032
74.294,-36.283
76.81,-35.872
74.294,-36.283
155.31,67.552
59.169,-68.59
145.79,-25.384
166.76,29.189
74.294,-36.283
78.003,-29.746
59.169,-68.59
59.169,-68.59
31.292,11.318
151.7,-16.8
-131.88,-53.019
74.294,-36.283
59.169,-68.59
-35.34,19.445
18.377,-17.756
21.051,15.226
92.83,35.108
117.15,-7.5494
104.83,32.764
-17.341,-46.645
-144.19,-3.019
94.73,23.541
106.58,-62.091
122.58,15.107
85.694,-16.91
10.751,-114.73
77.576,-77.104
88.204,5.8312
105.4,27.991
110.32,-21.695
53.319,-90.238
28.373,-11.227
99.12,58.978
-45.696,-64.747
108.63,35.459
107.09,-88.068
-52.586,-114.59
-35.214,-141.44
79.311,-9.3087
118.35,33.812
19.834,12.735
110.35,14.568
12.575,-126.15
100.74,30.089
96.843,27.407
21.051,15.226
2.2079,-122.64
118.58,24.373
23.15,17.041
57.592,-66.543
157.64,-15.424
118.83,-78.154
59.169,-68.59
81.617,-38.443
145.79,-25.384
59.169,-68.59
139.18,-34.023
59.169,-68.59
74.294,-36.283
74.294,-36.283
58.196,-70.983
132.53,110
130.74,85.478
74.144,-38.829
59.169,-68.59
147.87,-24.021
125.17,122.32
59.255,-66.002
145.79,-25.384
74.294,-36.283
74.294,-36.283
158.72,10.916
136.99,-66.214
59.169,-68.59
59.169,-68.59
118.83,-78.154
74.294,-36.283
74.294,-36.283
74.294,-36.283
118.83,-78.154
59.169,-68.59
59.169,-68.59
118.83,-78.154
74.294,-36.283
73.283,-33.946
74.294,-36.283
59.169,-68.59
74.294,-36.283
74.294,-36.283
115.43,76.182
74.294,-36.283
74.294,-36.283
74.294,-36.283
59.169,-68.59
74.294,-36.283
59.169,-68.59
59.169,-68.59
74.294,-36.283
145.79,-25.384
-124.74,-56.687
132.73,-87.505
107.57,-113.09
-87.312,-82.311
141.42,-60.429
99.894,-28.032
125.61,-42.897
15.515,-153.14
153.58,-57.022
163.43,-66.629
51.337,-8.3867
19.834,12.735
30.734,-131.13
-151.08,84.086
-149.46,35.742
-151.59,27.886
-172.79,32.697
-157.98,77.261
93.144,8.3239
-106.92,31.094
9.6988,68.915
-13.621,90.176
-20.879,109.45
82.393,20.176
-99.219,-0.70933
3.6722,39.749
34.108,63.268
-9.101,70.214
-100.45,58.036
-4.4253,69.748
-153.86,16.604
-156.41,17.74
-153.86,16.604
10.067,45.812
14.673,67.588
-2.2179,57.898
2.3624,47.037
7.6931,45.907
2.3624,47.037
0.0069422,59.159
0.0069422,59.159
16.235,45.733
-3.8393,59.942
-2.2179,57.898
-2.2179,57.898
-2.2179,57.898
-2.2179,57.898
-1.2834,55.46
-4.4933,56.629
8.7185,39.723
11.603,54.761
0.28602,48.319
2.3624,47.037
-2.2179,57.898
-135.66,7.4122
-129.36,8.5912
64.406,93.566
-18.87,90.318
-92.315,1.4319
41.987,-4.6558
65.034,136.85
-74.595,16.893
-72.414,22.359
-71.18,17.43
-80.417,12.098
47.759,27.295
63.644,-5.2507
65.274,-2.4122
65.274,-2.4122
6.7137,52.694
-4.6208,28.935
-11.571,48.628
-6.7244,50.558
-17.998,59.221
69.664,-7.4385
58.422,14.095
72.081,-1.5111
72.081,-1.5111
16.835,63.383
44.698,-53.581
59.806,-1.1756
67.184,19.087
-107.34,-2.1622
-32.499,55.827
-12.11,58.582
-77.527,28.041
66.862,87.699
69.063,93.079
-12.928,113.1
85.356,-8.0825
53.84,22.135
65.759,-12.388
80.173,11.733
-115.51,80.749
-92.151,23.366
28.326,76.826
66.342,126.57
-151.54,15.539
-151.54,15.539
-151.54,15.539
-136.93,-1.3317
-142,9.6187
-151.54,15.539
-151.54,15.539
-151.54,15.539
-152.73,52.205
-149.28,14.407
-101.9,14.405
-130.39,47.704
-9.1782,42.808
-5.3191,39.177
-10.812,44.487
-5.032,34.234
38.35,-12.612
19.838,76.81
-43.367,88.394
6.4842,96.542
-93.005,61.193
62.123,98.052
85.854,100.52
39.654,85.785
-100.02,117.8
21.17,84.164
-105.65,71.803
45.81,130.19
93.721,40.42
-130.34,110.86
-70.603,155.18
80.45,27.994
74.791,47.054
78.358,-0.054767
68.814,9.7831
86.646,11.1
74.741,9.6385
89.763,-3.455
37.699,42.908
-5.8601,83.685
30.592,67.01
-1.8343,82.485
9.0183,77.511
65.447,83.376
61.368,81.25
75.189,20.703
-96.157,7.504
-110.84,6.9809
35.066,-68.901
-56.16,111.16
-15.912,108.91
20.711,96.35
-46.659,153.98
18.154,93.307
82.993,79.897
71.224,88.732
-64.035,105.53
-90.647,-0.44115
-92.315,1.4319
-90.647,-0.44115
-88.406,-3.1088
-90.647,-0.44115
-92.315,1.4319
7.5766,59.02
7.5766,59.02
-105.41,24.803
23.597,55.775
43.866,-11.918
-121.63,9.7133
-7.7408,65.501
-9.5004,63.994
-46.659,153.98
-86.707,87.795
-42.616,135.11
87.429,130.71
-100.45,58.036
-33.093,85.592
-34.317,83.58
-129.53,92.525
-18.772,104.62
-34.354,90.893
-97.799,99.497
-96.757,15.684
75.831,-5.4387
44.792,107.35
50.41,98.962
33.368,156.42
39.028,-39.139
39.028,-39.139
39.028,-39.139
41.253,-40.203
-92.315,1.4319
-92.315,1.4319
-92.315,1.4319
-92.315,1.4319
-92.315,1.4319
-92.315,1.4319
-92.315,1.4319
-92.315,1.4319
-92.315,1.4319
-92.315,1.4319
-92.315,1.4319
-92.315,1.4319
-92.315,1.4319
-92.315,1.4319
-92.315,1.4319
-92.315,1.4319
-92.315,1.4319
-92.315,1.4319
-92.315,1.4319
-118.15,3.8239
-92.315,1.4319
-92.315,1.4319
-92.315,1.4319
-92.315,1.4319
-92.315,1.4319
-92.315,1.4319
-92.315,1.4319
-92.315,1.4319
-92.315,1.4319
-92.315,1.4319
-92.315,1.4319
-92.315,1.4319
-92.315,1.4319
-92.315,1.4319
-92.315,1.4319
-92.315,1.4319
48.083,53.336
16.123,82.012
69.215,3.6443
26.553,41.819
-61.328,124.24
-71.416,116.19
-72.403,112.75
91.065,91.22
63.9,102.57
-100.45,58.036
-101.35,60.339
-100.45,58.036
50.41,98.962
-8.709,103.7
-71.416,116.19
-72.231,118.95
-73.007,122.18
-68.729,116.79
-78.776,123.53
-80.857,125.28
53.757,16.729
53.911,26.81
42.464,32.242
83.392,15.914
17.911,100.44
68.623,117.3
79.024,5.7572
54.143,96.114
-114.89,90.247
68.468,68.472
-92.186,102.07
68.604,73.67
66.065,67.268
73.754,75.827
89.886,104.07
25.466,73.469
31.765,72.481
31.765,72.481
-93.967,115.51
-10.717,108.55
-111.78,68.713
0.1644,99.126
8.9958,89.068
-125.5,72.955
-114.59,73.622
8.057,99.002
10.841,93.221
24.658,94.861
8.2966,101.7
14.521,96.006
-1.6387,103.5
-109.9,83.469
3.8716,95.475
8.057,99.002
3.3135,90.175
-105.65,71.803
6.3351,93.846
-131.68,80.42
23.994,90.526
10.708,99.151
2.9404,105.48
-105.65,71.803
-127.05,85.169
-119.86,74.236
5.5809,100.09
101.77,111.75
8.057,99.002
-130.92,71.87
14.151,90.454
-104.97,69.418
21.17,84.164
-71.416,116.19
-71.416,116.19
-71.416,116.19
-109.86,51.698
66.065,67.268
74.545,66.109
71.474,61.38
66.065,67.268
64.298,69.483
-71.416,116.19
66.065,67.268
63.349,66.989
63.349,66.989
68.468,68.472
60.059,70.006
-82.67,118.34
-85.725,133.91
73.995,70.521
-75.168,149.65
-29.903,162.33
-94.596,121.96
43.003,-65.05
-89.407,69.192
88.274,59.673
1.7653,164.92
-55.228,169.34
66.065,67.268
-118.01,14.462
54.336,8.9344
54.336,8.9344
54.336,8.9344
-76.351,-2.7237
-131.73,20.799
-134.19,27.121
0.28381,71.9
-86.84,-14.662
-76.351,-2.7237
0.10911,87.064
37.229,81.321
97.251,90.589
-26.084,109.68
-109.07,95.451
-115.08,106.23
-123.93,115.82
25.263,158.81
-16.7,172.14
-46.614,145.69
12.437,117
-6.5134,122.62
-131.74,119.78
-31.98,156.06
-38.968,154.43
-34.458,96.347
90.444,88.777
60.32,85.603
90.908,97.944
90.655,86.27
92.115,84.296
56.691,83.278
-29.082,105.29
-13.485,104.59
32.192,79.066
29.639,95.456
27.323,101.95
90.655,86.27
95.503,95.494
36.41,77.226
-104.46,85.222
19.838,76.81
88.274,59.673
48.284,159.91
75.182,36.675
71.159,56.163
44.071,76.046
6.7654,129.15
72.967,15.743
-86.589,-22.765
99.599,118.1
-57.136,102.51
-92.215,147.6
-76.11,111.64
-90.53,84.21
-3.2091,164.33
-3.2091,164.33
-3.2091,164.33
-7.4122,157.01
-121.44,94.034
69.475,42.051
42.628,96.976
105.7,117.3
-100.03,87.943
-93.548,66.25
-70.632,130.75
-71.017,133.26
-71.484,142.59
-11.593,152.94
50.456,47.935
56.397,89.683
-147.64,41.786
-145.27,41.12
63.478,42.099
-47.307,71.005
-51.009,66.731
-50.36,66.052
-55.06,73.855
-53.773,70.305
-51.541,73.13
-51.541,73.13
-51.541,73.13
-51.541,73.13
-53.776,67.554
-49.974,67.173
-54.029,64.917
-54.202,61.75
-54.029,64.917
-54.202,61.75
-54.029,64.917
-54.029,64.917
-54.029,64.917
-54.029,64.917
-53.773,70.305
-53.773,70.305
-53.773,70.305
-54.029,64.917
-54.029,64.917
-54.029,64.917
-53.773,70.305
-53.773,70.305
-53.773,70.305
-94.888,86.982
-69.533,83.671
-62.75,85.693
-53.773,70.305
-55.06,73.855
-55.06,73.855
-54.029,64.917
-54.029,64.917
-54.029,64.917
-54.029,64.917
-54.029,64.917
-54.029,64.917
-54.029,64.917
-54.029,64.917
-92.386,78.347
-92.386,78.347
-53.776,67.554
-51.758,70.063
-53.776,67.554
-53.776,67.554
-53.776,67.554
-53.776,67.554
-53.776,67.554
-51.758,70.063
-53.776,67.554
-53.776,67.554
-53.776,67.554
-51.758,70.063
-51.82,65.796
-51.82,65.796
-53.776,67.554
-53.776,67.554
-53.776,67.554
-53.776,67.554
-53.776,67.554
-53.773,70.305
-53.773,70.305
-53.776,67.554
-52.854,75.526
34.143,72.551
65.477,31.975
65.477,31.975
65.477,31.975
67.108,33.893
67.108,33.893
68.954,36.051
61.921,24.162
60.678,26.544
83.441,6.8553
70.421,22.872
65.477,31.975
64.374,25.217
65.477,31.975
65.477,31.975
65.477,31.975
58.752,32.369
58.752,32.369
65.477,31.975
65.477,31.975
65.477,31.975
65.477,31.975
65.477,31.975
65.477,31.975
70.222,27.508
57.913,38.573
29.941,131.23
14.869,105.35
22.759,99.296
41.037,47.963
-115.51,80.749
23.821,131.74
-55.301,117.06
-58.28,137.9
-74.261,126.84
-94.455,139.08
-92.668,137.4
-18.952,143.66
-66.511,53.461
-114.7,97.618
-66.664,90.445
82.659,45.002
-55.744,69.776
-55.744,69.776
19.567,168.14
6.7052,81.107
18.412,161.43
20.657,176.34
107.12,130.3
-104.97,69.418
-84.817,51.632
85.057,68.858
77.663,32.197
76.048,30.552
-23.185,158.71
-5.8502,107.38
-111.29,139.52
36.323,-57.509
81.432,57.37
81.432,57.37
84.481,74.186
84.481,74.186
-162.19,35.114
-14.894,63.333
-26.777,150.82
37.181,107.29
-119.21,68.202
-73.944,69.224
-73.944,69.224
-73.944,69.224
-73.944,69.224
-76.728,7.8052
-82.471,84.172
-122.8,44.677
-53.776,67.554
-92.198,52.734
-67.421,126.63
-33.944,168.65
-36.378,168.22
-71.416,116.19
-67.865,115.16
-88.792,121.64
-77.517,117.92
-74.134,117.12
-102.36,142.67
-76.045,160.55
-66.01,138.92
-64.665,136.89
-73.862,96.612
-97.792,93.301
-76.403,85.125
-87.05,105.73
65.276,61.718
65.758,64.557
65.758,64.557
65.758,64.557
91.79,44.446
-17.021,86.248
85.751,35.859
83.927,31.124
81.289,35.004
10.23,107.06
95.882,18.018
-54.825,161.7
-50.444,117.48
43.544,82.691
60.408,132.53
-1.2828,108.1
-103.66,80.158
-108.33,89.023
-12.562,83.459
-17.083,95.47
-7.8449,92.128
-26.79,53.809
21.496,64.187
-87.765,74.366
66.133,159.65
76.371,161.33
83.982,25.199
22.505,103.19
-98.794,-17.742
74.047,116.78
48.252,104.1
31.939,115.77
-37.585,116.31
53.302,112.37
70.384,122.23
-105.9,117.39
89.676,141.15
68.681,107.36
-101.17,133.22
-39.372,100.29
-105.97,125.42
73.619,106.88
49.84,121.44
-64.2,95.955
79.302,152.97
-35.051,120.61
-94.604,72.194
93.562,131.31
-33.811,106.65
-22.928,114.11
60.955,111.08
-17.94,113.66
69.438,102.47
-38.638,105.81
78.147,126.8
-4.8626,117.57
85.971,147.64
-16.66,123
0.13486,116.35
-42.127,109.33
-43.259,103.78
-11.525,121.8
63.864,107.38
95.598,137.31
-104.29,110.48
41.086,110.36
-98.757,76.161
93.59,119.25
54.93,123.72
-60.176,91.885
-24.885,119.13
-30.345,74.163
82.445,110.84
24.437,107.56
-103.27,98.168
106.13,144.79
97.139,124.47
36.441,119.52
10.278,112.71
14.19,110.17
59.715,104.16
90.78,114.37
83.644,138.2
-87.561,63.374
78.884,106.38
-98.017,82.108
68.598,131.98
22.742,112.53
-54.041,93.804
62.955,116.28
-49.026,90.498
44.708,113.73
66.378,112.39
56.831,108.34
-52.977,99.431
-25.045,76.054
84.316,105.62
-48.172,101.76
76.837,111.4
77.04,138.93
103.33,137.1
87.588,120.89
-48.892,96.123
100.11,130.47
-3.2079,112.56
51.907,107.25
-36.815,111.03
40.519,116.49
37.023,113.04
72.405,127.35
94.393,65.013
96.57,64.156
79.222,145.3
76.005,121.72
49.375,115.95
81.671,120.9
88.077,109.65
86.315,156.82
57.7,114.68
-14.929,117.87
-41.811,114.35
85.328,115.57
46.579,63.884
52.234,43.151
-50.745,111.4
-52.064,105.29
-6.1034,133.15
-23.185,158.71
-47.098,107.1
28.011,111.18
-83.759,57.676
-9.6986,117.17
103.44,123.81
-19.913,118.57
91.061,125.4
44.967,119.14
-44.098,98.405
93.605,151.14
48.419,110.58
-58.281,97.023
74.825,102.05
-15.779,100.62
-25.831,101.28
-30.692,100.17
86.936,95.094
26.608,169.26
-62.555,76.005
80.535,132.02
59.098,120.05
5.9958,114.42
45.456,124.52
54,118.21
31.939,115.77
-83.749,45.894
-103.63,92.469
-30.105,64.336
85.564,136.68
79.557,116
-11.713,94.741
87.983,54.656
10.47,64.144
43.375,92.036
-124.14,80.292
84.061,126.03
33.103,109.76
-7.8202,112.48
19.107,109.75
-62.215,100.8
96.287,112.9
80.386,101.48
-76.886,101.2
-13.227,147.78
-73.428,102.69
-54.366,129.84
-36.991,144.21
66.325,157.18
52.007,-22.937
51.335,77.196
79.982,49.86
26.074,59.843
80.713,88.208
43.703,87.505
-166.21,27.727
-114.89,90.247
-84.039,29.626
96.474,32.382
75.468,53.034
87.424,28.212
47.254,79.535
-113.81,119.53
-113.43,121.98
-116.4,113.95
-121.78,108.42
-108.95,131.92
-113.81,119.53
70.878,138.13
60.281,125.37
-66.421,75.093
-61.396,71.809
-61.396,71.809
-66.421,75.093
-66.421,75.093
-61.396,71.809
-53.776,67.554
-53.776,67.554
-66.511,53.461
-55.942,65.934
-77.974,48.705
-66.511,53.461
-64.059,52.65
-66.511,53.461
-66.531,50.967
-53.776,67.554
-53.776,67.554
-66.511,53.461
-53.776,67.554
-53.776,67.554
-65.388,55.813
-66.511,53.461
-66.511,53.461
-53.776,67.554
-53.776,67.554
-53.776,67.554
-60.611,50.205
-53.776,67.554
-51.211,68.357
-51,65.223
-56.464,64.941
-56.59,68.479
-53.776,67.554
-56.59,68.479
-50.282,58.548
-60.958,55.626
-56.59,68.479
-53.776,67.554
-66.511,53.461
-53.776,67.554
-65.431,58.546
-66.511,53.461
-56.918,65.857
-57.556,66.66
-53.776,67.554
-68.984,52.856
-60.86,68.744
-64.003,71.401
-60.86,68.744
-58.824,81.743
-64.003,71.401
-65.431,58.546
-57.655,77.289
-53.776,67.554
-53.776,67.554
-53.776,67.554
-53.776,67.554
-64.003,71.401
-56.267,66.975
-61.777,64.877
-65.388,55.813
-62.128,61.824
-53.776,67.554
-66.511,53.461
-53.776,67.554
-66.511,53.461
-65.855,67.919
-53.776,67.554
-65.431,58.546
-66.511,53.461
-53.776,67.554
-53.776,67.554
-53.776,67.554
-55.744,69.776
-53.776,67.554
-53.776,67.554
-53.776,67.554
-56.267,66.975
-53.776,67.554
-71.23,68.86
-53.776,67.554
-66.511,53.461
-56.59,68.479
-54.373,87.796
-58.776,73.456
-56.59,68.479
-71.23,68.86
-53.776,67.554
-64.059,52.65
-65.521,80.232
-53.776,67.554
-64.003,71.401
-53.776,67.554
-66.511,53.461
-53.776,67.554
-53.776,67.554
-53.776,67.554
-53.776,67.554
-53.776,67.554
-65.431,58.546
-66.511,53.461
-53.776,67.554
-53.776,67.554
-51.695,64.492
-53.776,67.554
-53.776,67.554
-56.267,66.975
-53.776,67.554
-53.776,67.554
-66.511,53.461
-65.388,55.813
-53.776,67.554
-66.511,53.461
-66.511,53.461
-66.511,53.461
-66.511,53.461
-66.511,53.461
-66.511,53.461
-66.511,53.461
-66.511,53.461
-66.511,53.461
-63.134,47.333
-66.511,53.461
-66.511,53.461
-66.511,53.461
-66.511,53.461
-66.511,53.461
-66.511,53.461
-66.511,53.461
-66.511,53.461
-66.511,53.461
-66.511,53.461
79.33,23.209
-25.766,48.185
2.535,82.756
-3.9792,78.193
13.197,73.023
13.197,73.023
8.2391,73.223
-139.35,29.582
39.008,64.238
-8.7584,79.068
26.469,69.251
39.223,69.535
25.774,64.924
13.311,78.462
20.125,69.483
20.125,69.483
20.125,69.483
11.051,83.966
-110.51,62.878
11.051,83.966
-137.27,21.422
55.435,129.36
42.821,52.458
-27.803,114.65
44.476,100.97
-48.267,134.12
-23.718,128.91
67.108,33.893
35.384,67.518
67.461,-22.354
-59.662,149.82
-33.949,129.87
21.418,51.401
57.974,60.376
75.604,58.693
50.904,64.927
4.4885,118.78
-2.2816,65.968
20.453,41.941
37.339,-63.591
35.14,126.6
-125.66,99.07
-89.512,27.759
-20.644,80.624
-20.644,80.624
-20.644,80.624
-20.644,80.624
-82.82,145.92
-110.18,110.9
76.188,87.446
78.541,83.323
1.9658,111.5
-135.67,86.929
-65.178,165.56
-72.78,89.705
52.007,-22.937
52.007,-22.937
52.007,-22.937
54.343,-22.051
80.607,-16.969
48.599,-37.854
90.964,-16.89
74.758,-17.193
52.007,-22.937
52.007,-22.937
54.343,-22.051
54.343,-22.051
52.007,-22.937
52.007,-22.937
52.007,-22.937
52.007,-22.937
52.007,-22.937
52.007,-22.937
52.007,-22.937
52.007,-22.937
52.007,-22.937
52.007,-22.937
52.007,-22.937
52.007,-22.937
52.007,-22.937
52.007,-22.937
52.007,-22.937
52.007,-22.937
52.007,-22.937
52.007,-22.937
52.007,-22.937
52.007,-22.937
52.007,-22.937
52.007,-22.937
52.007,-22.937
52.007,-22.937
52.007,-22.937
-124.19,38.265
-124.19,38.265
-126.1,39.793
-117.08,45.168
-123.45,60.811
-123.45,60.811
-73.742,37.713
-124.99,29.873
-27.975,91.631
-26.192,93.338
-26.192,93.338
-26.192,93.338
-26.192,93.338
-26.192,93.338
-26.192,93.338
-26.192,93.338
74.774,80.237
-13.776,72.14
29.588,62.577
17.593,50.167
-20.501,45.991
78.645,43.54
71.218,51.297
56.787,55.669
-88.669,46.862
83.545,40.044
87.172,49.389
87.172,49.389
87.172,49.389
87.172,49.389
-15.984,42.734
-11.361,53.308
-22.341,56.452
-1.3202,41.475
14.068,41.336
37.421,36.676
5.2603,69.678
27.03,46.804
49.058,14.232
4.2736,174.17
-24.967,144.24
-55.971,155.24
-8.5173,140.33
-5.3996,150.41
-34.383,177.21
-17.661,165.23
-87.583,99.231
71.551,112.09
-86.043,80.28
-19.895,149.05
52.198,37.75
52.198,37.75
51.804,31.833
42.28,37.936
46.816,39.199
45.634,48.211
33.493,54.345
38.636,53.807
-23.389,69.892
-25.792,69.534
-25.792,69.534
-25.792,69.534
-53.776,67.554
-117.83,131.22
-52.366,149.66
29.697,-69.143
52.989,71.116
52.989,71.116
52.989,71.116
77.968,-20.997
52.26,81.619
41.183,157.24
76.959,97.393
57.769,46.759
-70.5,10.095
59.667,48.506
-113.26,17.27
-16.373,49.368
57.093,44.34
-112.07,13.094
-112.14,26.041
-111.82,23.627
62.211,48.018
57.769,46.759
59.667,48.506
59.573,51.096
-111.2,21.251
-10.913,37.189
50.334,-24.8
52.007,-22.937
37.731,97.988
36.677,93.612
38.293,91.817
62.459,89.563
36.677,93.612
-21.714,123.65
-87.386,39.484
37.113,102.16
19.308,105.41
-82.212,97.799
47.87,73.846
-26.839,134.3
-68.038,100.88
16.828,114.27
-45.537,117.95
105.43,100.61
55.613,65.204
-105.63,7.3785
27.405,-21.334
96.668,69.817
-2.8717,94.52
-6.9285,96.783
-1.3635,92.767
94.761,101.33
93.696,108.01
48.909,20.616
35.787,49.19
28.482,55.483
29.527,163.25
22.391,137.75
33.113,138.18
-18.587,128.21
-40.898,121.02
-78.689,79.813
-66.929,149.3
40.489,122.31
-69.391,94.855
-26.758,124.2
-26.777,150.82
25.549,152.96
-23.037,138.99
-140.67,16.002
-4.2221,88.844
50.436,-3.9765
62.129,130.88
-108.58,102.94
-28.359,59.081
-86.367,14.712
-82.011,17.876
-61.243,116.62
-72.231,118.95
-71.136,113.77
-83.254,154.08
-81.635,111.35
-101.7,104.6
-81.635,111.35
-99.688,125.27
-87.827,113.71
-69.56,112.88
-53.966,142.99
-53.966,142.99
-91.56,91.011
-71.416,116.19
-73.741,114.58
-86.784,127.59
-73.741,114.58
-71.416,116.19
-108.58,102.94
-71.416,116.19
-71.416,116.19
-45.988,162.66
-45.988,162.66
-74.134,117.12
-96.126,105.89
-78.608,131.93
-65.651,122.47
-69.441,114.74
-94.035,129.67
-83.843,139.47
-69.674,118.47
-69.674,118.47
-65.847,119.14
-76.867,139.07
11.54,175.35
-8.0804,166.47
-5.5427,165.4
-24.281,176.15
31.023,-56.019
31.384,-42.079
47.675,68.682
47.745,43.859
87.39,42.531
68.559,65.806
63.909,75.53
64.62,77.856
66.065,67.268
66.065,67.268
66.317,70.052
66.065,67.268
89.473,38.408
97.617,53.927
98.347,49.633
80.619,-5.008
84.251,-2.3072
58.017,19.907
-34.05,78.129
3.2018,76.32
-122.27,51.417
-91.53,17.658
42.928,66.53
-111.51,35.463
-114.3,31.549
-84.412,24.895
-79.327,22.309
-125.21,16.53
-125.21,16.53
-82.738,36.691
39.572,74.001
-28.712,79.7
-106.94,12.942
42.822,60.579
-93.7,45.037
-91.616,33.923
-95.202,32.832
43.478,58.29
43.478,58.29
-106.66,43.089
-104.41,41.642
-106.66,43.089
-106.66,43.089
-106.66,43.089
-106.66,43.089
-102.81,50.497
-125.21,16.53
-125.21,16.53
43.662,71.248
3.2018,76.32
-122.27,51.417
-82.738,36.691
-80.292,41.946
-71.861,3.5123
-87.204,33.427
-122.86,24.308
-116.55,63.234
-118.54,56.766
-128.5,25.374
-117.64,36.454
-9.4644,87.95
-120.51,32.084
-22.948,86.382
-27.788,84.462
-108.35,57.43
-113.52,57.35
-31.342,50.216
-14.118,77.27
-14.118,77.27
-19.229,73.955
1.1285,77.477
52.382,56.097
-101.33,39.843
-101.92,37.201
-101.33,39.843
-78.912,34.143
-117.91,27.314
-93.013,39.882
-96.921,40.787
-97.569,46.09
-96.46,38.292
-98.462,42.83
-71.021,28.336
-95.043,42.229
-93.922,35.236
-145.85,3.2264
-101.6,21.389
15.827,86.591
19.838,76.81
-22.784,-40.672
-23.311,-62.818
41.189,104.25
5.6423,86.016
12.355,149.39
12.355,149.39
41.384,-59.144
37.179,-33.57
19.838,76.81
93.144,8.3239
-106.92,31.094
51.465,92.152
-32.88,115.09
-41.83,140.98
77.459,-13.505
50.015,138.81
-6.3553,145.47
34.976,133.03
-17.624,154.24
44.984,135.72
-1.204,121.71
-14.093,159.79
38.8,151.08
41.006,127.68
25.984,51.478
31.677,45.103
30.505,50.556
-16.743,54.427
52.007,-22.937
-19.468,64.736
-37.647,50.568
-101.15,28.561
-95.507,-13.475
-23.366,62.152
-23.366,62.152
53.834,51.024
80.949,54.978
66.126,53.658
67.98,46.979
40.592,-47.428
36.526,169.61
41.916,172.64
43.53,165.05
35.14,126.6
-63.002,157.77
-98.515,111.29
-45.052,128.52
-47.452,128.55
-34.423,149.95
-82.103,103.43
-86.656,93.662
-53.446,135.41
-91.683,109.28
-60.203,131.57
26.841,121.44
-31.099,144.73
-24.803,167.95
-62.352,144.24
-28.859,129.53
-80.54,90.604
-80.54,90.604
-78.127,93.497
-31.822,124.74
28.291,126.52
27.856,136.04
-13.294,142.43
-37.284,125.73
-57.642,108.68
-48.116,122.9
-57.642,108.68
-35.358,135.63
-47.598,139.7
-17.22,138.28
-35.657,138.02
-21.314,133.75
-92.866,96.223
-123.55,124.53
20.724,119.11
-10.616,128.58
-10.616,128.58
-12.788,127.54
20.724,119.11
20.724,119.11
31.763,121.85
28.074,141.63
31.678,150.83
40.237,132.91
38.885,138.45
21.715,143.39
26.754,147.01
-119.41,101.42
-41.25,148.33
55.239,-3.08
12.738,50.105
83.071,2.359
97.102,12.863
106.22,23.296
78.419,17.097
32.915,103.89
29.274,106.53
100.5,16.763
103.28,19.839
105.25,106.76
-105.65,71.803
29.386,86.881
-109.56,77.148
-96.529,26.75
-124.14,80.292
58.579,-14.047
36.978,58.874
47.963,84.315
74.112,41.402
75.389,25.553
-115.51,50.856
47.15,94.703
79.086,92.652
98.729,8.2694
106.94,4.7528
36.978,58.874
79.064,39.02
109.53,30.319
96.673,3.7576
-54.274,123.79
-54.274,123.79
-39.707,130.53
34.872,144.69
34.872,144.69
-45.459,172.43
-46.682,112.58
-138.51,110.14
-4.9288,45.995
69.217,-17.63
-82.271,75.495
-49.521,78.837
53.368,60.725
35.609,-21.997
-42.096,123.07
72.876,84.306
52.181,86.42
100.49,96.968
83.531,84.602
-128.3,54.28
-29.134,139.32
-118.25,21.012
-116,8.7852
-17.816,69.289
32.187,39.952
-129.99,31.815
74.606,4.069
37.783,-17.525
-13.285,67.573
-67.819,33.64
-51.211,68.357
-46.784,68.636
-43.054,72.377
-51.531,66.676
-51.211,68.357
-51.211,68.357
-51.211,68.357
-51.211,68.357
-51.211,68.357
50.705,132.81
-134.66,101.35
45.959,152.51
-147.27,58.636
-149.8,74.853
62.311,5.4149
62.311,5.4149
62.311,5.4149
62.311,5.4149
59.107,94.3
6.2363,109.11
26.353,116.05
97.61,144.43
54.434,103.22
-98.39,67.497
-153.93,67.435
-17.052,-43.45
-44.17,93.08
31.824,99.242
-39.283,95.317
-14.286,-43.907
-17.052,-43.45
80.949,54.978
66.126,53.658
67.98,46.979
61.542,56.647
67.041,98.063
-14.286,-43.907
-17.052,-43.45
49.836,-16.103
52.007,-22.937
-16.009,133.04
-29.957,119.56
-17.052,-43.45
-20.43,-45.571
-17.052,-43.45
-17.052,-43.451
-5.2307,-45.81
-5.2307,-45.81
-11.967,-48.281
-10.241,-43.52
-5.2307,-45.81
-5.2307,-45.81
-17.052,-43.45
-17.26,-41.04
-31.031,110.49
82.174,96.487
-39.09,90.157
-138.64,94.424
71.922,97.557
-23.603,105.34
-39.88,84.782
-34.954,101.87
-14.286,-43.907
-17.052,-43.45
-45.732,75.93
108.97,0.27973
-14.286,-43.907
31.585,58.665
2.7487,146.16
12.615,142.52
5.352,153.63
15.086,143.45
20.29,149.43
6.6125,155.8
6.6125,155.8
10.626,140.88
18.298,155.41
52.464,148.44
52.504,154.75
36.361,162.18
57.104,160.33
72.268,144.5
59.008,152.61
59.863,139.79
65.622,149.2
54.407,142.68
72.543,151.25
65.784,142.91
30.96,176.22
55.436,135.93
59.642,146.23
-21.306,51.61
-81.392,63.53
-17.052,-43.45
-9.7194,-62.332
-27.1,-71.495
-27.1,-71.495
-20.086,-43.709
-65.999,-45.487
-22.046,-56.853
-29.53,-89.99
-17.052,-43.45
-17.052,-43.45
-17.052,-43.449
-9.7194,-62.332
-33.419,136.18
74.204,92.742
84.656,90.655
-17.052,-43.449
-83.996,69.475
-11.4,135.84
-14.286,-43.907
-14.286,-43.907
-14.286,-43.907
-14.286,-43.907
-17.052,-43.45
-127.57,104.07
-4.109,127.49
-129.53,92.525
112.62,137.49
-1.1826,153.79
-37.665,160.67
-6.757,-41.54
-6.757,-41.54
-6.757,-41.54
1.4543,-42.105
-13.475,-39.686
-6.757,-41.54
-20.191,-43.32
-6.757,-41.54
-6.757,-41.54
-17.052,-43.45
-18.642,-45.255
-17.052,-43.45
64.085,-18.014
71.456,-13.515
45.244,-20.679
-7.8936,-58.425
-14.286,-43.907
-52.514,-88.481
-11.731,177.93
-3.1449,177.18
101.76,-9.1068
94.902,-1.0904
101.5,3.8972
-17.768,-39.859
-17.768,-39.859
-17.768,-39.859
-17.768,-39.859
43.179,43.272
-5.1539,100.75
-42.956,63.733
-42.956,63.733
-42.956,63.733
-42.956,63.733
-41.888,61.046
-42.956,63.733
-42.956,63.733
-40.807,65.41
-43.275,62.844
-42.956,63.733
-42.956,63.733
-42.956,63.733
-40.206,62.969
-17.052,-43.45
-17.052,-43.45
-8.9648,-50.644
-15.985,-41.293
89.836,61.48
22.903,126.19
-13.071,-51.644
-159.09,26.922
-30.407,-53.253
-30.407,-53.253
50.286,-110.3
-30.407,-53.253
51.328,-96.532
-32.658,-54.779
-30.407,-53.253
-30.407,-53.253
12.036,-108.19
-30.143,-55.869
-30.407,-53.253
-30.407,-53.253
-30.407,-53.253
-30.407,-53.253
-30.407,-53.253
-30.407,-53.253
-30.407,-53.253
-30.407,-53.253
-33.082,-53.716
-30.407,-53.253
-30.407,-53.253
-30.407,-53.253
-30.407,-53.253
-30.407,-53.253
-30.407,-53.253
-30.407,-53.253
-30.407,-53.253
-30.407,-53.253
-30.407,-53.253
-30.407,-53.253
-30.407,-53.253
-31.845,-55.592
-30.407,-53.253
-30.407,-53.253
-30.407,-53.253
-28.519,-55.05
-30.407,-53.253
-30.407,-53.253
-30.143,-55.869
-30.407,-53.253
-30.407,-53.253
-30.407,-53.253
-32.997,-52.523
-30.407,-53.253
-32.251,-51.405
-30.407,-53.253
-30.407,-53.253
-30.407,-53.253
-30.407,-53.253
-30.407,-53.253
-30.407,-53.253
-30.407,-53.253
-30.407,-53.253
47.96,89.287
99.128,105.58
99.929,103.3
27.584,-27.318
56.211,2.0584
34.102,-49.205
46.418,-0.61635
47.149,34.059
32.983,-28.619
34.102,-49.205
31.746,-17.994
-18.849,-41.866
-14.725,-38.908
-18.418,-41.466
-26.214,-49.377
-26.214,-49.377
-28.573,-49.707
-26.214,-49.377
-26.214,-49.377
-26.214,-49.377
-26.214,-49.377
-26.214,-49.377
-26.214,-49.377
-26.214,-49.377
-28.946,-48.644
-26.214,-49.377
-42.666,-45.182
-26.214,-49.377
-26.214,-49.377
-26.214,-49.377
-23.701,-48.952
-26.214,-49.377
-25.701,-47.483
-26.214,-49.377
-26.214,-49.377
-26.214,-49.377
-26.214,-49.377
116.47,-117.07
-26.214,-49.377
-28.449,-47.226
-26.535,-46.721
-26.214,-49.377
-26.214,-49.377
-26.214,-49.377
-26.214,-49.377
-26.214,-49.377
-26.214,-49.377
-26.214,-49.377
-27.385,-46.908
-26.214,-49.377
-26.214,-49.377
-26.214,-49.377
-26.214,-49.377
-26.214,-49.377
-26.214,-49.377
-26.214,-49.377
-26.214,-49.377
-26.214,-49.377
-26.214,-49.377
-26.214,-49.377
-27.812,-48.261
103.53,51.4
102.62,53.545
86.844,21.761
66.631,14.222
-90.371,54.432
-89.579,56.743
89.97,74.861
-155.94,43.581
64.573,121.42
-27.479,-138.1
-45.479,-112.15
57.584,99.544
61.97,17.413
22.126,46.563
-136.75,54.977
-136.75,54.977
-124.43,5.5491
-17.052,-43.45
-32.105,17.67
56.968,77.042
56.968,77.042
-14.492,-45.787
-14.492,-45.787
74.63,132.92
19.758,89.345
31.862,86.568
29.386,86.881
29.386,86.881
34.497,86.269
29.386,86.881
29.386,86.881
12.999,100.54
29.386,86.881
29.386,86.881
31.862,86.568
101.97,12.365
62.549,11.912
103.59,7.9615
105.77,15.908
-10.24,-48.18
-10.24,-48.18
25.404,80.116
-135.03,38.307
-145.27,31.635
-135.03,38.307
-144.39,24.634
-137.43,37.709
-166.73,42.727
-134.08,13.907
4.7325,64.333
87.823,17.07
91.727,14.58
91.727,14.58
21.46,60.073
98.805,21.656
-96.786,20.961
-8.8428,74.586
1.5047,67.658
17.192,56.387
17.192,56.387
13.738,59.732
17.192,56.387
-143.46,101.78
41.069,79.07
57.346,-6.9866
61.018,-9.6512
-20.992,99.987
-11.017,99.51
49.855,-137.88
29.991,-33.35
91.496,70.42
-44.008,-79.03
-93.356,-20.456
48.93,59.55
64.638,-77.699
64.638,-77.699
64.638,-77.699
119.79,-97.314
137.15,-27.852
64.638,-77.699
64.638,-77.699
64.638,-77.699
64.638,-77.699
95.379,-79.659
119.79,-97.314
64.943,-81.38
64.638,-77.699
91.083,-9.1998
-138.12,-49.421
-112.52,-86.403
-121.72,-63.319
-36.495,21.627
-136.67,-6.794
-132.03,-8.8594
-132.03,-8.8594
-132.11,-12.362
-35.618,-70.251
-35.618,-70.251
-38.835,-69.002
-35.618,-70.251
-87.132,20.799
-142.72,-64.951
-140.71,-66.437
-158.57,-30.845
-158.57,-30.845
-158.57,-30.845
50.413,126.98
12.036,130.41
9.2606,130
11.035,127.66
4.1936,128.26
9.2606,130
9.2606,130
6.7654,129.15
-1.0771,136.91
12.122,124.75
6.7654,129.15
4.7035,138.16
9.2606,130
6.7654,129.15
-2.0941,139.24
9.2606,130
16.265,134.39
9.2606,130
6.7654,129.15
12.122,124.75
9.2606,130
11.298,165.94
9.2606,130
9.4711,132.86
53.526,168.1
11.298,165.94
12.122,124.75
-2.0941,139.24
6.7654,129.15
8.108,157.81
9.2606,130
9.2606,130
10.626,140.88
6.7654,129.15
53.526,168.1
7.558,132.51
11.035,127.66
11.198,132.13
-106.14,18.478
66.133,159.65
44.692,143.92
14.783,127.58
44.692,143.92
44.692,143.92
11.035,127.66
44.692,143.92
-120.92,87.385
82.859,-12.841
88.217,-12.951
19.834,12.735
-74.595,16.893
47.759,27.295
6.7137,52.694
69.664,-7.4385
-12.11,58.582
-77.527,28.041
67.184,19.087
85.356,-8.0825
65.759,-12.388
80.173,11.733
44.44,-33.678
-130.39,47.704
-100.45,58.036
78.358,-0.054767
68.814,9.7831
86.646,11.1
74.741,9.6385
89.763,-3.455
37.699,42.908
-5.8601,83.685
48.083,53.336
51.477,1.2378
54.336,8.9344
58.752,32.369
-86.589,-22.765
59.14,-35.477
-12.562,83.459
10.47,64.144
69.215,3.6443
74.791,47.054
91.483,20.33
-4.0744,74.005
35.787,49.19
-17.083,95.47
39.028,-39.139
47.902,5.5028
56.397,89.683
72.967,15.743
-111.78,1.7807
-31.721,20.262
-13.459,-54.901
-31.447,18.33
-34.12,19.194
-17.052,-43.45
5.0047,-116.98
-99.756,-67.652
-48.349,-103.88
24.123,8.9888
9.4125,10.579
-122.28,-38.779
-8.7384,-56.4
23.055,13.373
-16.292,-45.923
-10.697,-50.409
18.649,-96.265
-14.42,-53.25
-31.721,20.262
23.15,17.041
-118.03,-9.6791
-29.2,23.275
-34.12,19.194
10.198,-74.292
21.051,15.226
19.918,17.458
-17.052,-43.449
74.294,-36.283
121.66,0.72624
-17.052,-43.45
18.288,14.179
-34.12,19.194
-15.597,-56.718
-17.052,-43.45
21.051,15.226
-100.78,-37.636
-17.052,-43.45
77.319,-107.96
-74.426,-26.468
10.198,-74.292
21.051,15.226
-34.12,19.194
-5.6209,-147.4
-17.052,-43.45
114.84,-103.58
21.051,15.226
15.634,-52.371
-101.42,-35.093
18.209,-135.46
21.051,15.226
-17.052,-43.45
-34.12,19.194
23.15,17.041
25.686,15.102
98.869,-107.68
-34.12,19.194
-34.12,19.194
21.051,15.226
-34.12,19.194
-15.267,-45.089
-53.286,0.43153
-82.076,-76.248
21.051,15.226
-34.12,19.194
-17.052,-43.45
156.78,-47.753
10.039,-76.967
15.634,-52.371
-17.809,-45.814
21.051,15.226
-17.052,-43.45
29.984,-81.802
23.055,13.373
-19.177,-45.361
80.846,-119.87
23.055,13.373
-19.099,-45.777
23.055,13.373
-17.052,-43.45
18.681,15.502
-120.43,-10.6
8.844,-121.38
-32.787,17.065
12.551,9.6494
-17.052,-43.45
21.051,15.226
12.551,9.6494
115.6,7.0124
23.15,17.041
-17.052,-43.45
25.71,18.677
21.03,17.866
76.186,-37.993
159.92,-29.562
19.834,12.735
74.343,-9.8677
21.051,15.226
-49.236,-7.8964
-18.995,-44.904
21.051,15.226
-34.12,19.194
13.511,12.261
25.686,15.102
-34.12,19.194
-31.721,20.262
110.66,-58.022
-133.24,-23.12
-34.12,19.194
-15.267,-45.089
-19.625,-41.95
-34.608,16.734
25.686,15.102
21.051,15.226
22.857,10.516
-63.84,-18.281
-39.015,26.487
-31.721,20.262
-34.12,19.194
-16.292,-45.923
120.45,-88.995
75.263,-71.803
-17.052,-43.45
-115.6,-10.555
-34.121,19.194
-34.12,19.194
92.6,-100.86
-18.698,-41.694
23.055,13.373
18.288,14.179
-118.03,-9.6791
-14.286,-43.907
-14.303,-41.918
-42.451,-90.102
-17.052,-43.45
170.8,-20.094
-16.292,-45.923
-17.809,-45.814
30.549,-164.21
24.664,20.755
21.051,15.226
-34.12,19.194
138.86,-72.463
-34.12,19.194
113.77,32.22
-32.411,17.347
-34.12,19.194
21.051,15.226
-31.721,20.262
-101.42,-35.093
-34.12,19.194
19.834,12.735
21.051,15.226
22.857,10.516
-17.809,-45.814
-20.571,-43.736
21.051,15.226
-34.12,19.194
10.198,-74.292
18.466,17.303
-17.052,-43.449
-33.093,16.899
23.055,13.373
-13.663,-42.443
-33.173,21.666
40.952,-87.111
36.257,-147.03
-17.052,-43.45
-14.851,-42.44
-17.052,-43.45
-129.93,59.74
21.051,15.226
130.34,3.7526
59.169,-68.59
-19.155,-46.183
132.59,-31.391
28.76,-102.63
10.198,-74.292
26.439,12.493
-34.12,19.195
-16.292,-45.923
-31.721,20.262
-35.926,21.949
86.324,-107.76
-107.12,-19.369
-34.12,19.194
21.051,15.226
21.051,15.226
101.14,-46.237
13.511,12.261
21.051,15.226
21.051,15.226
23.15,17.041
-19.173,-40.161
60.699,-44.473
15.634,-52.371
-34.12,19.194
-36.816,21.076
28.056,17.418
-34.12,19.194
21.051,15.226
-17.052,-43.45
-17.679,-46.456
-6.1013,-50.475
-125.39,66.891
-34.121,19.194
-34.121,19.194
85.906,-90.924
-34.12,19.194
24.855,22.282
-10.267,-58.543
-18.581,-47.235
-14.853,-51.428
-59.217,-116.72
21.051,15.226
26.439,12.493
35.493,-116.67
107.87,-67.989
-141.95,-56.349
13.511,12.261
-59.269,-51.897
21.435,12.49
25.477,9.4836
-6.5626,-155.34
23.15,17.041
21.051,15.226
23.055,13.373
160.43,-39.353
21.051,15.226
36.661,-76.943
-17.052,-43.45
35.837,-140.04
-122.41,-41.388
-46.076,32.158
35.446,-111.99
-31.721,20.262
122.13,-76.526
-17.809,-45.814
-42.451,-90.102
10.198,-74.292
21.051,15.226
-4.3182,-107.92
-17.052,-43.45
130.36,32.479
-31.721,20.262
23.055,13.373
-34.12,19.194
27.1,7.7947
-75.651,-80.171
-19.877,-60.513
-14.492,-45.787
27.043,3.7217
-14.286,-43.907
-104.94,-18.172
-63.84,-18.281
10.198,-74.292
116.34,-31.121
116.7,-79.454
59.169,-68.59
-15.231,-41.889
21.052,15.226
-34.12,19.194
-34.734,16.791
61.585,-69.377
-101.42,-35.093
104.17,-42.148
6.3932,-137.89
23.055,13.373
21.051,15.226
-118.03,-9.6791
-14.849,-42.443
-99.361,-92.415
157.38,-45.34
15.523,-171.65
-15.985,-41.293
21.051,15.226
-14.435,-58.233
-16.292,-45.923
23.055,13.373
59.169,-68.59
17.779,15.864
13.511,12.261
58.336,-153.18
94.765,-28.013
-15.267,-45.089
-7.921,-49.094
-34.12,19.194
21.051,15.227
13.627,16.359
-18.77,-45.967
168.66,-4.3391
22.857,10.516
-17.052,-43.45
10.453,-71.837
17.287,6.8
-35.234,16.952
-17.052,-43.45
25.686,15.102
23.15,17.041
121.34,-31.78
18.807,16.341
-34.12,19.194
21.051,15.226
-17.052,-43.45
-14.286,-43.907
-16.292,-45.923
19.834,12.735
-101.42,-35.093
-101.42,-35.093
-36.644,18.798
-110.56,-52.267
-17.052,-43.45
21.051,15.226
21.051,15.226
21.051,15.226
-14.286,-43.907
-17.052,-43.45
-34.12,19.194
-44.775,-88.968
91.552,-122.86
76.893,-99.717
-17.052,-43.45
-17.052,-43.45
-69.439,-98.741
-31.721,20.262
-15.982,-50.533
-0.13675,-140.21
21.051,15.226
-132.29,2.2435
21.051,15.226
21.051,15.226
-34.121,19.194
-34.121,19.195
-135.81,-23.338
-34.121,19.195
18.288,14.179
23.055,13.373
157.38,-45.34
13.261,-75.242
127.3,-10.408
-150.76,-53.91
23.15,17.041
-17.052,-43.45
129.73,-24.135
-17.844,-41.185
23.055,13.373
18.288,14.179
-34.12,19.194
92.955,53.961
164.5,-46.109
-100.4,-34.337
31.364,-62.361
22.857,10.516
21.051,15.226
-41.99,33.397
23.055,13.373
21.051,15.226
128.56,-48.841
-14.066,-42.268
21.051,15.226
-99.361,-92.415
-17.052,-43.45
23.055,13.373
-19.442,-43.031
17.945,8.9237
11.346,-71.404
18.466,17.303
-34.12,19.194
28.232,18.869
25.686,15.102
-18.355,-46.752
23.055,13.373
-34.12,19.194
-17.052,-43.45
-16.313,-41.153
-17.052,-43.45
-34.12,19.194
12.402,18.626
21.051,15.226
13.511,12.261
-126.54,1.1835
21.051,15.226
-36.644,18.798
12.713,-99.256
17.779,15.864
-101.42,-35.093
-15.267,-41.84
21.051,15.226
-34.12,19.194
-17.052,-43.45
-14.286,-43.907
5.9858,-98.027
-19.478,-43.559
10.522,11.967
80.313,-82.054
23.055,13.373
-34.12,19.194
-31.721,20.262
23.055,13.373
-14.286,-43.907
59.169,-68.59
-29.199,22.207
-15.267,-45.089
-16.591,-41.075
-35.691,21.171
-19.261,-42.533
-19.591,-51.469
36.627,-6.5931
-34.12,19.194
10.198,-74.292
22.857,10.516
-17.052,-43.45
76.893,-99.717
-34.12,19.194
17.725,19.551
-18.77,-45.967
-33.241,16.837
-34.12,19.194
23.055,13.373
-118.03,-9.6791
23.906,19.714
13.511,12.261
-140.5,-34.224
101.67,46.087
-31.721,20.262
-32.105,17.67
19.463,17.136
14.429,-119.22
-19.182,-42.346
37.232,-26.364
-34.12,19.194
18.798,16.337
23.15,17.041
86.006,-85.227
-15.277,-41.086
21.051,15.226
20.362,18.793
21.051,15.226
-17.052,-43.45
-31.928,16.717
23.055,13.373
153.24,-35.852
23.15,17.041
74.294,-36.283
21.052,15.226
-34.12,19.194
13.511,12.261
-17.052,-43.45
19.834,12.735
21.051,15.226
-34.12,19.194
97.115,37.703
-122.41,-41.388
-1.4288,-48.602
-17.052,-43.45
-17.052,-43.45
23.15,17.041
120.59,-21.036
-31.721,20.262
22.853,20.654
-34.12,19.194
-27.582,20.885
-34.12,19.194
23.055,13.373
15.634,-52.371
-35.234,16.952
-17.052,-43.45
-34.996,16.044
55.461,-140.91
86.324,-107.76
19.458,-123.92
21.051,15.226
21.051,15.226
-160.05,-10.26
-17.052,-43.45
-33.173,21.666
10.198,-74.292
-6.1013,-50.475
99.442,-0.45277
-34.12,19.194
36.007,-153.75
-17.052,-43.45
-33.018,16.055
23.055,13.373
-25.781,-31.093
-31.721,20.262
20.028,-117.34
-17.052,-43.45
71.567,-87.924
-34.12,19.194
23.15,17.041
-17.052,-43.45
-166.11,12.176
25.686,15.102
25.686,15.102
168.66,-4.3391
-32.51,22.116
-104.94,-18.172
-53.321,-77.868
105.42,43.063
-34.12,19.194
21.051,15.226
-49.247,-81.88
-19.496,-43.663
59.169,-68.59
10.198,-74.292
22.857,10.516
-34.12,19.194
-36.655,19.571
10.198,-74.292
-16.292,-45.923
74.294,-36.283
-17.873,-47.312
19.88,6.1296
8.1729,-143.58
96.879,44.377
-34.786,21.765
-62.741,-3.8597
19.834,12.735
-19.496,-43.663
21.051,15.226
-16.292,-45.923
-17.052,-43.45
23.055,13.373
-16.335,-58.544
21.051,15.226
74.294,-36.283
57.757,-94.335
21.051,15.226
179.25,18.075
-17.052,-43.45
-17.052,-43.45
129.96,-54.449
21.051,15.226
-34.12,19.194
56.881,-69.786
-17.052,-43.45
-19.28,-42.529
-139.78,-36.608
-17.052,-43.45
21.348,18.504
10.198,-74.292
23.055,13.373
-34.12,19.194
26.92,17.87
-60.539,-10.476
44.391,-76.41
-19.033,-40.931
-31.721,20.262
-17.052,-43.45
12.551,9.6494
50.61,-103.74
-31.721,20.262
-29.06,-108.67
12.665,-74.322
-16.292,-45.923
21.051,15.226
-145.14,47.861
-34.12,19.194
19.834,12.735
25.686,15.102
26.184,21.505
-16.7,-41.087
97.548,-32.243
23.055,13.373
-101.42,-35.093
21.051,15.226
-17.052,-43.45
-16.392,-40.151
-34.12,19.194
144.7,20.705
-122.41,-41.388
21.051,15.226
23.055,13.373
-19.01,-44.861
-101.42,-35.093
23.055,13.373
-31.721,20.262
21.051,15.226
84.766,-58.746
-35.234,16.952
-18.355,-46.752
19.39,17.945
7.0079,-131.7
-117.55,-2.9705
-19.619,-44.932
23.15,17.041
-17.052,-43.45
131.57,-70.976
168.66,-4.3391
79.632,-67.856
18.288,14.179
-15.418,-40.794
-118.03,-9.6791
89.29,-72.136
-101.42,-35.093
-34.12,19.194
-101.42,-35.093
27.495,-115.43
-50.921,-65.937
25.686,15.102
-36.371,18.135
7.8859,-73.18
20.903,9.832
119.46,19.691
-16.292,-45.923
74.294,-36.283
-17.052,-43.45
21.051,15.226
-17.052,-43.45
19.279,16.911
-31.721,20.262
98.869,-107.68
21.051,15.226
102.46,-17.525
-34.12,19.194
66.285,-88.319
18.923,18.134
-56.791,-2.7342
10.198,-74.292
23.425,-126.13
23.055,13.373
-61.561,-16.981
56.191,-112.61
-17.052,-43.449
-34.12,19.194
140.47,0.23523
-31.721,20.262
25.71,18.677
-16.292,-45.923
23.055,13.373
21.051,15.227
-36.113,20.8
23.055,13.373
-158.77,-46.551
23.15,17.041
-25.734,14.987
-168.15,-16.906
21.051,15.226
-17.052,-43.45
-102.21,-32.575
109.65,-39.456
-34.12,19.194
21.051,15.226
-18.698,-41.694
-34.12,19.194
21.051,15.226
-34.001,16.679
-15.131,-46.907
-133.24,-23.12
21.051,15.226
-34.12,19.194
-118.03,-9.6791
-34.12,19.194
88.189,-118.02
-118.03,-9.6791
-20.973,-43.641
-17.052,-43.45
-17.052,-43.45
18.092,-79.746
-19.143,-41.289
10.198,-74.292
0.7756,-104.04
-16.292,-45.923
109.49,-12.521
15.634,-52.371
145.03,15.965
128.11,-55.984
-34.12,19.194
21.075,17.92
95.256,-85.575
118.92,-12.283
-15.252,-41.858
23.15,17.041
-12.408,-58.171
59.169,-68.59
21.051,15.226
-31.721,20.262
-126.72,-80.983
-16.292,-45.923
21.051,15.227
-118.03,-9.6791
117.33,-16.98
-116.31,-7.7706
-34.12,19.194
129.34,9.3091
33.835,2.3256
21.051,15.226
-16.292,-45.923
-34.12,19.194
-135.81,-23.338
21.051,15.226
24.745,-166.55
-17.809,-45.814
-25.153,-145.62
-31.558,17.07
-100.2,-32.654
-16.292,-45.923
-108.33,-60.625
-19.139,-41.306
23.15,17.041
27.061,19.281
-172.42,-1.0674
-11.272,-46.823
-34.12,19.194
-109.03,-37.229
173.46,-26.405
-17.052,-43.45
-34.12,19.194
23.15,17.041
21.051,15.226
-16.535,-40.054
8.7744,-72.289
78.827,-128.35
-19.744,-41.996
-110.56,-39.58
-18.77,-45.967
-135.81,-23.338
-31.235,17.52
24.545,11.188
-101.42,-35.093
-17.052,-43.45
-17.052,-43.45
-34.12,19.194
21.051,15.226
-34.001,16.679
-17.073,-40.347
-31.721,20.262
23.055,13.373
-34.12,19.194
-17.052,-43.45
61.432,-90.278
-135.81,-23.338
-34.12,19.194
23.15,17.041
23.055,13.373
26.14,11.301
30.059,14.446
-17.052,-43.45
21.747,7.3713
-90.597,-59.974
21.051,15.227
-42.451,-90.102
-33.789,22.421
-34.12,19.194
-14.286,-43.907
-18.995,-44.904
-17.052,-43.45
-72.029,-17.591
84.481,-110.88
-119.41,-7.4337
52.393,-76.504
21.051,15.226
-17.052,-43.45
-34.12,19.194
42.87,-149.46
-8.1505,-128.25
-34.12,19.194
18.288,14.179
-31.721,20.262
-60.539,-10.476
55.938,-122.18
-17.052,-43.45
18.728,15.887
-101.42,-35.093
81.414,-123.85
97.734,-97.22
-17.052,-43.449
21.051,15.226
169.4,-19.242
-33.789,22.421
-16.588,-41.076
-34.12,19.194
-17.809,-45.814
21.051,15.226
13.627,16.359
25.686,15.102
101.46,25.234
-31.721,20.262
74.294,-36.283
-123.14,-47.277
-12.971,-53.479
74.294,-36.283
150.47,-50.643
23.055,13.373
25.686,15.102
76.393,-156.06
-17.208,-61.017
101.56,-116.44
-161.16,0.8891
-73.077,-39.012
25.686,15.102
21.051,15.226
13.511,12.261
15.634,-52.371
-31.928,16.717
-34.12,19.194
-31.721,20.262
106.74,-8.6633
-31.774,18.184
-34.786,21.765
-122.75,-44.063
-11.571,-53.782
-31.721,20.262
-17.052,-43.45
24.128,3.2275
10.198,-74.292
-101.42,-35.093
-17.052,-43.449
21.052,15.226
-22.773,-108.25
-102.68,-37.362
-34.12,19.194
-33.173,21.666
62.317,-46.256
36.756,-137.77
122.63,-9.4563
23.15,17.041
-34.12,19.194
-101.42,-35.093
-93.218,-82.119
-34.12,19.194
-22.773,-108.25
10.198,-74.292
19.377,-128.46
170.8,-20.094
113.16,36.982
-34.12,19.194
-34.12,19.194
-96.994,-91.615
-17.052,-43.45
67.066,-150.31
-23.335,-30.313
-101.42,-35.093
97.589,-39.543
-34.12,19.194
-31.721,20.262
-30.229,23.834
-31.85,18.078
21.051,15.226
-17.052,-43.45
20.798,-126.2
-31.721,20.262
-63.389,-10.609
21.051,15.226
-17.052,-43.45
10.198,-74.292
-35.664,-112.59
17.725,19.551
66.608,-37.493
23.15,17.041
36.7,-132.35
-3.4947,-49.533
21.051,15.226
21.051,15.226
-20.571,-43.736
-34.12,19.194
-17.052,-43.45
-6.1961,-102.38
-101.42,-35.093
-74.426,-26.468
13.511,12.261
-34.12,19.194
88.829,-107.78
21.051,15.226
22.983,-153.77
21.051,15.226
-17.052,-43.45
21.051,15.226
-31.721,20.262
-30.656,-81.255
-101.42,-35.093
21.051,15.226
-31.721,20.262
25.686,15.102
-34.12,19.194
21.051,15.226
98.869,-107.68
17.275,2.8925
98.588,-105.23
-34.12,19.194
113.12,-2.4077
-15.736,-41.442
21.051,15.226
23.055,13.373
-105.1,-82.538
97.589,-39.543
-101.42,-35.093
21.051,15.226
17.896,-103.58
-34.12,19.194
-34.12,19.194
81.384,-87.39
-22.732,-159.25
21.051,15.226
74.294,-36.283
20.903,9.832
-17.052,-43.45
10.198,-74.292
-34.12,19.194
23.15,17.041
25.13,11.591
-101.42,-35.093
-34.12,19.194
137.06,-9.3758
-34.12,19.194
135.38,2.0082
-34.12,19.194
21.051,15.226
51.603,-65.811
-33.173,21.666
93.687,-51.178
-34.12,19.194
-34.786,21.765
14.24,19.242
-17.052,-43.45
-33.789,22.421
-17.052,-43.45
-118.03,-9.6791
-16.895,-39.868
21.051,15.226
10.039,-76.967
-132.72,65.109
23.475,22.279
79.383,-122.15
171.27,-37.697
-34.786,21.765
164.2,-29.951
19.834,12.735
-34.12,19.194
-101.42,-35.093
-31.721,20.262
-6.1013,-50.475
13.511,12.261
-118.03,-9.6791
-34.12,19.194
-20.995,-30.432
23.055,13.373
110.42,25.463
22.027,22.318
-17.052,-43.45
-118.03,-9.6791
-117.98,-12.261
21.051,15.226
-35.691,21.171
-3.6569,-51.829
23.15,17.041
74.294,-36.283
96.812,-24.197
-17.052,-43.45
13.497,4.4924
-17.052,-43.45
62.724,-143.33
8.1622,-155.61
19.488,-40.746
-17.052,-43.45
19.593,18.565
21.051,15.226
157.33,-29.36
71.764,-61.045
110.97,45.346
22.853,20.654
86.72,-33.423
56.059,-146.94
-15.267,-45.089
79.848,-125.95
21.051,15.226
-16.292,-45.923
-14.85,-42.439
-42.451,-90.102
-26.325,-83.572
-15.131,-46.907
-17.046,-51.081
-19.283,-42.527
21.051,15.226
34.025,7.2316
-147.34,-14.258
-16.313,-41.153
20.434,17.651
-15.267,-45.089
0.13684,-55.896
12.551,9.6494
13.511,12.261
22.853,20.654
20.903,9.832
92.558,-31.524
-101.42,-35.093
15.634,-52.371
-32.423,17.308
-122.94,-5.8962
21.051,15.226
39.591,-114.86
89.082,-41.852
25.963,20.173
27.726,12.852
21.051,15.226
86.324,-107.76
59.169,-68.59
25.686,15.102
-69.645,-50.759
21.051,15.226
127.23,-5.2774
-16.292,-45.923
-34.12,19.194
6.1701,-127.08
-17.052,-43.449
-17.809,-45.814
-17.052,-43.449
40.952,-87.111
21.051,15.226
21.051,15.226
-33.173,21.666
-17.137,-40.349
-34.12,19.195
-34.12,19.194
18.776,-141.91
157.38,-45.34
-17.052,-43.45
-17.052,-43.45
109.61,40.593
23.15,17.041
-31.721,20.262
-5.6256,-52.94
51.639,-126.09
23.055,13.373
-34.121,19.194
7.339,-74.043
-12.003,-163.27
-103.69,-33.819
10.198,-74.292
-7.7046,-52.339
-34.12,19.194
-31.721,20.262
96.734,-91.24
18.466,17.303
-17.052,-43.45
-17.052,-43.449
23.055,13.373
25.686,15.102
15.856,23.58
17.779,15.864
0.13339,-152.29
124.05,-26.492
21.051,15.226
51.748,-116.27
-122.41,-41.388
-30.838,28.507
-30.918,18.332
57.595,-86.565
-34.12,19.194
-15.131,-46.907
61.391,-100.32
-39.015,26.487
-74.426,-26.468
98.869,-107.68
23.055,13.373
-21.463,-55.022
-124.99,-41.029
-17.052,-43.45
-34.12,19.194
-47.204,-69.927
24.664,20.755
110.61,-72.892
19.834,12.735
-17.052,-43.451
27.339,11.375
-33.414,-102.95
-50.244,-148.11
21.051,15.226
21.051,15.226
-93.58,-71.633
157.38,-45.34
-17.052,-43.449
56.146,-100.66
23.15,17.041
19.618,17.28
-14.923,-60.531
24.663,-133.06
139.15,-98.216
-77.014,-116.88
-18.438,-40.61
19.834,12.735
167.91,-6.7071
117.71,-50.298
-17.052,-43.45
13.511,12.261
23.15,17.041
-31.721,20.262
-35.691,21.171
-55.028,-106.17
-32.105,17.67
21.051,15.226
19.834,12.735
21.051,15.226
-34.12,19.194
114.06,22.385
59.169,-68.59
21.051,15.226
-17.052,-43.45
-17.052,-43.45
-14.286,-43.907
-34.12,19.194
-14.85,-42.439
23.15,17.041
-31.721,20.262
16.299,8.3261
13.511,12.261
21.051,15.226
-34.12,19.194
17.714,16.893
-89.475,-76.027
108.88,-52.435
63.948,-26.323
-34.121,19.194
-18.438,-40.61
-13.663,-50.005
21.051,15.226
107.47,-17.138
-74.426,-26.468
13.511,12.261
-18.585,-39.842
23.055,13.373
-16.292,-45.923
23.15,17.041
-15.131,-46.907
20.903,9.832
18.288,14.179
68.648,-99.008
-34.12,19.194
-17.052,-43.45
-118.03,-9.6791
30.87,-4.6134
23.15,17.041
21.051,15.226
-17.052,-43.45
-32.195,43.086
-54.111,30.654
-145.14,47.861
21.051,15.226
21.051,15.226
114.94,-92.029
-31.721,20.262
21.051,15.226
-34.12,19.194
23.15,17.041
104.46,-13.126
-17.873,-47.312
-34.12,19.194
-34.12,19.194
18.288,14.179
-137.49,-25.445
21.051,15.226
42.39,-142.64
25.686,15.102
13.19,-73.441
-34.12,19.194
-34.12,19.194
-34.12,19.194
-28.641,21.044
-17.052,-43.45
-36.644,18.798
23.15,17.041
-17.052,-43.45
21.051,15.226
-109.03,-37.229
-17.052,-43.45
-34.12,19.194
-17.052,-43.45
112.39,-16.991
-33.789,22.421
-34.12,19.194
-31.721,20.262
-14.863,-42.432
-101.42,-35.093
-3.2334,-38.529
-17.052,-43.449
-111.55,-35.988
24.542,10.37
155.35,74.856
-17.052,-43.449
-0.84297,-128.33
26.541,10.251
-34.996,16.044
-151.88,5.983
55.952,-106.53
-101.42,-35.093
-34.12,19.194
-118.03,-9.6791
-17.052,-43.45
-17.052,-43.45
161.61,-29.688
18.288,14.179
21.051,15.226
-58.458,-84.113
129.87,19.595
21.051,15.226
-98.732,-34.6
21.051,15.226
21.051,15.226
19.834,12.735
-34.12,19.194
7.8757,-75.601
12.277,-75.689
-32.612,17.185
-34.121,19.195
113.94,17.79
-16.076,-40.378
23.055,13.373
-17.052,-43.45
-34.12,19.194
114.05,11.704
-35.234,16.952
21.051,15.226
-79.225,-44.782
20.725,17.723
7.0856,-103.96
-34.12,19.194
21.039,18.708
-34.12,19.194
-96.994,-91.615
20.136,18.293
130.36,-73.099
-122.41,-41.388
-17.052,-43.45
-17.809,-45.814
-33.305,15.978
112.11,-7.55
-17.809,-45.814
87.793,-63.31
15.634,-52.371
-18.566,-39.896
-17.052,-43.45
-31.235,17.52
-31.721,20.262
-36.644,18.798
-131.34,-41.678
-148.39,-34.319
-133.24,-23.12
135.56,-77.999
20.144,17.556
-15.517,-41.604
-34.12,19.194
52.102,-84.035
-34.12,19.194
23.055,13.373
-18.995,-44.904
16.925,9.9853
21.051,15.226
-14.286,-43.907
-17.052,-43.45
-9.2434,-52.647
-14.286,-43.907
-50.237,-3.4428
-96.994,-91.615
59.169,-68.59
25.71,18.677
99.939,-71.916
-34.12,19.194
18.288,14.179
23.15,17.041
-20.948,-43.939
-17.052,-43.45
-14.286,-43.907
21.051,15.226
-17.052,-43.449
15.634,-52.371
-19.129,-40.496
10.198,-74.292
21.051,15.226
12.551,9.6494
21.051,15.226
-17.052,-43.45
-14.707,-41.6
-34.12,19.194
114.13,-68.568
24.713,19.474
105.75,-44.098
-17.052,-43.45
-34.12,19.194
124.05,-26.492
-17.052,-43.45
21.051,15.226
30.42,16.254
21.023,21.44
13.489,22.191
-1.4542,-51.287
-35.766,17.292
-101.42,-35.093
21.051,15.226
38.526,-160.9
-17.052,-43.45
-34.12,19.194
-99.212,-36.548
126.69,-32.5
-34.12,19.194
23.055,13.373
24.123,8.9888
-17.052,-43.45
122.53,-15.707
1.377,-134.01
-17.052,-43.45
23.055,13.373
-33.552,25.845
20.903,9.832
-17.052,-43.45
-17.052,-43.45
13.511,12.261
-31.489,-163.39
-34.12,19.194
-11.559,-107.11
68.41,-93.456
90.736,-82.797
-31.721,20.262
32.138,-108.15
23.055,13.373
-43.978,-92.4
21.051,15.226
82.907,-121.56
-34.378,16.705
25.461,12.19
-31.721,20.262
-17.052,-43.45
67.066,-150.31
-17.052,-43.45
10.198,-74.292
-34.12,19.194
70.294,-142.55
114.17,-12.129
30.136,5.5449
-14.286,-43.907
23.15,17.041
-15.267,-45.089
23.15,17.041
-34.12,19.194
20.903,9.832
21.051,15.226
21.051,15.226
-45.124,-120.26
21.051,15.226
119.35,10.484
15.634,-52.371
-34.12,19.194
131.35,-29.354
-39.015,26.487
-149.32,-8.3333
18.288,14.179
17.275,2.8925
95.842,-55.378
21.051,15.226
21.051,15.227
-69.665,-6.1927
-17.052,-43.45
125.54,29.317
-17.052,-43.45
-19.945,-54.17
108.04,-105.5
-31.721,20.262
-36.31,16.849
-17.052,-43.45
-16.292,-45.923
21.052,15.226
21.051,15.226
-37.074,20.508
-33.721,16.71
21.051,15.226
-17.052,-43.45
23.055,13.373
-24.945,-44.484
-66.83,-33.027
-25.184,23.277
74.294,-36.283
-34.12,19.194
21.052,15.226
-17.052,-43.45
-17.052,-43.45
18.288,14.179
19.834,12.735
-36.655,19.571
-12.64,-60.201
-130.64,-22.871
21.051,15.226
-17.052,-43.45
-34.996,16.044
-122.41,-41.388
-14.974,-55.048
21.051,15.226
-140.18,-9.6084
-16.588,-41.076
-31.721,20.262
-34.12,19.194
-34.12,19.194
-31.721,20.262
-55.195,-56.038
20.928,2.1842
23.055,13.373
19.066,16.628
-133.24,-23.12
15.634,-52.371
-20.784,-41.902
-16.292,-45.923
23.055,13.373
-34.12,19.194
-74.377,-11.276
61.585,-69.377
99.445,-13.657
19.834,12.735
-28.115,22.237
89.724,-54.707
-31.198,10.828
85.985,-80.047
7.8757,-75.601
62.596,-125.7
24.745,-166.55
56.465,-41.245
21.051,15.226
45.838,-125.82
30.125,-88.063
29.037,9.6509
-34.12,19.194
-34.12,19.194
98.993,-5.0644
59.169,-68.59
-87.276,-97.458
-36.267,16.724
-17.052,-43.45
167.91,-6.7071
-17.052,-43.45
-75.768,-20.382
-34.214,15.858
-0.90201,-97.514
-14.286,-43.907
-14.303,-41.918
116.7,-79.454
-34.12,19.194
-119.84,-41.601
-15.481,-41.627
-17.052,-43.45
21.051,15.226
84.017,-103.26
18.812,7.5613
106.93,11.142
15.634,-52.371
-36.816,21.076
21.051,15.227
-102.94,-75.247
-31.773,18.184
35.19,-83.753
76.893,-99.717
-40.502,-91.833
-74.426,-26.468
11.275,16.466
59.169,-68.59
23.15,17.041
23.055,13.373
10.198,-74.292
-18.355,-46.752
-109.03,-37.229
-24.371,-41.559
-153.53,-21.145
85.87,-68.065
-34.12,19.194
99.58,-51.385
-18.718,-45.22
-34.12,19.194
78.039,-113.94
23.055,13.373
117.68,15.062
-34.12,19.194
-59.46,-46.91
-17.052,-43.45
25.686,15.102
-36.187,17.756
-17.052,-43.45
21.051,15.226
92.348,-94.405
-15.736,-41.442
-34.121,19.194
17.779,15.864
21.051,15.226
27.365,20.541
10.198,-74.292
109.29,19.724
23.055,13.373
-61.561,-16.981
21.051,15.226
59.169,-68.59
-22.773,-108.25
-19.173,-40.161
-34.12,19.194
21.051,15.226
-14.286,-43.907
10.101,13.528
-17.052,-43.45
13.627,16.359
25.409,10.594
-14.286,-43.907
-34.12,19.194
21.051,15.226
84.494,-53.82
-34.12,19.194
-60.376,-86.085
-9.4433,-54.386
