-33.991,15.534
-118.3,-110.44
-18.024,-75.854
-33.354,21.337
-29.69,-49.831
49.665,-129.23
83.097,-1.7595
-29.69,-49.831
-27.961,22.052
50.004,-126.51
71.276,-159.54
-29.885,-46.54
-36.63,20
117.87,-123.45
88.548,-105.23
-25.975,24.857
-84.496,-76.871
136.76,-121.91
-20.82,-49.529
-20.558,-46.072
115.73,-131.48
-16.202,-40.641
50.405,-123.59
277.26,-40.057
374.8,-19.409
52.277,-129.69
82.456,-4.0976
269.12,4.4554
22.736,-73.383
130.86,28.225
-31.347,21.89
85.147,25.072
71.76,-27.743
144.66,-56.754
37.704,-145.93
80.545,21.856
119.98,-0.38746
37.964,-122.44
-29.69,-49.832
-34.709,-49.378
-26.534,-47.606
-27.961,22.052
-27.961,22.052
-16.073,-51.348
128.58,23.032
168.74,72.747
179.83,29.906
174.04,18.417
338.6,10.268
134.53,32.724
61.803,-114.62
139.32,35.367
174.29,46.892
124.05,13.934
106.11,-8.7957
80.682,-107.82
123.77,20.636
80.682,-107.82
280.5,9.9041
163.07,54.34
71.524,-92.651
-6.3089,-134.4
19.234,16.795
226.12,-31.833
210.86,5.468
55.553,-141.06
344.92,-3.0004
217,-15.943
-55.209,-78.884
162.9,-75.894
-35.236,17.632
209.14,22.992
216.21,-0.44358
149.48,3.8946
-30.49,22.191
55.028,-89.591
217.66,-26.747
-71.712,-89.388
161.47,-92.777
-27.961,22.052
-27.961,22.052
-24.812,26.43
-21.768,-47.815
123.76,-4.1523
177.3,36.218
106.33,-60.694
195.29,-16.633
57.374,-90.475
59.789,-89.835
-6.3343,-105.95
225.86,1.5012
-27.961,22.052
-24.812,26.43
133.22,38.544
125.34,-132.07
-27.961,22.052
-43.032,14.618
108.49,-13.241
-24.659,21.465
-29.69,-49.831
-58.659,-62.465
-23.015,-46.871
44.846,-72.816
-27.961,22.052
-27.961,22.052
-27.176,18.806
-27.961,22.052
172.54,6.8054
121.94,-44.015
111.43,-75.223
-27.961,22.052
-24.64,22.098
-30.955,20.956
-27.961,22.052
-24.659,21.465
-27.631,-48.469
-23.723,-45.811
-27.961,22.052
204.2,14.849
-27.961,22.052
146.88,-108.4
-19.514,-48.034
-2.8168,-39.889
170.27,32.795
-30.429,20.174
-27.961,22.052
190.94,-4.8612
140.95,13.037
213.33,14.095
116.02,-87.66
-137.03,-87.499
-27.961,22.052
-28.239,-47.717
-27.961,22.052
351.5,7.2423
-27.961,22.052
-27.961,22.052
-27.961,22.052
21.653,-50.215
-13.885,-73.759
5.4364,-118.32
-15.092,-64.443
57.374,-90.475
-27.961,22.052
-29.69,-49.832
-29.69,-49.832
-29.69,-49.832
-29.69,-49.832
-41.2,-140.63
-29.69,-49.832
-30.472,21.618
-27.961,22.052
133.16,18.985
225.79,-12.998
-31.347,21.89
-37.06,22.644
158.92,-53.124
57.374,-90.475
-45.093,25.082
311.34,4.3432
114.18,-43.962
-12.54,-46.692
443.54,-3.972
-24.812,26.43
128.22,17.154
-94.854,-28.473
139.86,-84.678
113.2,-100.64
198.22,-30.846
18.725,-43.453
-27.961,22.052
-27.961,22.052
-53.128,-82.935
137.71,-41.533
-31.347,21.89
114.31,9.6313
199.11,22.375
-24.898,20.737
114.12,1.3955
378.35,-4.2207
-27.961,22.052
292.07,17.984
57.374,-90.475
147.87,85.847
-27.961,22.052
172.24,40.412
-29.9,13.405
291.91,-16.53
-30.485,22.557
267.15,-35.884
157.83,58.531
111.26,-99.149
145.94,26.299
114.9,3.704
144.98,-90.938
169.19,-40.537
102.21,-98.141
59.482,-83.735
302.9,-2.6964
165.99,24.002
-27.961,22.052
-36.63,20
-27.961,22.052
5.4615,36.876
-98.6,-3.2722
-97.434,-1.0802
70.577,15.524
-98.6,-3.2722
16.566,-138.88
140.05,65.482
75.682,18.831
-104.43,-11.234
389.66,4.099
533.68,2.4045
-73.601,4.058
129.76,11.796
57.374,-90.475
-27.961,22.052
-29.224,19.859
167.5,22.078
184.38,-30.602
-27.961,22.052
150.64,-9.2492
319.23,-2.8412
-27.961,22.052
-31,23.231
-27.961,22.052
-27.961,22.052
-27.961,22.052
-27.961,22.052
150.3,85.523
-27.961,22.052
-27.961,22.052
-27.961,22.052
-27.961,22.052
184.84,-1.5778
102.21,-98.141
-27.961,22.052
-43.258,20.64
-27.961,22.052
-27.961,22.052
-27.961,22.052
126.66,31.973
-37.06,22.644
-26.789,22.482
-27.961,22.052
199.14,-44.865
-30.793,20.123
-27.961,22.052
-27.961,22.052
-27.961,22.052
273.45,17.636
-27.961,22.052
2.1456,28.702
-24.669,13.31
251.72,3.0629
52.086,-95.423
169.47,-18.197
-27.961,22.052
-21.748,14.848
142.5,-38.169
-30.046,20.607
-27.961,22.052
164.41,-11.242
148.49,-71.962
-30.955,20.956
251.82,1.4139
364.14,-12.278
-27.961,22.052
47.791,-53.134
69.394,-48.184
-29.69,-49.832
167.15,81.975
146.76,-50.734
54.398,-54.314
-27.961,22.052
-27.961,22.052
-27.028,-80.061
-27.961,22.052
-27.961,22.052
120.41,-100.72
-27.045,18.84
-27.961,22.052
-27.028,-80.061
-28.331,-82.303
-27.493,-76.744
-27.961,22.052
-27.961,22.052
-27.028,-80.061
114.18,-43.962
-31.717,-77.351
-27.028,-80.061
120.8,4.8848
-27.713,19.532
-27.028,-80.061
-27.961,22.052
152.86,-50.093
-27.028,-80.061
-25.975,24.857
-25.429,-82.047
220.59,9.0052
-27.028,-80.061
-27.028,-80.061
-27.961,22.052
-27.961,22.052
-27.028,-80.061
-31.213,22.853
-27.028,-80.061
139.36,-113.04
150.21,6.2193
-27.961,22.052
-27.961,22.052
-27.961,22.052
-27.028,-80.061
-27.028,-80.061
-32.15,13.934
126.99,66.246
-25.478,22.531
-27.028,-80.061
-27.028,-80.061
-27.028,-80.061
57.374,-90.475
-27.961,22.052
-27.961,22.052
111.38,-63.06
-27.028,-80.061
-27.961,22.052
-29.69,-49.832
-29.69,-49.832
-29.69,-49.832
-29.69,-49.832
-29.69,-49.832
-27.961,22.052
-27.961,22.052
57.374,-90.475
-27.961,22.052
57.374,-90.475
-27.961,22.052
260.36,9.1275
-27.961,22.052
-27.961,22.052
-27.961,22.052
-27.961,22.052
145.87,62.705
-27.961,22.052
124.14,27.584
-27.305,12.676
-27.961,22.052
-25.417,21.811
-27.961,22.052
-27.961,22.052
-27.961,22.052
-27.961,22.052
-27.961,22.052
-27.961,22.052
-27.961,22.052
234.42,11.815
193.93,15.675
-138.46,-62.156
-25.975,24.857
-27.961,22.052
-27.961,22.052
156.05,11.109
300.92,26.224
-12.368,-116.51
-27.961,22.052
169.89,-82.562
-127.81,-84.542
160.42,35.052
134.05,61.674
-27.961,22.052
-29.955,19.374
-25.529,22.57
-27.961,22.052
-27.961,22.052
-27.961,22.051
-51.221,16.57
149.37,21.746
-27.961,22.052
-24.812,26.43
126.66,31.973
77.939,-69.367
-18.47,25.629
-24.897,20.739
-30.046,20.607
-30.485,22.557
-27.961,22.052
152.58,-90.418
-27.961,22.052
277.92,-1.2636
-27.961,22.052
270.28,-8.9907
-30.49,22.191
102.21,-98.141
-9.5314,-58.33
-29.151,31.458
295.71,-31.635
-30.955,20.956
-45.466,19.495
256.44,-39.694
-3.2106,-117.28
-25.368,30.103
417.52,0.77349
-25.417,21.811
-27.961,22.052
283.25,26.698
-27.961,22.052
126.99,36.097
197.82,-7.335
152.99,-81.853
102.36,25.934
211.47,-35.878
57.398,-97.504
-35.236,17.632
138.58,28.62
-27.961,22.052
-47.151,8.2841
-30.485,22.557
64.182,-93.118
191.4,-62.71
-25.651,23.518
-27.961,22.052
-27.961,22.052
146.13,-44.536
59.37,-65.278
-30.485,22.557
-28.084,19.521
398.44,-2.1989
-27.961,22.052
183.45,41.909
-27.961,22.052
181.61,47.894
-94.502,-119.11
-27.961,22.052
-27.095,-51.843
-28.239,-47.717
-27.095,-51.843
-17.663,-54.987
172.14,-57.821
193.03,-49.807
-29.417,19.972
-20.441,17.552
-27.961,22.052
371.74,7.6247
53.276,-48.61
-26.808,32.142
246.76,-38.662
-4.7332,17.041
-20.309,29.013
-10.248,11.597
-25.651,23.518
57.374,-90.475
-27.961,22.052
-27.961,22.052
237.55,-40.956
17.22,22.396
144.71,18.044
-27.452,25.291
132.72,-48.152
-27.961,22.052
-129.31,-20.624
30.86,-153.51
159.15,-68.026
327.47,-9.0035
5.2427,-150.35
187.89,22.021
-27.717,18.713
118.9,14.865
-169.29,-49.55
-169.29,-49.55
-169.29,-49.55
10.102,-132.02
-34.744,-50.854
24.579,-100.1
-27.202,-39.099
-39.236,-59.05
24.579,-100.1
-34.744,-50.854
-40.133,-57.838
16.942,-105.06
67.418,-132.56
-26.502,-33.396
-28.869,-45.948
-34.744,-50.854
-25.362,-30.996
9.5592,-134.41
-34.744,-50.854
-34.744,-50.854
-27.202,-39.099
-28.869,-45.948
-34.744,-50.854
25.819,-102.28
-27.202,-39.099
23.009,-98.123
-34.744,-50.854
334.79,-2.7122
435.13,5.7051
-27.961,22.052
210.44,-20.741
57.374,-90.475
-27.961,22.052
265.64,-18.477
156.05,11.109
227.57,16.414
165.99,39.902
-23.398,31.602
199.77,43.318
211.32,-8.6001
220.92,-6.9285
255.38,27.19
125.81,1.992
0.63876,-45.436
-28.869,-45.948
-28.869,-45.948
-28.869,-45.948
21.155,-105.32
-28.869,-45.948
-28.869,-45.948
30.238,-94.575
-23.948,-43.192
-28.869,-45.948
24.579,-100.1
2.2327,-75.046
-27.961,22.052
-26.725,19.836
-29.69,-49.831
-27.494,-50.942
-29.69,-49.831
-68.324,-77.929
119.69,49.383
-29.69,-49.832
-27.961,22.052
-77.033,-82.709
126.56,48.976
-30.456,27.402
-119.89,-47.254
-30.456,27.402
-30.261,-53.641
-120.36,-50.03
-27.491,-48.825
-31.48,-48.189
2.2327,-75.046
-161.93,-76.351
-18.153,-39.271
159.91,20.033
236.97,-26.976
-29.562,-47.398
234.25,0.052327
-29.885,-46.54
136.56,0.12172
133.28,-107.59
147.38,-3.063
-29.558,-52.258
42.7,-139.33
-32.489,-51.436
-17.599,-49.756
204.22,-10.046
-29.885,-46.54
269.24,30.683
-29.562,-47.398
202.59,32.23
-27.215,-49.713
-29.69,-49.832
-29.69,-49.832
177.92,0.41928
-29.885,-46.54
-29.573,-47.402
116.13,-107.72
-29.69,-49.832
-10.356,-123.43
289.93,6.621
-29.69,-49.832
192.18,-27.039
131.9,-90.777
-29.583,-47.408
219.51,21.224
340.59,-20.63
246.82,20.603
168.98,1.4506
-25.777,-48.829
-27.202,-39.099
-27.202,-39.099
-27.202,-39.099
-27.202,-39.099
-27.202,-39.099
-27.202,-39.099
-27.202,-39.099
-27.202,-39.099
-27.202,-39.099
-27.202,-39.099
-27.202,-39.099
-27.202,-39.099
-27.202,-39.099
-27.202,-39.099
-27.202,-39.099
-27.202,-39.099
106.45,-79.741
-29.122,-38.264
-27.202,-39.099
-28.369,-20.343
-27.202,-39.099
-25.274,-38.818
-27.202,-39.099
-27.202,-39.099
-25.538,-40.892
-27.202,-39.099
108.63,-55.653
-27.202,-39.099
-24.797,-40.296
-27.202,-39.099
-25.107,-37.545
-27.202,-39.099
-27.202,-39.099
-27.202,-39.099
-28.501,-41.292
-27.202,-39.099
-27.202,-39.099
-24.353,-39.554
-27.202,-39.099
-27.202,-39.099
-27.202,-39.099
-27.202,-39.099
-24.15,-38.259
-27.202,-39.099
-27.202,-39.099
-27.202,-39.099
-27.202,-39.099
-22.527,-53.95
-139.54,-95.353
-88.554,-6.3729
123.01,-108.99
-45.466,19.495
109.81,12.968
47.018,-129.06
-29.69,-49.831
357.15,-25.23
164.29,6.1834
-36.071,24.971
169.03,-33.515
-26.148,-49.213
148.04,-36.543
321.74,-18.708
122.49,53.657
107.72,-105.61
190.1,51.07
-17.78,-48.189
-19.514,-48.034
-28.239,-47.717
454.31,-2.0342
-42.417,-96.322
232.09,26.259
-11.648,-94.38
203.07,-37.741
49.665,-129.23
49.725,-64.667
114.62,-81.15
-29.69,-49.832
49.903,-103.64
242.64,8.6831
97.528,-2.1242
-29.69,-49.832
83.097,-1.7595
228.45,-43.617
49.35,-131.88
-31.008,-58.393
-18.028,-42.386
-18.028,-42.386
349.49,-14.061
145.83,10.659
141.12,23.316
330.98,-26.064
-29.69,-49.832
-29.69,-49.832
-29.69,-49.832
-28.557,-51.999
-26.534,-47.606
-31.483,-47.161
615.51,4.9473
245.56,-6.3002
129.82,-16.935
-38.795,-50.76
-38.795,-50.761
-38.795,-50.761
-38.795,-50.761
-37.604,-48.491
-38.795,-50.761
-38.795,-50.761
-38.795,-50.761
-38.795,-50.761
-38.795,-50.76
-39.935,-54.24
-38.795,-50.761
-66.783,8.4297
-38.795,-50.761
-29.69,-49.832
57.406,7.9442
-29.69,-49.832
-29.69,-49.832
159,66.836
63.156,11.684
-29.69,-49.832
79.412,30.484
71.805,27.466
-29.69,-49.832
169.24,58.749
57.528,13.494
62.979,6.1955
-98.165,-13.972
-31.104,-52.212
-0.66751,46.284
73.858,34.955
-29.69,-49.831
-31.104,-52.212
-45.727,-80.358
49.197,20.74
73.121,40.337
70.911,-138.96
79.412,30.484
-31.104,-52.212
-29.69,-49.832
-34.357,-61.221
-34.357,-61.221
-28.869,-45.948
-33.521,-55.452
-29.69,-49.831
-34.357,-61.221
-31.104,-52.212
-28.538,-56.816
-29.69,-49.831
-29.69,-49.832
-26.869,-48.423
-34.357,-61.221
11.658,36.094
-29.69,-49.832
11.658,36.094
70.836,4.4898
79.412,30.484
70.836,4.4898
-29.69,-49.831
79.412,30.484
70.836,4.4898
70.836,4.4898
79.412,30.484
68.794,9.657
70.906,2.0207
303.14,11.754
79.412,30.484
-29.69,-49.832
-29.69,-49.832
-29.69,-49.832
-32.742,-49.748
87.513,-7.0059
-31.104,-52.212
-29.69,-49.832
-34.744,-50.854
-29.69,-49.832
91.579,-88.732
-34.744,-50.854
-33.521,-55.452
-29.69,-49.832
-29.69,-49.832
-29.69,-49.832
-33.521,-55.452
-24.498,-58.049
-27.842,-53.348
-27.842,-53.348
-29.69,-49.832
108.93,-127.02
-29.69,-49.832
-24.498,-58.049
-29.69,-49.831
-34.744,-50.854
-22.465,-39.503
91.579,-88.732
-29.69,-49.832
-30.051,-60.953
-29.69,-49.832
-24.498,-58.049
-30.688,-47.603
-28.976,-53.676
-28.869,-45.948
-29.69,-49.832
-23.986,-60.845
-27.842,-53.348
-33.521,-55.452
-29.69,-49.832
-29.69,-49.831
-34.744,-50.854
-31.954,-50.843
-26.869,-48.423
-29.69,-49.831
-29.69,-49.832
-33.09,-58.928
-29.69,-49.831
-30.051,-60.953
-29.69,-49.831
-27.842,-53.348
-24.498,-58.049
-31.104,-52.212
-33.521,-55.452
-29.69,-49.832
-28.538,-56.816
-29.69,-49.832
-29.69,-49.832
-33.521,-55.452
-29.549,-52.251
-29.69,-49.832
-29.69,-49.832
-31.954,-50.843
-29.69,-49.832
-31.954,-50.843
-29.69,-49.832
-24.498,-58.049
-27.842,-53.348
-34.357,-61.221
-33.521,-55.452
-31.104,-52.212
-24.498,-58.049
-29.69,-49.832
-33.521,-55.452
-38.209,-73.479
-31.104,-52.212
-24.498,-58.049
-31.954,-50.843
144.31,38.388
-29.69,-49.832
-29.69,-49.831
-33.521,-55.452
-27.842,-53.348
-33.521,-55.452
-33.521,-55.452
-29.69,-49.832
-24.498,-58.049
-29.69,-49.832
-33.521,-55.452
-29.69,-49.832
-34.357,-61.221
-29.69,-49.832
-24.498,-58.049
-29.69,-49.831
-33.521,-55.452
-34.744,-50.854
-31.954,-50.843
-33.521,-55.452
-29.69,-49.832
-31.104,-52.212
-33.521,-55.452
-26.869,-48.423
-29.69,-49.832
-34.357,-61.221
-29.69,-49.832
93.543,-135.08
-32.013,-47.798
-29.69,-49.832
-26.869,-48.423
-29.69,-49.832
-31.954,-50.843
-29.69,-49.832
-24.498,-58.049
-33.521,-55.452
-24.498,-58.049
-29.69,-49.832
-29.69,-49.832
-24.498,-58.049
-29.69,-49.832
-33.521,-55.452
-29.69,-49.832
-33.521,-55.452
-22.494,-42.71
-29.69,-49.832
-29.69,-49.832
-29.69,-49.832
-29.69,-49.832
-29.69,-49.832
-29.69,-49.832
-31.104,-52.212
-29.69,-49.832
-34.744,-50.854
-29.69,-49.832
-26.869,-48.423
-29.69,-49.832
-29.69,-49.832
-33.521,-55.452
-27.842,-53.348
-33.521,-55.452
-24.498,-58.049
-19.538,-59.645
463.25,4.951
163.12,-43.281
158.88,26.188
80.624,-161.29
164.81,-50.932
88.303,-119.03
293.03,-3.1736
219.47,-38.922
86.879,-112.19
136.93,-101.19
86.434,-121.86
60.015,-57.133
105.98,-72.083
-31.104,-52.212
-29.69,-49.832
319.92,12.406
120.99,-78.148
81.068,-126.4
101.98,-123.28
362.87,18.201
282.89,-21.495
234.07,-15.808
329.81,16.585
285.62,-33.54
186.99,31.047
157.6,-11.291
89.524,-155.28
173.53,-4.487
152.64,-66.537
227.02,-22.496
104.26,5.2188
-59.671,-32.368
104.26,5.2188
-59.671,-32.368
171.21,-11.596
-59.671,-32.368
-59.671,-32.368
-24.498,-58.049
-59.671,-32.368
104.26,5.2188
104.26,5.2188
-59.671,-32.368
50.97,-166.75
-24.498,-58.049
-59.671,-32.368
-59.671,-32.368
-59.671,-32.368
104.26,5.2188
-59.671,-32.368
-33.521,-55.452
96.074,-116.91
59.307,-109.4
104.26,5.2188
-59.671,-32.368
-59.671,-32.368
-59.671,-32.368
-24.498,-58.049
147.07,-63.357
-59.671,-32.368
-24.498,-58.049
-59.671,-32.368
73.924,-86.615
125.66,-73.726
-24.498,-58.049
-59.671,-32.368
-24.498,-58.049
104.26,5.2188
95.172,-147.23
-33.521,-55.452
-22.345,-59.962
-59.671,-32.368
-24.498,-58.049
96.074,-116.91
148.69,34.2
-22.345,-59.962
-24.498,-58.049
104.26,5.2188
-24.498,-58.049
-59.671,-32.368
-59.671,-32.368
-59.671,-32.368
163.35,-17.922
104.26,5.2188
-24.498,-58.049
104.26,5.2188
-31.954,-50.843
-59.671,-32.368
-24.498,-58.049
-24.498,-58.049
-59.671,-32.368
-24.498,-58.049
-24.498,-58.049
-59.671,-32.368
-33.521,-55.452
-60.661,-30.063
-59.671,-32.368
-59.671,-32.368
-59.671,-32.368
-59.671,-32.368
-24.498,-58.049
104.26,5.2188
31.762,-139.58
-24.498,-58.049
107.56,-92.029
211.1,35.597
-59.671,-32.368
-59.671,-32.368
-33.521,-55.452
-28.915,-52.909
83.503,-132.59
-28.915,-52.909
-28.915,-52.909
-28.915,-52.909
31.931,-119.85
-28.915,-52.909
-28.131,-62.222
-36.89,-57.541
-59.671,-32.368
-59.671,-32.368
-59.671,-32.368
-59.671,-32.368
-59.671,-32.368
-59.671,-32.368
-36.89,-57.541
-28.199,-51.703
-59.671,-32.368
-59.671,-32.368
-59.671,-32.368
-59.671,-32.368
-59.671,-32.368
-59.671,-32.368
-59.671,-32.368
-36.89,-57.541
-59.671,-32.368
-59.671,-32.368
-59.671,-32.368
-59.671,-32.368
-59.671,-32.368
-59.671,-32.368
-40.93,-64.139
-59.671,-32.368
-59.671,-32.368
-62.162,-32.67
-59.671,-32.368
-36.89,-57.541
-59.671,-32.368
-59.671,-32.368
-59.671,-32.368
-59.671,-32.368
-59.671,-32.368
-59.671,-32.368
-59.671,-32.368
-59.671,-32.368
-59.671,-32.368
-59.671,-32.368
-34.744,-50.854
-59.671,-32.368
-59.671,-32.368
-59.671,-32.368
-59.671,-32.368
-59.671,-32.368
101.8,-12.139
-59.671,-32.368
-36.89,-57.541
-59.671,-32.368
-59.671,-32.368
-59.671,-32.368
-59.671,-32.368
-59.671,-32.368
-29.69,-49.832
-59.671,-32.368
-59.671,-32.368
-59.671,-32.368
-59.671,-32.368
-59.671,-32.368
-59.671,-32.368
-32.027,-50.428
104.26,5.2188
-59.671,-32.368
-29.69,-49.832
-59.671,-32.368
-59.671,-32.368
-59.671,-32.368
-36.89,-57.541
118.19,-34.7
-39.376,-48.25
-38.795,-50.761
-38.795,-50.761
-38.795,-50.761
-39.081,-47.939
118.19,-34.7
-38.795,-50.761
74.295,-61.6
74.295,-61.6
-48.161,-56.32
-38.795,-50.761
-38.795,-50.761
-38.795,-50.761
74.295,-61.6
-38.257,-48.167
-38.795,-50.76
-38.795,-50.761
77.939,-69.367
-38.795,-50.761
-48.161,-56.32
-41.235,-51.664
74.295,-61.6
-38.795,-50.761
74.295,-61.6
-38.795,-50.761
-48.161,-56.32
-38.795,-50.761
-38.795,-50.761
74.295,-61.6
-38.795,-50.761
74.295,-61.6
74.295,-61.6
-38.795,-50.761
-38.795,-50.761
-38.795,-50.761
80.207,-70.631
93.559,-101.34
-38.257,-48.168
-38.795,-50.761
-38.795,-50.761
-38.795,-50.761
74.295,-61.6
-28.884,-52.077
-38.795,-50.761
-38.795,-50.761
-38.795,-50.761
74.944,-59.153
77.977,-66.854
-38.795,-50.761
-38.795,-50.761
-38.795,-50.761
-38.795,-50.761
-38.795,-50.761
-38.795,-50.761
-29.69,-49.831
118.19,-34.7
-38.795,-50.761
-38.795,-50.761
74.295,-61.6
-71,-64.768
-38.795,-50.761
-38.795,-50.76
80.207,-70.631
-38.795,-50.761
-38.795,-50.761
-38.795,-50.761
118.19,-34.7
-38.795,-50.761
-38.795,-50.761
-38.795,-50.761
74.295,-61.6
-38.795,-50.761
-48.161,-56.32
-38.795,-50.761
-38.795,-50.761
80.207,-70.631
74.295,-61.6
133.17,-73.929
-38.795,-50.761
100.2,-108.41
74.295,-61.6
74.295,-61.6
114.99,-93.669
-38.795,-50.761
-40.669,-48.213
71.877,-60.845
-40.726,-55.001
-38.795,-50.761
74.295,-61.6
-38.795,-50.761
-38.795,-50.761
-38.795,-50.761
-39.376,-48.25
-38.795,-50.761
-29.69,-49.832
98.96,-106.31
-48.161,-56.32
-38.795,-50.761
74.295,-61.6
118.19,-34.7
74.295,-61.6
-38.795,-50.761
-38.795,-50.761
-38.795,-50.761
-38.795,-50.761
-39.081,-47.939
74.295,-61.6
-38.795,-50.761
74.295,-61.6
-37.959,-53.158
-38.795,-50.761
-38.795,-50.761
-71,-64.768
74.295,-61.6
74.295,-61.6
-38.795,-50.761
80.207,-70.631
118.19,-34.7
74.295,-61.6
-38.795,-50.761
-47.818,-47.68
-41.235,-51.664
-38.795,-50.761
-38.795,-50.761
-29.69,-49.832
-38.795,-50.761
-71,-64.768
-38.795,-50.761
-38.795,-50.761
-27.039,-46.884
-41.235,-51.664
-38.795,-50.761
-38.795,-50.761
-37.959,-53.158
-71,-64.768
-38.795,-50.761
-44.119,-53.786
-71,-64.768
-41.235,-51.664
-37.074,-49.021
-38.795,-50.761
-38.795,-50.761
-38.795,-50.761
-71,-64.768
-41.235,-51.664
-38.795,-50.761
-38.795,-50.761
-38.795,-50.761
-38.795,-50.761
-38.795,-50.761
-38.795,-50.761
-38.795,-50.761
-38.795,-50.761
158.44,-3.5797
-38.795,-50.761
-38.795,-50.761
-71,-64.768
-38.795,-50.761
-31.917,-47.526
-38.795,-50.761
-39.882,-47.831
-38.795,-50.761
-41.235,-51.664
-41.235,-51.664
-41.235,-51.664
-38.795,-50.761
-41.235,-51.664
-38.795,-50.761
-54.596,-52.978
-38.795,-50.761
-41.235,-51.664
-38.795,-50.761
-38.795,-50.761
-38.795,-50.761
-41.235,-51.664
-41.391,-49.33
-71,-64.768
-38.795,-50.761
-37.959,-53.158
-38.795,-50.761
-38.795,-50.761
-38.795,-50.761
-38.795,-50.761
-40.276,-48.545
-38.795,-50.761
-37.074,-49.021
-38.795,-50.761
-38.795,-50.761
-41.235,-51.664
-41.235,-51.664
-52.913,-59.324
-41.235,-51.664
-38.795,-50.761
-44.607,-51.396
-38.795,-50.761
-38.795,-50.761
-41.235,-51.664
-38.795,-50.761
-71,-64.768
-41.235,-51.664
-38.795,-50.761
-38.795,-50.761
-38.795,-50.761
-47.818,-47.68
-38.795,-50.761
-40.878,-49.027
-38.795,-50.761
-38.795,-50.761
-38.795,-50.761
-38.795,-50.761
76.098,24.363
-38.795,-50.761
-38.795,-50.76
-38.795,-50.761
-41.235,-51.664
-41.235,-51.664
-38.795,-50.761
-39.069,-53.371
-38.795,-50.761
-40.878,-49.027
-38.795,-50.761
-38.795,-50.761
-38.795,-50.761
-38.795,-50.761
-71,-64.768
-38.795,-50.761
-38.795,-50.761
-38.795,-50.761
-38.795,-50.761
-37.77,-48.388
-38.795,-50.761
-38.795,-50.761
-29.69,-49.831
-39.983,-48.428
-38.795,-50.761
157.78,-1.1654
-29.69,-49.831
-53.575,-70.177
-38.795,-50.761
157.78,-1.1654
-41.235,-51.664
-41.235,-51.664
-38.795,-50.761
-38.795,-50.761
-38.795,-50.761
-71,-64.768
-41.235,-51.664
-30.01,-63.818
-38.795,-50.761
-38.795,-50.761
-38.795,-50.761
-38.795,-50.761
-28.869,-45.948
-38.795,-50.761
-38.795,-50.761
-38.795,-50.761
-38.795,-50.761
157.21,1.2738
-38.795,-50.761
-41.235,-51.664
-38.795,-50.761
-38.795,-50.761
-38.795,-50.761
-38.795,-50.761
-38.795,-50.761
-38.795,-50.761
-38.795,-50.761
-41.235,-51.664
-38.795,-50.761
-38.795,-50.761
-39.983,-48.428
-29.69,-49.832
-38.795,-50.761
-38.795,-50.761
-38.795,-50.761
-41.235,-51.664
-41.235,-51.664
-38.795,-50.76
-38.795,-50.761
-38.795,-50.761
-41.235,-51.664
-38.795,-50.76
-38.795,-50.761
-28.869,-45.948
-38.795,-50.761
-38.795,-50.761
-38.795,-50.761
-41.235,-51.664
-41.235,-51.664
-41.391,-49.33
-41.235,-51.664
-41.235,-51.664
-37.959,-53.158
-38.795,-50.761
-38.795,-50.761
-29.69,-49.832
-38.795,-50.761
-71,-64.768
-41.235,-51.664
-30.01,-63.818
-47.818,-47.68
-38.795,-50.761
-38.795,-50.761
-29.69,-49.832
-38.795,-50.761
-38.795,-50.761
-38.795,-50.761
-41.235,-51.664
-41.235,-51.664
-38.795,-50.76
-38.795,-50.761
-38.795,-50.761
-41.235,-51.664
-38.795,-50.761
-38.795,-50.761
-45.028,-52.742
-38.795,-50.761
-38.795,-50.761
-40.878,-49.027
-38.795,-50.761
-38.795,-50.761
-38.795,-50.761
-38.795,-50.761
-38.795,-50.761
-38.795,-50.761
-71,-64.768
-38.795,-50.761
-38.795,-50.76
-38.795,-50.761
-41.235,-51.664
-41.235,-51.664
-37.959,-53.158
-38.795,-50.761
-38.795,-50.761
-29.69,-49.832
-38.795,-50.761
-38.795,-50.761
-47.818,-47.68
-38.795,-50.761
-38.795,-50.76
-28.869,-45.948
-38.795,-50.761
-37.77,-48.388
-41.235,-51.664
-38.795,-50.76
-38.795,-50.761
-39.983,-48.428
-71,-64.768
-40.726,-55.001
-38.795,-50.761
-38.795,-50.761
-38.795,-50.761
157.78,-1.1654
-40.878,-49.027
-62.887,-95.514
-38.795,-50.761
-38.795,-50.761
-38.795,-50.761
-71,-64.768
-38.724,-48.173
-38.795,-50.761
-38.795,-50.761
-38.795,-50.761
-38.795,-50.761
-41.235,-51.664
-39.069,-53.371
-41.235,-51.664
-38.795,-50.761
-41.235,-51.664
-38.795,-50.761
-49.39,-52.229
-38.795,-50.761
-37.959,-53.158
-29.69,-49.832
-38.795,-50.761
-38.795,-50.76
-71,-64.768
-41.235,-51.664
-41.235,-51.664
-41.235,-51.664
-29.69,-49.832
-30.01,-63.818
-38.795,-50.761
-38.795,-50.761
-44.026,-52.805
157.14,-45.667
-44.607,-51.396
-38.795,-50.761
-38.795,-50.761
-41.235,-51.664
-38.795,-50.761
-71,-64.768
-38.795,-50.761
-38.795,-50.761
-38.795,-50.761
-41.235,-51.664
-38.795,-50.761
-40.726,-55.001
-38.795,-50.761
-38.795,-50.761
-37.074,-49.021
-38.795,-50.761
-41.235,-51.664
-38.795,-50.761
60.588,-34.455
-38.557,-48.143
-29.69,-49.832
-41.235,-51.664
-38.795,-50.761
-38.795,-50.761
-38.795,-50.761
-71,-64.768
-38.795,-50.761
-38.795,-50.761
-71,-64.768
-41.235,-51.664
-47.818,-47.68
-43.395,-54.455
-38.795,-50.761
-38.795,-50.761
-30.913,-46.846
-38.795,-50.761
-38.795,-50.761
-38.795,-50.761
-38.795,-50.761
-38.795,-50.761
-38.795,-50.761
-41.235,-51.664
-38.795,-50.761
-38.795,-50.761
-38.795,-50.761
-53.575,-70.177
-38.795,-50.761
157.78,-1.1654
-38.795,-50.761
-38.795,-50.761
-38.764,-55.041
-38.795,-50.761
-40.878,-49.027
-41.235,-51.664
-38.795,-50.761
-39.069,-53.371
-44.608,-50.225
-38.795,-50.761
-29.69,-49.832
-32.058,-49.293
-20.398,-53.701
-29.69,-49.832
-59.671,-32.368
-59.671,-32.368
151.75,55.56
-59.671,-32.368
-29.988,-66.62
-59.671,-32.368
-59.671,-32.368
-59.671,-32.368
-59.671,-32.368
-59.671,-32.368
-59.671,-32.368
93.336,-137.56
-59.671,-32.368
-22.595,-64.525
-21.414,-50.767
-22.595,-64.525
-22.595,-64.525
-21.433,-68.465
-22.595,-64.525
-20.147,-66.29
-22.595,-64.525
-22.595,-64.525
-22.595,-64.525
-22.595,-64.525
-22.595,-64.525
-18.953,-68.268
78.049,38.749
-156.54,-88.161
77.03,-143.82
43.295,-157.75
77.939,-69.367
-27.215,-49.713
-29.69,-49.832
144.37,-99.616
77.226,-71.935
-29.69,-49.831
77.939,-69.367
126.95,-103.21
-29.69,-49.832
-7.37,-152.38
115.44,-140.64
42.31,-155.46
-29.69,-49.832
77.939,-69.367
77.939,-69.367
-29.69,-49.832
-32.091,-49.577
-29.69,-49.832
-7.37,-152.38
77.939,-69.367
-29.69,-49.832
127.03,-86.399
77.939,-69.367
49.665,-129.23
-29.69,-49.832
-26.148,-49.213
-32.753,-50.94
77.939,-69.367
-29.69,-49.832
-29.69,-49.832
-29.69,-49.832
77.939,-69.367
-27.215,-49.713
-29.69,-49.832
77.939,-69.367
77.939,-69.367
-29.69,-49.832
114.01,15.845
-29.69,-49.831
-29.69,-49.832
42.31,-155.46
49.665,-129.23
-9.8996,-152.55
-3.8242,-159.67
77.939,-69.367
-29.69,-49.832
77.939,-69.367
-27.355,-49.129
-29.69,-49.832
77.939,-69.367
103.28,-85.986
-29.69,-49.832
-29.69,-49.832
-32.091,-49.577
-29.69,-49.832
-29.69,-49.832
-29.69,-49.832
-29.69,-49.832
42.31,-155.46
77.939,-69.367
207.38,-49.253
-29.69,-49.832
-29.69,-49.832
-4.9337,-153.08
-28.239,-47.717
77.939,-69.367
-27.215,-49.713
-29.69,-49.832
75.458,-70.398
-29.69,-49.832
-7.37,-152.38
133.94,-76.257
77.939,-69.367
-29.69,-49.832
246.01,-23.73
-27.215,-49.713
-29.69,-49.832
-29.69,-49.831
77.939,-69.367
-29.69,-49.831
-29.69,-49.831
77.226,-71.935
-29.69,-49.832
121.3,59.104
133.61,-83.748
-59.671,-32.368
-59.671,-32.368
-59.671,-32.368
-59.671,-32.368
-59.671,-32.368
-59.671,-32.368
-59.671,-32.368
-59.671,-32.368
-59.671,-32.368
-59.671,-32.368
-59.671,-32.368
-59.671,-32.368
-59.671,-32.368
-57.469,-33.658
-59.671,-32.368
-59.671,-32.368
-59.671,-32.368
-59.671,-32.368
122.9,44.734
-59.671,-32.368
-59.671,-32.368
-59.671,-32.368
-59.671,-32.368
-59.671,-32.368
-59.671,-32.368
-59.671,-32.368
-59.671,-32.368
-59.671,-32.368
-59.671,-32.368
-57.469,-33.658
-59.671,-32.368
-59.671,-32.368
-59.671,-32.368
-59.671,-32.368
-59.671,-32.368
-59.671,-32.368
-59.671,-32.368
-59.671,-32.368
59.02,-148.1
-59.671,-32.368
-59.671,-32.368
-59.671,-32.368
-59.671,-32.368
-59.671,-32.368
-26.502,-33.396
-26.502,-33.396
-26.502,-33.396
-26.502,-33.396
-26.502,-33.396
-26.502,-33.396
-26.502,-33.396
-26.502,-33.396
43.904,-87.632
-26.502,-33.396
-26.502,-33.396
-25.362,-30.996
-26.502,-33.396
-23.617,-23.955
-26.502,-33.396
-26.502,-33.396
-26.502,-33.396
-26.502,-33.396
-26.502,-33.396
110.19,31.949
-26.502,-33.396
-23.888,-33.567
-26.502,-33.396
-26.502,-33.396
-26.502,-33.396
-26.502,-33.396
-26.502,-33.396
-26.502,-33.396
-26.502,-33.396
-26.502,-33.396
-26.502,-33.396
-28.587,-31.704
-26.502,-33.396
-26.502,-33.396
-26.502,-33.396
-26.502,-33.396
-26.502,-33.396
-26.502,-33.396
-26.502,-33.396
-26.502,-33.396
-26.502,-33.396
-26.502,-33.396
-25.362,-30.996
43.256,-105.94
-29.078,-33.017
38.973,-75.755
-27.609,-30.943
-26.502,-33.396
-26.502,-33.396
-26.502,-33.396
-26.502,-33.396
-26.502,-33.396
-24.064,-32.195
-26.502,-33.396
138.11,-93.125
165.53,-25.901
-29.69,-49.831
-26.148,-49.213
128.75,-113.86
-27.355,-49.129
-19.514,-48.034
-29.69,-49.832
127.3,-122.84
-27.215,-49.713
-28.239,-47.717
194.53,29.366
361.15,-0.14793
-17.78,-48.189
-25.655,-49.752
-76.829,-51.899
-26.148,-49.213
149.6,41.307
301.96,-17.725
-29.558,-52.258
-26.148,-49.213
-27.215,-49.713
164.38,63.267
-27.215,-49.713
-23.283,-67.349
-80.192,-97.433
-28.585,-52.009
-28.585,-52.009
-108.82,-112.13
94.283,2.2448
54.665,-115.22
105.8,21.949
31.848,-11.778
71.009,22.145
151.93,-40.371
63.155,19.987
63.155,19.987
63.155,19.987
63.155,19.987
63.155,19.987
63.155,19.987
91.248,-38.777
346.97,21.309
154.26,-22.166
143.67,31.413
99.41,-90.248
131.9,-40.668
132.18,49.902
34.28,-13.147
57.374,-90.475
160.39,87.685
283.74,-9.1234
162.85,-35.512
-27.961,22.052
57.374,-90.475
261.15,-5.3468
94.404,-36.111
-27.961,22.052
101.37,-24.53
94.404,-36.111
131.67,-18.695
237.8,-8.4344
129.98,-26.419
126.71,33.627
219.37,30.977
156.06,-59.999
199.75,8.2901
94.404,-36.111
142.26,-14.294
-27.961,22.052
131.67,-18.695
137.2,-12.334
-29.69,-49.832
-27.29,-50.341
-29.69,-49.832
28.254,-10.877
-29.69,-49.832
-29.69,-49.831
-29.69,-49.832
-26.861,-47.351
-29.69,-49.832
-31.988,-49.019
-25.651,23.518
-29.69,-49.832
-28.861,-52.074
-31.303,-48.004
-25.651,23.518
-29.69,-49.832
-29.69,-49.832
-25.651,23.518
-29.69,-49.832
-29.69,-49.832
-29.69,-49.832
-15.026,-56.771
-23.683,24.281
-29.69,-49.832
-25.651,23.518
-29.69,-49.832
-29.69,-49.832
-118.66,-99.398
-118.66,-99.398
90.116,-29.379
258.72,-28.412
94.404,-36.111
310.93,-11.568
170.39,-48.122
273.43,-23.149
154.26,-22.166
408.51,-4.0257
204.29,1.2545
427.05,-5.1188
180.08,22.386
138.65,18.343
140.27,-6.7419
-21.174,-123.31
-35.523,-65.338
-29.69,-49.832
34.47,-167.03
110.09,19.278
-27.961,22.052
-0.18559,-142.12
-31.795,-48.574
-4.2741,-96.812
-29.69,-49.831
-31.795,-48.574
73.168,-5.1784
64.295,-51.926
5.0104,-73.363
13.091,-86.828
101.5,19.034
139.07,52.78
88.894,21.836
62.228,-139.35
-95.788,-84.77
60.538,-133.16
-29.69,-49.832
56.538,-29.97
-78.26,-1.1863
-61.869,-81.188
-6.2071,-51.713
50.316,-58.256
-29.69,-49.832
78.543,-19.988
76.687,-102.52
-14.587,-81.167
98.466,23.446
0.65232,-102.43
0.69138,-77.205
2.2327,-75.046
81.698,11.733
-35.009,-88.345
2.2327,-75.046
105.4,38.289
0.64085,-73.028
70.194,-103.89
2.2327,-75.046
-36.59,-92.738
79.971,-43.861
84.666,19.241
0.64085,-73.028
-16.041,-43.944
-17.234,-61.099
30.013,-54.554
-9.6444,-66.653
89.728,-1.0857
-19.301,-50.858
12.573,-118.72
-6.2071,-51.713
-29.69,-49.832
2.2327,-75.046
35.626,-58.031
2.2327,-75.046
-19.301,-50.858
33.931,-71.373
-31.589,-107.08
-31.795,-48.574
41.83,-55.412
110.49,25.38
-29.69,-49.832
146.21,-30.375
57.72,-161.22
32.675,15.817
-135.7,-70.687
-30.26,-53.637
-66.66,-84.103
77.784,-13.958
-29.69,-49.832
65.391,-29.299
63.725,-154.85
11.594,-168.24
-29.69,-49.832
2.2327,-75.046
66.116,-144.85
-30.656,-46.774
-3.0391,-127.25
0.69138,-77.205
91.314,-61.344
2.2327,-75.046
156.35,94.918
85.98,-146.46
-89.277,0.42978
3.5619,-72.211
2.2327,-75.046
-29.69,-49.832
177.05,57.191
-29.69,-49.832
23.478,-168.24
-29.69,-49.832
-54.98,-91.463
-29.69,-49.831
10.026,-101.15
-30.656,-46.774
114.16,65.839
78.083,-91.433
251.71,-9.5778
-31.795,-48.574
-17.234,-61.099
-4.2741,-96.812
106.98,43.114
101.45,42.069
-108.69,-97.387
-32.575,-126.26
-54.389,-65.421
49.513,-76.709
-2.5802,-78.998
117.38,44.319
3.6125,-84.997
-0.89984,-73.34
-29.69,-49.832
-31.342,-90.782
54.702,-60.924
26.733,-173.61
-29.69,-49.832
87.442,35.43
2.2327,-75.046
-29.69,-49.832
-31.795,-48.574
68.006,-98.676
-29.69,-49.832
-8.3312,-142.1
-24.037,-50.025
-126.59,-30.703
-24.037,-50.025
11.287,-79.824
96.583,40.001
-29.69,-49.832
-27.494,-50.942
-27.961,22.052
108.43,-3.3278
-26.041,-48.221
105.29,15.782
2.2327,-75.046
-32.646,-95.62
0.69138,-77.205
77.812,8.5343
116.84,-65.137
50.046,-70.861
54.543,-67.257
0.11485,-80.999
1.6454,-133.63
-138.56,-31.691
55.358,-78.636
2.2327,-75.046
-19.569,-44.367
-95.788,-84.77
34.531,-87.885
114.71,-57.515
144.45,50.634
-24.474,-54.778
2.2327,-75.046
-27.761,-51.472
111.23,53.582
4.4636,-76.472
77.764,-7.9356
-107.34,-30.807
94.404,-36.111
163.94,30.494
202.05,-19.653
256.2,-18.254
157.28,-38.361
124.52,-58.158
191.19,-36.648
216.99,-49.37
191.56,38.505
382.69,15.3
205.84,-27.898
101.37,-24.53
94.404,-36.111
92.1,-34.927
124.69,-22.484
138.82,-9.2092
124.99,-55.701
131.67,-18.695
169.32,50.802
31.848,-11.778
22.808,-65.667
-69.007,-4.6096
92.012,37.782
6.7069,-159.41
-27.961,22.052
-95.788,-84.77
-25.166,20.164
174.35,66.641
-95.788,-84.77
44.767,-8.7562
78.155,3.4056
-95.788,-84.77
118.73,-49.668
-95.788,-84.77
-117.75,-14.746
90.857,26.864
34.28,-13.147
105.07,33.24
-128.24,-28.8
11.463,11.701
-168.97,-39.423
46.905,-110.59
61.844,-40.145
-101.65,-24.868
167.22,-69.296
133.83,-17.295
389.19,-16.489
156.88,50.462
153.05,-99.546
195.38,0.85866
94.404,-36.111
152.44,62.803
131.67,-18.695
153.79,29.74
191.49,7.1004
131.67,-18.695
98.642,-29.402
148.68,75.981
129.14,-19.04
201.43,-58.424
163.14,46.818
163.99,14.967
240.33,32.652
131.67,-18.695
96.169,-38.002
167.02,-5.0053
164.05,-60.445
94.404,-36.111
160.6,-83.888
94.404,-36.111
124.29,-15.853
131.67,-18.695
96.56,-34.678
131.67,-18.695
134.09,-19.516
131.67,-18.695
306.21,-32.936
94.404,-36.111
154.26,-22.166
189.08,-11.628
131.67,-18.695
138.25,-14.816
94.404,-36.111
94.404,-36.111
37.44,-2.1551
153.13,-32.409
-103.22,-105.27
131.67,-18.695
94.404,-36.111
-26.789,22.482
-5.6846,-108.46
31.848,-11.778
91.844,32.132
142.77,79.091
92.457,43.344
-25.846,-50.753
51.358,12.433
68.243,-13.092
55.472,-73.175
133.03,44.339
55.659,-38.259
24.619,-122.86
114.27,49.011
28.787,-68.62
66.323,-34.506
147.73,68.756
71.337,-36.032
42.529,-39.07
73.062,-10.896
-48.778,-86.021
145.57,56.576
118.88,20.215
65.792,-108.65
62.954,-103.17
42.346,-48.939
115.05,60.037
31.627,-14.506
47.679,-46.769
60.784,-70.028
90.825,17.285
87.044,30.294
31.848,-11.778
82.281,-10.306
139.79,59.135
34.28,-13.147
93.389,-33.729
160.42,-30.833
124.52,-58.158
94.404,-36.111
129.09,-11.188
154.26,-22.166
94.404,-36.111
152.33,27.805
94.404,-36.111
131.67,-18.695
131.67,-18.695
96.977,-36.393
475.54,-0.73226
313.13,22.73
130.35,-20.884
94.404,-36.111
154.28,-19.673
550.18,2.9508
91.929,-36.713
154.26,-22.166
131.67,-18.695
131.67,-18.695
164.05,-60.445
141.94,-66.992
94.404,-36.111
94.404,-36.111
124.52,-58.158
131.67,-18.695
131.67,-18.695
131.67,-18.695
124.52,-58.158
94.404,-36.111
94.404,-36.111
124.52,-58.158
131.67,-18.695
132.55,-21.095
131.67,-18.695
94.404,-36.111
131.67,-18.695
131.67,-18.695
263.14,18.73
131.67,-18.695
131.67,-18.695
131.67,-18.695
94.404,-36.111
131.67,-18.695
94.404,-36.111
94.404,-36.111
131.67,-18.695
154.26,-22.166
68.369,-5.9512
127.62,-79.919
112.57,-51.13
29.179,-75.78
150.02,14.901
135.14,69.104
137.87,8.0763
64.711,-119.93
150.77,-56.981
155.06,-74.845
29.459,-46.637
31.627,-14.506
75.717,-39.716
60.243,1.3238
-28.225,56.408
-5.159,50.034
-121.68,-1.2336
75.528,12.699
40.554,28.914
-116.67,77.648
-111.72,37.241
-127.44,74.097
41.916,100.95
-15.003,81.234
-32.288,66.2
-166.35,-26.175
-28.324,91.617
-92.811,21.231
-137.25,89.427
-96.357,16.668
9.516,21.272
8.4981,18.679
9.516,21.272
-150.52,-5.4231
-173.13,7.1957
-142.1,3.0773
-156.48,-11.643
-151.65,-7.613
-156.48,-11.643
-141.11,0.69133
-141.11,0.69133
-133.49,16.5
-143.11,5.5117
-142.1,3.0773
-142.1,3.0773
-142.1,3.0773
-142.1,3.0773
-144.67,2.4485
-139.84,4.4419
-165.49,-33.206
-138.62,12.929
-157.72,-13.793
-156.48,-11.643
-142.1,3.0773
-193.49,-27.045
-191.09,-14.879
126.79,99.178
-114.59,71.166
-29.254,72.753
-35.723,56.314
53.634,145.6
-182.73,-23.688
-183.12,-30.362
-179.51,-25.185
-177.38,-37.942
-158.42,-37.12
-144.97,-19.778
-147.32,-17.197
-147.32,-17.197
-81.925,5.4795
-106.02,3.8339
-133.45,-4.1379
-130.82,-11.012
-171.41,-14.776
6.2385,48.176
27.88,57.897
23.064,56.56
23.064,56.56
-189.88,-4.8071
11.034,51.688
52.406,48.561
40.155,36.207
-172.72,14.396
-164.43,-4.6792
-112.28,20.179
-183.24,-45.508
70.12,76.972
74.84,79.196
59.725,96.412
46.159,46.959
37.055,65.092
108.75,59.197
90.878,59.117
-7.1758,108.43
-177.6,57.534
-121.52,49.21
58.847,132.01
10.354,23.68
10.354,23.68
10.354,23.68
-67.054,0.59678
-7.3491,45.181
10.354,23.68
10.354,23.68
10.354,23.68
-61.831,3.8982
11.073,26.105
-151.57,-42.11
-79.625,19.338
-127.73,-1.941
-121.85,4.8178
-128.13,-4.3519
-110.89,7.206
12.962,46.162
-176.09,42.052
-63.519,95.314
-21.568,103.81
36.537,98.357
119.92,98.867
142.7,116.32
1.8817,96.694
84.818,166.05
-3.4353,101.86
-18.579,104.57
8.0646,125.85
-134.11,35.02
1.584,124.12
-84.869,171.23
10.048,79.719
20.244,79.47
102.03,56.755
47.008,59.125
-4.3826,79.486
36.548,59.163
57.455,51.44
1.9831,63.158
-33.444,87.588
-43.264,63.088
-47.166,52.061
-117.1,39.112
-128.48,79.508
-126.91,85.913
85.22,56.299
-36.369,73.977
-96.338,7.2407
-100.91,6.2195
-106.39,97.482
32.651,101.54
92.174,89.589
-60.685,157.63
75.514,84.909
103.09,81.436
70.614,82.924
-105.11,89.621
-26.972,73.801
-29.254,72.753
-26.972,73.801
-23.818,75.238
-26.972,73.801
-29.254,72.753
-72.029,31.323
-72.029,31.323
-45.692,83.479
-73.576,24.685
-152.92,-49.264
-144.54,-47.045
-101.32,28.413
-102.38,26.279
-60.685,157.63
-125.12,116.36
-75.412,116.43
82.868,134.84
-137.25,89.427
-164.48,71.171
-166.89,70.639
11.034,119.98
-73.016,38.336
-103.08,45.689
-140.9,114.41
-133.89,-16.382
99.772,50.892
98.051,106.64
113.84,86.81
2.0703,141.38
-129.38,8.4214
-129.38,8.4214
-129.38,8.4214
-129.49,5.9429
-29.254,72.753
-29.254,72.753
-29.254,72.753
-29.254,72.753
-29.254,72.753
-29.254,72.753
-29.254,72.753
-29.254,72.753
-29.254,72.753
-29.254,72.753
-29.254,72.753
-29.254,72.753
-29.254,72.753
-29.254,72.753
-29.254,72.753
-29.254,72.753
-29.254,72.753
-29.254,72.753
-29.254,72.753
-93.757,-21.262
-29.254,72.753
-29.254,72.753
-29.254,72.753
-29.254,72.753
-29.254,72.753
-29.254,72.753
-29.254,72.753
-29.254,72.753
-29.254,72.753
-29.254,72.753
-29.254,72.753
-29.254,72.753
-29.254,72.753
-29.254,72.753
-29.254,72.753
-29.254,72.753
-80.114,26.939
-195.88,49.161
20.932,66.565
-106.08,21.994
-105.48,130.57
-94.706,126.05
-92.26,123.41
-38.239,92.075
92.491,109.41
-137.25,89.427
-138.98,87.635
-137.25,89.427
113.84,86.81
47.208,102.99
-94.706,126.05
-94.543,123.22
-94.215,119.58
-91.698,128.87
-89.231,133.47
-87.506,135.85
5.9448,58.734
0.70417,57.028
-3.8639,59.98
108.8,65.399
81.094,86.402
85.877,121.14
95.731,55.018
116.61,91.655
18.164,121.58
56.271,74.571
-94.679,101.39
61.487,77.102
56.846,71.904
65.834,80.913
117.35,110.45
-14.903,86.672
-9.2339,85.183
-9.2339,85.183
-133.22,125.39
51.442,99.111
-10.547,102.8
-34.892,104.39
-58.003,95.35
23.192,102.39
2.6175,101.5
-25.368,105.73
-32.531,109.81
12.292,99.619
-28.143,106.2
-26.996,96.791
70.999,88.373
27.848,99.353
-22.942,100.91
-25.368,105.73
-15.879,96.479
-18.579,104.57
-20.396,99.885
-31.521,120.2
17.446,100.56
-27.002,103.31
-13.196,110.18
-18.579,104.57
-29.452,115.07
-34.722,115.4
-23.573,107.68
3.5207,106.22
-25.368,105.73
-42.332,105.07
-57.536,88.596
-16.051,104.63
-3.4353,101.86
-94.706,126.05
-94.706,126.05
-94.706,126.05
-168.96,101.9
56.846,71.904
64.802,68.133
60.339,63.984
56.846,71.904
59.648,71.874
-94.706,126.05
56.846,71.904
54.114,72.28
54.114,72.28
56.271,74.571
50.967,75.504
-98.528,115.3
-111.62,155.72
65.62,72.904
-67.433,172.3
-53.03,177.8
-125.74,139.41
66.722,27.341
-151.32,102.99
108.23,76.329
-12.225,169.98
-76.356,169.15
56.846,71.904
-137.38,-21.983
-116.97,12.262
-116.97,12.262
-116.97,12.262
-161.26,22.75
-178.29,18.561
-176.28,0.068133
-157.02,29.77
-166.42,16.785
-161.26,22.75
-79.434,39.669
-33.386,95.345
-10.12,91.525
-14.298,115.79
24.84,129.04
34.7,124.34
15.709,132.55
0.095502,157.62
-30.551,177.45
-60.498,143.01
-25.772,120.81
-60.851,113.79
-3.9983,123.56
-29.722,169.36
-52.051,158.78
-125.98,54.249
-40.738,92.288
-2.8942,95.465
-42.03,99.502
-43.26,92.098
-45.617,91.349
27.925,87.315
-66.451,37.48
-86.291,42.49
-22.209,93.299
98.257,91.304
90.77,84.063
-43.26,92.098
-59.583,38.94
-36.515,98.988
13.655,126.51
-176.09,42.052
108.23,76.329
38.041,171.37
36.602,75.97
68.975,55.065
5.2549,87.839
-11.404,138.52
42.283,54.586
-155.21,15.991
127.62,120.76
23.627,107.65
-121.89,147.54
-99.432,121.52
-163.32,112.69
-17.444,170.65
-17.444,170.65
-17.444,170.65
31.105,176.05
33.802,112.63
20.124,73.68
113.53,97.737
136.04,121.8
99.828,155.57
114.59,142.74
-94.648,139.47
-94.435,142.1
-91.912,148.88
-1.8439,151.18
52.518,55.061
61.232,90.43
40.94,21.647
43.095,22.791
6.0508,77.276
-69.584,73.496
-68.86,67.679
-68.264,68.668
-76.939,68.808
-73.282,67.962
-74.362,71.444
-74.362,71.444
-74.362,71.444
-74.362,71.444
-70.959,66.486
-68.981,68.167
-70.079,63.985
-68.64,61.182
-70.079,63.985
-68.64,61.182
-70.079,63.985
-70.079,63.985
-70.079,63.985
-70.079,63.985
-73.282,67.962
-73.282,67.962
-73.282,67.962
-70.079,63.985
-70.079,63.985
-70.079,63.985
-73.282,67.962
-73.282,67.962
-73.282,67.962
-106.59,83.131
-64.991,85.154
-78.687,83.988
-73.282,67.962
-76.939,68.808
-76.939,68.808
-70.079,63.985
-70.079,63.985
-70.079,63.985
-70.079,63.985
-70.079,63.985
-70.079,63.985
-70.079,63.985
-70.079,63.985
-124.43,93.094
-124.43,93.094
-70.959,66.486
-71.974,69.532
-70.959,66.486
-70.959,66.486
-70.959,66.486
-70.959,66.486
-70.959,66.486
-71.974,69.532
-70.959,66.486
-70.959,66.486
-70.959,66.486
-71.974,69.532
-67.382,66.603
-67.382,66.603
-70.959,66.486
-70.959,66.486
-70.959,66.486
-70.959,66.486
-70.959,66.486
-73.282,67.962
-73.282,67.962
-70.959,66.486
-77.049,71.652
-6.9039,85.798
52.865,36.684
52.865,36.684
52.865,36.684
50.514,37.608
50.514,37.608
47.711,38.531
50.77,27.495
49.183,29.684
105.88,69.663
74.533,53.577
52.865,36.684
52.96,29.178
52.865,36.684
52.865,36.684
52.865,36.684
58.138,41.148
58.138,41.148
52.865,36.684
52.865,36.684
52.865,36.684
52.865,36.684
52.865,36.684
52.865,36.684
57.673,31.657
61.405,45.786
-46.487,125.49
65.674,86.325
-26.349,108.53
41.767,61.721
-7.1758,108.43
10.176,131.5
-100.2,99.956
-79.768,147.96
-101.4,135.93
-104.15,108.2
-103.1,106
-9.6868,123.79
-90.641,66.394
39.188,120.73
-73.109,103.99
77.873,58.146
-72.523,63.648
-72.523,63.648
-13.117,162.28
-185.93,18.919
-19.363,159.88
12.507,188.8
129.87,129.52
-16.051,104.63
123.16,137.72
83.806,72.796
67.794,62.072
66.534,60.093
-41.515,162.22
69.764,98.444
-143.5,130.95
-67.904,13.992
80.377,67.222
80.377,67.222
85.54,79.488
85.54,79.488
23.529,26.616
-148.06,12.69
-54.465,151.01
96.205,100.97
-160.65,95.616
-61.213,52.071
-61.213,52.071
-61.213,52.071
-61.213,52.071
-50.749,80.039
-81.26,115.47
-186.42,72.592
-70.959,66.486
-111.63,85.877
-88.701,116.13
-41.709,177.38
-39.328,178.04
-94.705,126.05
-93.8,128.68
-111.74,145.99
-101.04,127.45
-97.519,126.69
-155.1,123.38
-100.58,155.4
-89.316,160.83
-91.052,159.06
-96.322,107.79
-131.95,117.18
-111.78,92.098
-83.239,142.02
54.728,66.682
55.915,69.333
55.915,69.333
55.915,69.333
-130.65,39.837
-91.86,39.135
70.839,50.244
97.489,60.594
71.544,71.566
72.654,93.705
33.772,28.63
-59.043,172.02
-86.867,91.063
31.812,90.363
40.75,141.83
67.273,92.283
5.2437,120.8
19.083,127.86
-196.1,35.331
-168.71,80.141
-114.48,49.86
-136.27,29.593
-142.36,40.257
-146.72,108.93
49.112,164.09
66.464,175.43
32.06,79.34
79.824,81.472
-21.849,53.634
67.794,125.6
102.74,102.53
69.843,109.17
29.253,115.6
81.351,111.51
65.145,131.49
77.9,160.99
89.043,137.3
87.211,115.08
74.082,169.05
-59.126,102.15
68.375,162.31
110.87,109.73
44.15,123.74
19.798,115.67
64.354,149.13
28.926,110.04
108.63,149.78
85.174,128.66
8.2033,103.54
28.31,104.76
71.154,120.37
56.432,100.56
98.804,112.8
3.3143,111.42
69.238,136.89
48.977,114.25
71.62,148.27
43.613,111.82
58.448,111.18
13.246,105.07
8.3722,108.88
38.602,115.01
81.173,116.78
100.86,133.89
90.989,158.98
86.03,102.2
93.054,149.32
102.92,125.23
49.563,125.84
18.677,110.64
42.843,106.3
-69.731,98.056
114.07,116.63
78.736,95.145
85.076,153.23
113.77,134.2
108.55,121.15
53.249,121.07
67.656,103.16
74.209,104.11
91.109,104.76
113.88,125.43
92.754,132.27
100.83,145.83
106.72,114.53
69.374,155.05
56.676,138.09
74.898,98.917
-36.008,123.05
61.821,126.4
-23.171,115.86
79.801,101.17
77.188,120.4
74.585,114.74
-8.1231,118.96
-67.549,105.62
122.65,105.67
-29.732,125.53
92.972,115.64
59.891,143.7
120.89,128.94
96.713,127.4
-58.424,118.83
107.58,130.18
63.204,107.01
104.17,108.64
8.3742,114.24
54.507,115.73
76.54,109.06
62.784,137.38
101.43,73.849
100.42,75.998
81.198,141.06
71.394,131
60.331,116.57
74.119,125.6
101.83,118.37
79.768,147.54
64.697,120.46
62.015,101.73
24.309,112.77
90.832,123.28
0.82074,91.236
-25.486,87.06
-97.943,87.697
-91.918,87.497
4.9989,153.75
-41.515,162.22
13.306,110.26
82.322,105.98
87.5,144.53
57.679,105.83
119.99,120.73
52.33,104.67
75.885,136.11
58.66,121.67
-8.0733,114.27
95.831,140.35
86.836,109.16
-2.2929,113.28
129.49,105.8
-113.5,56.361
-63.171,31.37
-97.041,43.246
145.7,108.17
39.718,182.7
-80.667,56.523
73.963,142.22
45.106,130.01
53.131,110.17
48.186,119.79
68.317,115.73
69.843,109.17
-99.845,50.428
76.792,153.91
-54.014,99.879
91.248,130.32
96.255,120.65
-108.02,60.848
100.07,68.348
-124.72,24.563
36.926,87.825
-39.121,110.34
78.194,130.26
84.168,96.996
64.853,97.025
88.206,92.962
2.8631,116.39
123.14,113.64
137.01,108.94
-89.265,109.29
-36.149,156.34
-89.219,105.43
-86.204,103.06
-47.279,149.11
46.844,165.08
26.685,42.728
23.454,84.528
74.684,62.981
-150.22,28.818
91.832,78.938
36.312,92.967
45.64,16.445
18.164,121.58
-177.85,-7.358
-118.33,44.776
72.599,58.474
41.834,66.762
9.5047,84.874
37.658,133.49
39.962,134.3
32.896,131.33
21.369,133.55
45.739,137.08
37.658,133.49
39.567,126.85
27.5,133.99
-78.603,53.462
-76.131,59.016
-76.131,59.016
-78.603,53.462
-78.603,53.462
-76.131,59.016
-70.959,66.486
-70.959,66.486
-90.641,66.394
-68.632,69.605
-101.14,74.366
-90.641,66.394
-89.412,64.109
-90.641,66.394
-92.298,64.515
-70.959,66.486
-70.959,66.486
-90.641,66.394
-70.959,66.486
-70.959,66.486
-88.282,67.491
-90.641,66.394
-90.641,66.394
-70.959,66.486
-70.959,66.486
-70.959,66.486
-88.361,60.139
-70.959,66.486
-70.236,69.069
-68.222,67.339
-73.737,66.244
-73.355,65.021
-70.959,66.486
-73.355,65.021
-68.675,56.955
-88.335,72.062
-73.355,65.021
-70.959,66.486
-90.641,66.394
-70.959,66.486
-85.559,67.311
-90.641,66.394
-68.628,66.842
-74.69,66.099
-70.959,66.486
-92.863,67.642
-72.867,58.255
-75.063,56.103
-72.867,58.255
-71.659,81.821
-75.063,56.103
-85.559,67.311
-71.696,76.692
-70.959,66.486
-70.959,66.486
-70.959,66.486
-70.959,66.486
-75.063,56.103
-68.387,65.693
-79.264,64.448
-88.282,67.491
-81.494,66.55
-70.959,66.486
-90.641,66.394
-70.959,66.486
-90.641,66.394
-79.399,59.097
-70.959,66.486
-85.559,67.311
-90.641,66.394
-70.959,66.486
-70.959,66.486
-70.959,66.486
-72.523,63.648
-70.959,66.486
-70.959,66.486
-70.959,66.486
-68.387,65.693
-70.959,66.486
-62.749,54.428
-70.959,66.486
-90.641,66.394
-73.355,65.021
-69.539,90.369
-77.095,62.708
-73.355,65.021
-62.749,54.428
-70.959,66.486
-89.412,64.109
-71.292,49.105
-70.959,66.486
-75.063,56.103
-70.959,66.486
-90.641,66.394
-70.959,66.486
-70.959,66.486
-70.959,66.486
-70.959,66.486
-70.959,66.486
-85.559,67.311
-90.641,66.394
-70.959,66.486
-70.959,66.486
-67.563,64.714
-70.959,66.486
-70.959,66.486
-68.387,65.693
-70.959,66.486
-70.959,66.486
-90.641,66.394
-88.282,67.491
-70.959,66.486
-90.641,66.394
-90.641,66.394
-90.641,66.394
-90.641,66.394
-90.641,66.394
-90.641,66.394
-90.641,66.394
-90.641,66.394
-90.641,66.394
-91.704,59.616
-90.641,66.394
-90.641,66.394
-90.641,66.394
-90.641,66.394
-90.641,66.394
-90.641,66.394
-90.641,66.394
-90.641,66.394
-90.641,66.394
-90.641,66.394
82.268,60.382
-125.73,68.035
-188.73,28.254
-199.82,-7.7619
-193.16,11.519
-193.16,11.519
-199.36,9.2024
-199.1,-18.878
-184.29,34.624
-202.23,20.94
-193.68,21.969
-176.23,71.414
-181.21,25.653
-188.09,42.266
-181.9,8.9206
-181.9,8.9206
-181.9,8.9206
-184.94,52.086
-182.12,64.251
-184.94,52.086
-195.59,0.72294
29.812,126.85
8.9212,73.142
37.672,103.89
106.94,97.847
-77.289,122.28
-61.974,107.41
50.514,37.608
-20.097,88.938
40.708,48.447
-62.586,149.25
-70.626,123.08
-15.056,75.756
61.713,58.148
86.577,63.249
36.71,81.494
-26.828,131.25
-138.84,18.748
-159.54,-27.583
33.847,22.131
-39.765,128.3
33.928,118.55
-118.87,54.284
-101.12,37.077
-101.12,37.077
-101.12,37.077
-101.12,37.077
-134.53,138.01
50.977,140.06
76.052,73.789
79.786,76.006
82.851,91.429
-53.117,92.413
-74.201,178.58
-139.92,105.85
26.685,42.728
26.685,42.728
26.685,42.728
28.583,44.358
36.762,52.276
31.21,61.973
69.114,37.071
28.497,24.415
26.685,42.728
26.685,42.728
28.583,44.358
28.583,44.358
26.685,42.728
26.685,42.728
26.685,42.728
26.685,42.728
26.685,42.728
26.685,42.728
26.685,42.728
26.685,42.728
26.685,42.728
26.685,42.728
26.685,42.728
26.685,42.728
26.685,42.728
26.685,42.728
26.685,42.728
26.685,42.728
26.685,42.728
26.685,42.728
26.685,42.728
26.685,42.728
26.685,42.728
26.685,42.728
26.685,42.728
26.685,42.728
26.685,42.728
-149.8,93.155
-149.8,93.155
-152.21,93.715
-176.63,93.421
-179.36,82.346
-179.36,82.346
-114.94,62.002
-134.39,80.71
-50.023,108.73
-52.333,109.64
-52.333,109.64
-52.333,109.64
-52.333,109.64
-52.333,109.64
-52.333,109.64
-52.333,109.64
53.179,84.224
-98.862,21.713
-154.03,23.857
-9.3016,62.572
-152.9,8.5599
27.907,82.173
-152.36,34.687
-158.88,36.364
-160.24,57.486
-148.26,40.569
94.443,67.059
94.443,67.059
94.443,67.059
94.443,67.059
-165.74,-11.716
-158.55,-2.0891
-172.92,-31.116
-171.83,-21.931
-159.71,-54.816
-128.23,18.272
-12.649,71.512
-8.1261,74.008
16.119,50.747
-15.964,187.67
-54.318,143.87
-79.795,161.52
-30.081,143.59
-21.903,153.84
-35.189,187.36
-47.632,171.64
-125.76,125.16
80.993,124.62
-128.81,107.53
2.3821,147.16
63.858,52.631
63.858,52.631
32.38,66.761
27.352,66.341
24.248,71.078
35.602,70.359
29.199,70.856
32.14,74.331
-116.72,31.993
-116.88,29.539
-116.88,29.539
-116.88,29.539
-70.959,66.486
-47.606,119.2
-49.408,165.09
10.211,42.045
42.658,77.708
42.658,77.708
42.658,77.708
32.17,55.228
18.207,85.148
-0.57181,166.94
131.79,94.702
-89.866,30.111
-127.91,35.317
-92.483,29.854
-144.62,17.649
-130.46,29.465
-87.298,30.234
-148.87,20.341
-142.78,28.22
-143.56,25.851
-94.246,31.86
-89.866,30.111
-92.483,29.854
-93.965,27.626
-144.43,23.49
-131.28,23.351
24.243,42.156
26.685,42.728
41.089,95.665
43.146,91.227
44.094,89.011
50.091,88.762
43.146,91.227
47.988,108.53
-183.63,-0.85001
104.34,91.845
86.35,86.768
-111.06,105.64
14.443,81.872
-64.493,119.7
-101.11,82.848
-23.576,126.12
-94.67,93.708
55.406,89.23
45.397,70.954
-139.76,-14.758
-91.55,5.0843
123.04,93.305
-105.84,54.219
-45.228,75.884
-108.12,53.397
-66.471,25.676
130.54,113.26
-15.797,67.036
9.4648,63.245
-10.134,67.22
6.6538,182.79
19.726,155.82
26.358,144.32
-66.099,112.33
-81.928,98.02
-129.67,99.365
-84.612,153.22
-19.623,119.7
-117.16,100.59
-71.391,110.53
-54.465,151.01
11.765,153.07
-42.407,144.9
-83.877,-1.1054
-79.347,33.536
-156.5,-21.534
38.783,143.24
51.543,132.62
-171.08,-6.5309
-178.39,-15.197
-184.4,-10.951
-84.283,124.6
-94.543,123.22
-92.505,125.03
-98.367,165.94
-105.85,121.82
-153.83,112.79
-105.85,121.82
-147.33,119.69
-112.81,123.38
-91.134,126.04
-70.477,147.6
-70.477,147.6
-135.7,100.26
-94.706,126.05
-96.901,124.15
-115.98,130.13
-96.901,124.15
-94.706,126.05
51.543,132.62
-94.706,126.05
-94.706,126.05
-69.218,162.82
-69.218,162.82
-97.519,126.69
-116.81,138.65
-110.41,135.92
-87.359,129.42
-92.572,127.23
-109.79,112.71
-126.96,131.86
-95.882,128.71
-95.882,128.71
-97.008,132.13
-103.3,144.83
-12.558,179.17
-21.3,174.35
-19.264,172.48
-47.831,185.64
-99.197,11.892
-144.06,-9.3017
32.883,84.715
52.396,60.717
112.39,70.995
58.836,73.886
58.457,81.207
59.276,83.592
56.846,71.904
56.846,71.904
58.908,69.916
56.846,71.904
121.89,79.852
116.34,80.67
127.55,79.613
-2.7864,73.961
11.556,69.053
-122.32,18.032
-123.75,101.76
-123.93,60.983
-156.8,65.095
-164.18,51.905
-176.78,31.673
-151.13,78.229
-122.88,80.757
-154.16,40.838
-168.85,57.021
-129.56,47.264
-129.56,47.264
-159.3,45.804
-164.63,39.169
-117.68,93.894
-167.32,45.608
-169.68,26.155
-138.06,70.907
-147.36,66.976
-147.01,71.171
-171.14,24.164
-171.14,24.164
-136.57,57.269
-136.51,59.949
-136.57,57.269
-136.57,57.269
-136.57,57.269
-136.57,57.269
-151.72,59.491
-129.56,47.264
-129.56,47.264
-151.82,47.479
-123.93,60.983
-156.8,65.095
-159.3,45.804
-169.58,34.541
-172.42,63.638
-121.5,72.782
-136.65,41.049
-159.63,78.946
-155.82,72.893
-137.86,47.318
-118.68,66.978
-110.54,66.343
-123.67,42.006
-92.227,46.127
-112.78,43.537
-155.62,53.255
-164.85,62.851
-148.12,53.612
-144.56,47.384
-144.56,47.384
-108.39,72.066
-121.58,60.313
-163.41,31.2
-136.37,63.479
-133.65,63.795
-136.37,63.479
-133.99,70.458
-109.69,77.845
-136.34,67.862
-138.77,68.498
-141.29,69.355
-136.74,74.001
-140.53,66.041
-145.7,60.472
-141.12,73.106
-145.29,68.847
-91.693,-12.22
-166.83,9.0586
-51.069,86.801
-176.09,42.052
-23.827,-52.309
-30.011,-70.55
90.28,98.6
-85.029,36.63
-6.2053,159.74
-6.2053,159.74
10.782,56.513
-125.27,12.497
-176.09,42.052
40.554,28.914
-116.67,77.648
101.77,86.724
33.439,107.05
-66.306,140.75
55.586,23.133
20.646,144.77
-28.909,156.17
4.5168,129.83
-29.245,137.11
18.235,138.79
-43.989,138.5
-26.91,149.36
26.645,156.84
12.799,137.67
-4.1693,64.831
16.417,70.228
-5.5826,69.559
-158.77,6.6663
26.685,42.728
-109.7,26.658
-136.58,23.846
-86.38,22.907
-146.11,34.247
-107.93,31.581
-107.93,31.581
-107.28,40.999
77.952,66.878
-0.25089,85.283
26.271,76.613
5.4604,53.947
8.7455,174.94
3.4527,172.82
44.567,175.41
-39.765,128.3
-57.235,165.24
-115.72,116.45
-69.312,131.68
-69.376,134.1
-45.917,155.69
-78.099,133.55
-134.59,110.37
-89.813,97.4
-120.14,122
-76.444,154.73
-45.264,132.11
-40.553,151.36
-37.603,169.55
-82.569,109.13
-69.715,117.07
-120.79,109.48
-120.79,109.48
-116.93,108.4
-75.352,97.681
-32.927,130.06
-14.117,120.89
-33.594,150.23
-76.826,109.99
-109.11,98.576
-100.57,93.665
-109.11,98.576
-60.833,132.41
-74.765,128.02
-36.471,144.56
-61.707,134.71
-60.004,124.56
-139.8,122.48
-42.31,121.84
-36.874,136.61
-53.301,126.99
-53.301,126.99
-52.167,129.16
-36.874,136.61
-36.874,136.61
-1.2576,128.68
7.4091,136.67
16.651,149.62
14.316,143.86
24.056,138.88
8.2688,142.47
8.9215,148.1
43.591,117.23
-68.769,154.93
-9.1754,57.367
-118.27,22.014
123.9,74.081
66.446,47.511
90.27,53.105
85.402,51.144
100.67,96.825
94.417,95.168
67.923,42.797
71.716,45.278
54.916,94.546
-18.579,104.57
19.904,93.571
-18.723,111.46
46.253,97.656
-39.121,110.34
38.343,43.491
14.222,75.604
40.859,84.383
40.203,71.528
56.882,58.082
-146.78,83.242
96.201,85.781
107.5,85.442
64.676,38.784
90.026,47.72
14.222,75.604
70.62,66.588
147.43,94.151
61.382,27.626
-74.729,140.23
-74.729,140.23
-65.56,126.35
31.733,139.53
31.733,139.53
-61.899,181.49
-79.132,103.7
-53.026,119.78
-115.92,-2.3282
64.262,32.989
-143.16,99.274
-62.933,74.183
46.958,65.259
-74.228,15.197
-82.564,95.692
11.012,94.06
13.549,87.6
5.7235,93.24
9.7011,91.168
-167.88,90.913
-55.417,137.64
-122.17,36.674
-140.04,34.641
-164.01,-19.479
-159.76,-45.364
-191.64,-37.479
4.0256,42.899
19.183,61.006
-124.5,31.055
-161.46,12.59
-70.236,69.069
-67.092,72.689
-66.564,77.026
-67.486,68.051
-70.236,69.069
-70.236,69.069
-70.236,69.069
-70.236,69.069
-70.236,69.069
41.95,149.95
24.529,118.32
23.343,150.61
-98.165,-13.972
65.106,-1.5768
-16.769,59.681
-16.769,59.681
-16.769,59.681
-16.769,59.681
97.135,80.64
76.744,90.095
63.942,112.48
106.06,139.22
109.2,103.58
31.491,95.596
18.141,28.403
-29.69,-49.832
-64.458,100.37
109.9,92.501
-47.297,101.59
-31.104,-52.212
-29.69,-49.832
77.952,66.878
-0.25089,85.283
26.271,76.613
87.161,68.431
135.1,100.9
-31.104,-52.212
-29.69,-49.832
25.4,35.601
26.685,42.728
-48.572,142.47
38.454,109.46
-29.69,-49.832
-28.869,-45.948
-29.69,-49.831
-29.69,-49.831
-34.357,-61.221
-34.357,-61.221
-28.538,-56.816
-33.521,-55.452
-34.357,-61.221
-34.357,-61.221
-29.69,-49.832
-26.869,-48.423
18.47,105.67
152.48,102.76
-49.618,96.571
-108.67,47.404
142.55,100.57
-1.1681,107.83
-39.549,117.48
-44.363,114.41
-31.104,-52.212
-29.69,-49.832
-62.689,60.086
87.657,40.993
-31.104,-52.212
1.2413,78.716
24.68,168.21
-10.572,151.73
17.997,173.06
-11.233,154.3
4.7625,161.83
18.967,175.4
18.967,175.4
-10.431,149.11
31.685,167.14
32.315,160.14
38.953,163.56
9.0158,167.68
22.926,162.28
62.152,156.17
58.033,161.81
46.597,144.6
45.558,156.17
38.728,156.48
62.307,167.8
57.56,150.7
28.65,185.08
49.163,150.51
53.242,155.98
-163.47,2.8166
-76.605,90.517
-29.69,-49.832
-34.55,-69.028
-39.934,-78.087
-39.934,-78.087
-29.536,-52.242
7.0746,-52.651
-14.123,-50.921
-20.275,-108.29
-29.69,-49.832
-29.69,-49.832
-29.69,-49.832
-34.55,-69.028
-59.086,133.44
121.04,86.195
139.73,93.328
-29.69,-49.832
-159.45,104.08
-49.82,135.85
-31.104,-52.212
-31.104,-52.212
-31.104,-52.212
-31.104,-52.212
-29.69,-49.832
24.091,123.65
2.3315,135.11
11.034,119.98
-2.045,118.59
-25.54,162.66
-32.763,162.58
-36.89,-57.541
-36.89,-57.541
-36.89,-57.541
-40.93,-64.139
-34.744,-50.854
-36.89,-57.541
-32.027,-50.428
-36.89,-57.541
-36.89,-57.541
-29.69,-49.832
-28.199,-51.703
-29.69,-49.832
16.318,32.995
85.664,45.657
30.789,36.736
-32.699,-65.399
-31.104,-52.212
-57.106,-85.885
-4.5815,188.51
-25.288,185.19
97.498,45.526
94.613,49.716
105.88,52.05
-32.654,-48.081
-32.654,-48.081
-32.654,-48.081
-32.654,-48.081
6.2485,67.924
-42.163,56.265
-59.606,67.001
-59.606,67.001
-59.606,67.001
-59.606,67.001
-58.094,64.745
-59.606,67.001
-59.606,67.001
-57.696,69.184
-59.607,67.949
-59.606,67.001
-59.606,67.001
-59.606,67.001
-56.751,66.838
-29.69,-49.832
-29.69,-49.832
-20.398,-53.701
-32.058,-49.293
109.65,78.328
-17.908,125.15
-21.414,-50.767
53.87,17.854
-26.502,-33.396
-26.502,-33.396
26.16,-116.87
-26.502,-33.396
43.904,-87.632
-27.609,-30.943
-26.502,-33.396
-26.502,-33.396
38.973,-75.755
-25.362,-30.996
-26.502,-33.396
-26.502,-33.396
-26.502,-33.396
-26.502,-33.396
-26.502,-33.396
-26.502,-33.396
-26.502,-33.396
-26.502,-33.396
-28.587,-31.704
-26.502,-33.396
-26.502,-33.396
-26.502,-33.396
-26.502,-33.396
-26.502,-33.396
-26.502,-33.396
-26.502,-33.396
-26.502,-33.396
-26.502,-33.396
-26.502,-33.396
-26.502,-33.396
-26.502,-33.396
-29.078,-33.017
-26.502,-33.396
-26.502,-33.396
-26.502,-33.396
-26.772,-30.555
-26.502,-33.396
-26.502,-33.396
-25.362,-30.996
-26.502,-33.396
-26.502,-33.396
-26.502,-33.396
-24.064,-32.195
-26.502,-33.396
-23.888,-33.567
-26.502,-33.396
-26.502,-33.396
-26.502,-33.396
-26.502,-33.396
-26.502,-33.396
-26.502,-33.396
-26.502,-33.396
-26.502,-33.396
49.771,93.792
-10.136,97.039
-7.7908,96.834
-116.32,4.0117
-70.849,19.891
-103.52,16.445
-75.742,10.037
14.319,59.91
-40.171,83.78
-103.52,16.445
-105.5,9.7946
-29.583,-47.408
-34.709,-49.378
-26.534,-47.606
-27.202,-39.099
-27.202,-39.099
-25.107,-37.545
-27.202,-39.099
-27.202,-39.099
-27.202,-39.099
-27.202,-39.099
-27.202,-39.099
-27.202,-39.099
-27.202,-39.099
-25.538,-40.892
-27.202,-39.099
-60.542,-69.313
-27.202,-39.099
-27.202,-39.099
-27.202,-39.099
-28.501,-41.292
-27.202,-39.099
-29.122,-38.264
-27.202,-39.099
-27.202,-39.099
-27.202,-39.099
-27.202,-39.099
106.45,-79.741
-27.202,-39.099
-24.15,-38.259
-26.229,-37.08
-27.202,-39.099
-27.202,-39.099
-27.202,-39.099
-27.202,-39.099
-27.202,-39.099
-27.202,-39.099
-27.202,-39.099
-24.353,-39.554
-27.202,-39.099
-27.202,-39.099
-27.202,-39.099
-27.202,-39.099
-27.202,-39.099
-27.202,-39.099
-27.202,-39.099
-27.202,-39.099
-27.202,-39.099
-27.202,-39.099
-27.202,-39.099
-25.274,-38.818
127.65,88.534
127.84,86.11
103.15,63.46
25.064,62.288
-114.07,85.332
-116.48,84.476
89.198,73.696
-87.951,-6.3406
55.536,126.81
37.704,-145.93
40.402,-122.53
115.67,103.95
-109.5,13.878
-87.307,8.4662
-12.165,51.678
-12.165,51.678
-4.4469,54.925
-29.69,-49.832
-27.126,19.668
47.381,82.848
47.381,82.848
-27.215,-49.713
-27.215,-49.713
66.721,142.84
7.3229,98.392
22.397,93.241
19.904,93.571
19.904,93.571
25.113,92.956
19.904,93.571
19.904,93.571
-29.465,101.52
19.904,93.571
19.904,93.571
22.397,93.241
81.118,48.267
80.354,53.651
76.924,44.14
76.291,49.094
-30.448,-57.101
-30.448,-57.101
-15.314,91.686
-98.6,-3.2722
-0.54079,32.757
-98.6,-3.2722
3.8591,37.119
-97.434,-1.0802
-73.042,4.2845
70.577,15.524
-19.87,83.691
-0.13422,68.681
2.7785,72.456
2.7785,72.456
15.166,65.082
48.216,52.646
-169.51,0.87925
-64.24,19.369
-153.69,1.7885
-88.037,15.721
-88.037,15.721
-92.371,12.199
-88.037,15.721
-191.49,61.633
-4.4665,90.722
-2.0371,40.657
16.868,55.565
-161.44,86.908
-154.41,85.02
79.774,-85.307
4.9443,-110.47
94.736,74.52
-61.77,-88.538
0.44222,51.642
5.0236,82.424
101.02,-44.915
101.02,-44.915
101.02,-44.915
122.81,-92.99
154.26,36.378
101.02,-44.915
101.02,-44.915
101.02,-44.915
101.02,-44.915
104.51,-17.327
122.81,-92.99
103.39,-47.799
101.02,-44.915
83.158,37.754
-137.4,-79.335
-92.716,-106.72
-100.24,-71.48
-27.389,25.226
-118.39,-30.267
-168.37,-63.162
-168.37,-63.162
-171.9,-63.899
-47.325,-74.572
-47.325,-74.572
-44.143,-73.569
-47.325,-74.572
-173.06,51.389
-150.38,-79.154
-148.8,-81.152
-155.01,-67.172
-155.01,-67.172
-155.01,-67.172
29.333,121.4
-15.416,134.93
-13.781,137.38
-15.945,139.37
-8.8936,139.58
-13.781,137.38
-13.781,137.38
-11.404,138.52
11.775,159.43
-18.961,140.39
-11.404,138.52
-3.7062,133.86
-13.781,137.38
-11.404,138.52
13.756,160.97
-13.781,137.38
-9.5872,129.26
-13.781,137.38
-11.404,138.52
-18.961,140.39
-13.781,137.38
-3.1911,177.82
-13.781,137.38
-13.619,134.49
54.396,174.75
-3.1911,177.82
-18.961,140.39
13.756,160.97
-11.404,138.52
19.896,177.76
-13.781,137.38
-13.781,137.38
-10.431,149.11
-11.404,138.52
54.396,174.75
-11.782,135.08
-15.945,139.37
-16.467,136.48
-137.42,-8.9742
49.112,164.09
32.405,149.76
-16.062,142.96
32.405,149.76
32.405,149.76
-15.945,139.37
32.405,149.76
14.537,115.21
81.78,42.692
69.452,31.965
31.627,-14.506
-182.73,-23.688
-158.42,-37.12
-81.925,5.4795
6.2385,48.176
-112.28,20.179
-183.24,-45.508
40.155,36.207
46.159,46.959
108.75,59.197
90.878,59.117
-153.34,-31.133
-79.625,19.338
-137.25,89.427
102.03,56.755
47.008,59.125
-4.3826,79.486
36.548,59.163
57.455,51.44
1.9831,63.158
-33.444,87.588
-80.114,26.939
-111.37,0.98025
-116.97,12.262
58.138,41.148
-155.21,15.991
-108.98,-6.5306
-196.1,35.331
-124.72,24.563
20.932,66.565
20.244,79.47
-10.41,78.617
-81.196,12.554
9.4648,63.245
-168.71,80.141
-129.38,8.4214
-106.51,-1.9291
61.232,90.43
42.283,54.586
-150.64,-24.909
-29.255,24.34
-18.375,-53.256
-26.725,19.836
-27.961,22.052
-29.69,-49.832
31.351,-107.25
-86.932,-68.927
-22.62,-135.08
37.582,-8.0967
21.487,-4.9304
-124.81,-68.471
-14.904,-58.915
33.439,-9.564
-28.239,-47.717
-21.714,-52.502
37.203,-129.32
-19.259,-55.015
-29.255,24.34
34.28,-13.147
-117.75,-14.746
-29.664,28.437
-27.961,22.052
2.2327,-75.046
31.848,-11.778
29.458,-12.487
-29.69,-49.832
131.67,-18.695
134.26,55.537
-29.69,-49.832
30.121,-9.3543
-27.961,22.052
-17.649,-51.753
-29.69,-49.832
31.848,-11.778
-118.3,-49.34
-29.69,-49.832
116.77,39.039
-74.589,-9.6352
2.2327,-75.046
31.848,-11.778
-27.961,22.052
68.666,-113.98
-29.69,-49.832
111.26,-28.9
31.848,-11.778
-21.199,-93.457
-119.89,-47.254
65.188,-79.728
31.848,-11.778
-29.69,-49.832
-27.961,22.052
34.28,-13.147
36.373,-10.771
108.05,-115.22
-27.961,22.052
-27.961,22.052
31.848,-11.778
-27.961,22.052
-26.275,-51.41
43.247,-18.179
-105.46,-79.141
31.848,-11.778
-27.961,22.052
-29.69,-49.832
178.87,-48.711
0.69138,-77.205
-21.199,-93.457
-27.494,-50.942
31.848,-11.778
-29.69,-49.832
18.307,-125.27
33.439,-9.5641
-30.499,-46.093
96.779,-76.65
33.439,-9.564
-27.493,-52.074
33.439,-9.5641
-29.69,-49.832
29.699,-10.603
-120.19,-13.894
87.339,-19.545
-27.968,18.7
25.931,-3.11
-29.69,-49.832
31.848,-11.778
25.931,-3.11
90.047,11.501
34.28,-13.147
-29.69,-49.832
36.723,-14.776
29.365,-11.959
131.89,-16.151
174.65,-25.358
31.627,-14.506
61.806,-24.404
31.848,-11.778
30.416,-25.8
-27.783,-52.343
31.848,-11.778
-27.961,22.052
25.934,-5.8673
36.373,-10.771
-27.961,22.052
-29.255,24.34
119.35,64.268
-142.07,-35.042
-27.961,22.052
-26.275,-51.41
-29.553,-52.266
-26.198,20.227
36.373,-10.771
31.848,-11.778
33.631,-6.8323
24.153,1.0955
-19.023,22.834
-29.255,24.34
-27.961,22.052
-28.239,-47.717
104.77,-66.514
19.307,-118.31
-29.69,-49.831
-117.89,-12.161
-27.961,22.052
-27.961,22.052
127.25,-46.308
-30.867,-47.694
33.439,-9.564
30.121,-9.3543
-117.75,-14.746
-31.104,-52.212
-30.431,-47.494
-44.286,-104.04
-29.69,-49.832
179.72,-12.039
-28.239,-47.717
-27.494,-50.942
81.519,-116.65
37.747,-13.561
31.848,-11.778
-27.961,22.052
146.21,-82.157
-27.961,22.052
112.29,42.836
-28.707,19.639
-27.961,22.052
31.848,-11.778
-29.255,24.34
-119.89,-47.254
-27.961,22.052
31.627,-14.506
31.848,-11.778
33.631,-6.8323
-27.494,-50.942
-29.718,-53.015
31.848,-11.778
-27.961,22.052
2.2327,-75.046
29.51,-10.86
-29.69,-49.831
-28.276,19.548
33.439,-9.5641
-29.143,-53.717
-26.589,24.19
40.951,-115.03
85.606,-84.712
-29.69,-49.832
-31.918,-47.527
-29.69,-49.831
56.58,-19.265
31.848,-11.778
144.17,44.652
94.404,-36.111
-29.577,-47.402
142.52,4.3945
81.528,-61.683
2.2327,-75.046
36.309,-7.1366
-27.961,22.052
-28.239,-47.717
-29.255,24.34
-30.444,19.754
98.526,-58.652
-105.06,-66.589
-27.961,22.052
31.848,-11.778
31.848,-11.778
130.34,-1.6327
25.934,-5.8673
31.848,-11.778
31.848,-11.778
34.28,-13.147
-32.632,-50.379
35.627,-97.792
-21.199,-93.457
-27.961,22.052
-25.431,22.318
35.303,-17.226
-27.961,22.052
31.848,-11.778
-29.69,-49.832
-27.761,-51.472
-19.625,-57.122
57.467,-7.0392
-27.961,22.052
-27.961,22.052
119.65,9.8359
-27.961,22.052
34.482,-18.374
-27.461,-65.913
-29.839,-53.636
-22.276,-45.467
29.38,-160.71
31.848,-11.778
36.309,-7.1366
86.142,-70.916
127.89,42.537
-142.27,-68.346
25.934,-5.8673
1.0422,-92.151
31.618,-9.1314
35.587,-7.9706
73.63,-126.64
34.28,-13.147
31.848,-11.778
33.439,-9.564
184.58,-41.589
31.848,-11.778
18.264,-112.37
-29.69,-49.831
128.1,55.466
-122.76,-70.068
-10.854,22.218
75.548,-68.447
-29.255,24.34
124,-61.813
-27.494,-50.942
-44.286,-104.04
2.2327,-75.046
31.848,-11.778
28.513,-146.53
-29.69,-49.832
163.32,12.633
-29.255,24.34
33.439,-9.564
-27.961,22.052
38.418,-4.5658
-79.286,-84.364
-11.979,-49.988
-27.215,-49.713
37.378,1.3605
-31.104,-52.212
44.536,-32.666
24.153,1.0955
2.2327,-75.046
119.19,26.002
124.99,-55.701
94.404,-36.111
-27.411,-46.577
31.848,-11.778
-27.961,22.052
-26.225,20.215
93.989,-38.622
-119.89,-47.254
139.31,-47.504
68.863,-84.474
33.439,-9.5641
31.848,-11.778
-117.75,-14.746
-32.45,-47.239
27.156,-86.2
181.17,-47.758
77.431,-121.12
-32.058,-49.293
31.849,-11.778
-17.126,-56.628
-28.239,-47.717
33.439,-9.564
94.404,-36.111
29.819,-14.565
25.934,-5.8673
88.964,-129.03
33.363,-80.227
-26.275,-51.41
-21.217,-55.307
-27.961,22.052
31.849,-11.778
24.155,-9.5162
-26.185,-50.183
182.07,9.7431
33.631,-6.8323
-29.69,-49.832
4.602,-74.385
30.32,-20.065
-25.868,20.62
-29.69,-49.832
36.373,-10.771
34.28,-13.147
116.94,-73.836
30.024,-13.472
-27.961,22.052
31.848,-11.778
-29.69,-49.832
-31.104,-52.212
-28.239,-47.717
31.627,-14.506
-119.89,-47.254
-119.89,-47.254
-30.398,21.399
-90.176,-98.453
-29.69,-49.831
31.848,-11.778
31.848,-11.778
31.848,-11.778
-31.104,-52.212
-29.69,-49.832
-27.961,22.052
-41.861,-104.98
94.824,-94.822
126.99,66.246
-29.69,-49.832
-29.69,-49.832
-27.929,-143.77
-29.255,24.34
-23.137,-44.654
84.303,-101.22
31.848,-11.778
-144.99,-61.706
31.848,-11.778
31.848,-11.778
-27.961,22.052
-27.961,22.052
-141.08,-32.658
-27.961,22.052
30.121,-9.3543
33.439,-9.564
181.17,-47.758
2.5682,-72.578
111.95,-69.104
-138.41,-55.077
34.28,-13.147
-29.69,-49.832
153.92,71.326
-27.491,-48.825
33.439,-9.564
30.121,-9.3543
-27.961,22.052
86.042,14.662
183.22,-55.157
-120.62,-48.294
11.6,-110.97
33.631,-6.8323
31.848,-11.778
-12.253,26.167
33.439,-9.564
31.848,-11.778
134.54,-55.7
-28.86,-52.067
31.848,-11.778
27.156,-86.2
-29.69,-49.832
33.439,-9.564
-31.795,-48.574
28.497,-19.112
-0.26317,-74.516
29.51,-10.86
-27.961,22.052
33.404,-17.653
36.373,-10.771
-26.678,-50.494
33.439,-9.564
-27.961,22.052
-29.69,-49.832
-31.067,-47.817
-29.69,-49.831
-27.961,22.052
30,-2.691
31.848,-11.778
25.934,-5.8673
25.761,15.043
31.848,-11.778
-30.398,21.399
52.689,-109.56
29.819,-14.565
-119.89,-47.254
-32.708,-49.94
31.848,-11.778
-27.961,22.052
-29.69,-49.832
-31.104,-52.212
24.27,-143.01
-27.497,-48.82
22.987,-3.4373
39.534,-68.585
33.439,-9.564
-27.961,22.052
-29.255,24.34
33.439,-9.564
-31.104,-52.212
94.404,-36.111
-28.543,28.123
-26.275,-51.41
-32.106,-49.972
-24.716,22.689
-28.186,-51.701
-22.527,-53.95
32.488,-41.092
-27.961,22.052
2.2327,-75.046
33.631,-6.8323
-29.69,-49.831
126.99,66.246
-27.961,22.052
26.946,-14.2
-26.185,-50.183
-27.595,19.55
-27.961,22.052
33.439,-9.5641
-117.75,-14.746
35.687,-15.62
25.934,-5.8673
-105.36,-53.608
82.552,5.3202
-29.255,24.34
-27.126,19.668
29.766,-13.203
44.551,-94.678
-30.981,-46.157
38.48,-43.349
-27.961,22.052
28.194,-12.49
34.28,-13.147
96.492,18.205
-32.136,-46.87
31.848,-11.778
29.343,-11.58
31.849,-11.778
-29.69,-49.831
-28.595,18.775
33.439,-9.5641
175.24,-74.38
34.28,-13.147
131.67,-18.695
31.848,-11.778
-27.961,22.052
25.934,-5.8673
-29.69,-49.831
31.627,-14.506
31.848,-11.778
-27.961,22.052
72.114,-43.217
-122.76,-70.068
-17.348,-58.521
-29.69,-49.832
-29.69,-49.831
34.28,-13.147
110.31,-18.479
-29.255,24.34
38.667,-15.247
-27.961,22.052
-31.742,27.887
-27.961,22.052
33.439,-9.5642
-21.199,-93.457
-25.868,20.62
-29.69,-49.832
-25.569,21.164
94.326,-124.79
98.526,-58.652
92.136,-10.193
31.848,-11.778
31.849,-11.778
-130.14,-27.143
-29.69,-49.832
-26.589,24.19
2.2327,-75.046
-19.625,-57.122
63.729,-8.7961
-27.961,22.052
67.358,-125.86
-29.69,-49.832
-27.597,19.55
33.439,-9.564
-19.819,-61.866
-29.255,24.34
78.407,-26.925
-29.69,-49.832
114.8,28.858
-27.961,22.052
34.28,-13.147
-29.69,-49.832
-102.77,-19.935
36.373,-10.771
36.373,-10.771
182.07,9.7431
-30.667,23.085
44.536,-32.666
-55.268,-98.294
116.77,75.151
-27.961,22.052
31.848,-11.778
-49.32,-93.21
-30.086,-47.434
94.404,-36.111
2.2327,-75.046
33.631,-6.8323
-27.961,22.052
-29.654,20.19
2.2327,-75.046
-28.239,-47.717
131.67,-18.695
-28.149,-51.693
32.362,-20.198
75.649,-114.3
103.27,47.121
-25.651,23.518
-2.1233,-6.6482
31.627,-14.506
-30.086,-47.434
31.848,-11.778
-28.239,-47.717
-29.69,-49.832
33.439,-9.564
-13.577,-44.162
31.848,-11.778
131.67,-18.695
37.79,-109.27
31.849,-11.778
176.38,-65.273
-29.69,-49.832
-29.69,-49.831
140.99,-73.696
31.848,-11.778
-27.961,22.052
95.142,-33.629
-29.69,-49.831
-29.617,-53.638
-135.69,-47.76
-29.69,-49.832
30.222,-13.644
2.2327,-75.046
33.439,-9.564
-27.961,22.052
36.147,-16.49
28.618,0.39515
18.11,-132.22
-30.688,-47.603
-29.255,24.34
-29.69,-49.831
25.931,-3.11
49.246,-82.559
-29.255,24.34
21.015,-150.64
1.6892,-72.085
-28.239,-47.717
31.848,-11.778
-105.9,-32.904
-27.961,22.052
31.627,-14.506
36.373,-10.771
36.921,-17.566
-29.019,-52.183
82.601,-16.731
33.439,-9.564
-119.89,-47.254
31.848,-11.778
-29.69,-49.832
-32.106,-49.973
-27.961,22.052
170.43,13.293
-122.76,-70.068
31.848,-11.778
33.439,-9.5642
-28.305,-52.4
-119.89,-47.254
33.439,-9.564
-29.255,24.34
31.848,-11.778
7.1713,-141.72
-25.868,20.62
-26.678,-50.494
29.356,-11.574
49.398,-147.56
-116.58,-20.915
-29.381,-46.894
34.28,-13.147
-29.69,-49.832
134.67,-63.044
182.07,9.7431
36.758,-103.88
30.121,-9.3543
-32.53,-51.437
-117.75,-14.746
93.027,-4.6338
-119.89,-47.254
-27.961,22.052
-119.89,-47.254
78.42,-36.217
-60.111,-75.796
36.373,-10.771
-30.046,20.607
3.5031,-77.701
31.197,-6.6615
155.91,79.994
-28.239,-47.717
131.67,-18.695
-29.69,-49.832
31.848,-11.778
-29.69,-49.832
29.165,-13.541
-29.255,24.34
108.05,-115.22
31.848,-11.778
67.412,-40.505
-27.961,22.052
25.692,-111.05
28.593,-13.243
44.179,-21.414
2.2327,-75.046
95.761,-12.866
33.439,-9.5642
33.259,-0.074193
88.777,-53.738
-29.69,-49.832
-27.961,22.052
154.5,44.601
-29.255,24.34
36.723,-14.776
-28.239,-47.717
33.439,-9.5641
31.848,-11.778
-31,23.231
33.439,-9.564
-145.81,-53.94
34.28,-13.147
-35.805,28.383
-152.53,-57.085
31.848,-11.778
-29.69,-49.832
-122.35,-46.304
115.23,-23.825
-27.961,22.052
31.848,-11.778
-30.867,-47.694
-27.961,22.052
31.848,-11.778
-25.787,19.522
-26.817,-52.492
-142.07,-35.042
31.848,-11.778
-27.961,22.052
-117.75,-14.746
-27.961,22.052
97.119,-83.302
-117.75,-14.746
-32.778,-49.355
-29.69,-49.832
-29.69,-49.832
8.0826,-82.98
-25.667,-50.195
2.2327,-75.046
24.352,-129.48
-28.239,-47.717
68.332,-24.158
-21.199,-93.457
173.45,26.019
142.08,-75.889
-27.961,22.052
28.14,-11.661
75.896,-47.94
142.01,71.84
-27.397,-46.582
34.28,-13.147
-14.727,-45.925
94.404,-36.111
31.848,-11.778
-29.255,24.34
-164.43,-76.286
-28.239,-47.717
31.848,-11.778
-117.75,-14.746
136.92,75.767
-115.41,-13.677
-27.961,22.052
113.69,-11.729
41.098,-25.669
31.848,-11.778
-28.239,-47.717
-27.961,22.052
-141.08,-32.658
31.848,-11.778
75.95,-133.95
-27.494,-50.942
57.909,-120.36
-28.707,19.639
-117.3,-47.686
-28.239,-47.717
-93.659,-51.876
-26.922,-47.032
34.28,-13.147
38.991,-12.537
-182.64,-57.261
-29.516,-58.414
-27.961,22.052
-121.3,-55.12
181.67,-18.234
-29.69,-49.832
-27.961,22.052
34.28,-13.147
31.848,-11.778
-32.542,-47.358
2.5318,-77.824
98.765,-18.136
-32.488,-51.434
-123.53,-56.862
-26.185,-50.183
-141.08,-32.658
-29.066,19.77
35.075,-7.4667
-119.89,-47.254
-29.69,-49.832
-29.69,-49.832
-27.961,22.052
31.848,-11.778
-25.787,19.522
-31.946,-46.708
-29.255,24.34
33.439,-9.5642
-27.961,22.052
-29.69,-49.832
38.404,-91.863
-141.08,-32.658
-27.961,22.052
34.28,-13.147
33.439,-9.5641
34.913,-4.7999
41.262,-11.044
-29.69,-49.832
32.992,-3.1671
-95.788,-84.77
31.848,-11.778
-44.286,-104.04
-27.231,24.59
-27.961,22.052
-31.104,-52.212
-27.783,-52.343
-29.69,-49.831
-82.802,-16.242
93.034,-21.35
-116.16,-16.851
105.17,-34.114
31.848,-11.778
-29.69,-49.832
-27.961,22.052
88.569,-96.637
-19.629,-147.96
-27.961,22.052
30.121,-9.3543
-29.255,24.34
28.618,0.39515
86.472,-13.052
-29.69,-49.832
29.394,-12.225
-119.89,-47.254
98.392,-72.966
121.08,-84.241
-29.69,-49.832
31.848,-11.778
180.34,-10.512
-27.231,24.59
-32.805,-48.779
-27.961,22.052
-27.494,-50.942
31.849,-11.778
24.155,-9.5162
36.373,-10.771
93.734,22.586
-29.255,24.34
131.67,-18.695
-126.11,-74.99
-27.924,-60.527
131.67,-18.695
176.85,-39.056
33.439,-9.564
36.373,-10.771
104.58,-147.53
-12.579,-52.791
120.42,-116.14
-169.29,-49.55
-86.536,-39.969
36.373,-10.771
31.848,-11.778
25.934,-5.8673
-21.199,-93.457
-28.595,18.775
-27.961,22.052
-29.255,24.34
23.91,-58.468
-26.458,20.02
-25.651,23.518
-124.33,-72.27
-26.321,-62.05
-29.255,24.34
-29.69,-49.832
33.674,3.6748
2.2327,-75.046
-119.89,-47.254
-29.69,-49.832
31.848,-11.778
15.227,-147.86
-122.38,-48.302
-27.961,22.052
-26.589,24.19
38.054,-98.048
127.99,57.879
135,24.206
34.28,-13.147
-27.961,22.052
-119.89,-47.254
-108.77,-87.951
-27.961,22.052
15.227,-147.86
2.2327,-75.046
91.81,-14.755
179.72,-12.039
130.74,74.243
-27.961,22.052
-27.961,22.052
24.756,-85.539
-29.69,-49.831
104.92,-136.74
-14.828,-52.998
-119.89,-47.254
135.86,-32.484
-27.961,22.052
-29.255,24.34
-32.901,25.429
-26.506,19.039
31.848,-11.778
-29.69,-49.832
93.186,-12.538
-29.255,24.34
-92.639,-60.797
31.848,-11.778
-29.69,-49.832
2.2327,-75.046
73.925,-22.053
26.946,-14.2
138.03,-23.385
34.28,-13.147
140.42,85.179
-15.52,-47.696
31.849,-11.778
31.848,-11.778
-29.718,-53.015
-27.961,22.052
-29.69,-49.832
15.13,-159.35
-119.89,-47.254
-74.589,-9.6352
25.934,-5.8673
-27.961,22.052
98.804,-61.146
31.848,-11.778
80.886,-96.724
31.848,-11.778
-29.69,-49.832
31.848,-11.778
-29.255,24.34
-38.174,-83.158
-119.89,-47.254
31.848,-11.778
-29.255,24.34
36.373,-10.771
-27.961,22.052
31.848,-11.778
108.05,-115.22
22.137,-18.14
110.54,-115.27
-27.961,22.052
72.879,-16.861
-32.767,-48.822
31.848,-11.778
33.439,-9.5641
-117.85,-87.27
135.86,-32.484
-119.89,-47.254
31.848,-11.778
11.605,-125.37
-27.961,22.052
-27.961,22.052
44.039,-80.095
60.952,-126.27
31.848,-11.778
131.67,-18.695
31.197,-6.6615
-29.69,-49.832
2.2327,-75.046
-27.961,22.052
34.28,-13.147
35.296,-6.6064
-119.89,-47.254
-27.961,22.052
150.05,48.98
-27.961,22.052
160.98,74.553
-27.961,22.052
31.848,-11.778
86.35,-34.98
-26.589,24.19
98.259,-7.6099
-27.961,22.052
-25.651,23.518
23.628,-11.935
-29.69,-49.832
-27.231,24.59
-29.69,-49.832
-117.75,-14.746
-30.153,-47.44
31.848,-11.778
0.69138,-77.205
-102.41,-51.507
34.947,-16.096
96.001,-74.046
188.34,-21.197
-25.651,23.518
175.19,-29.616
31.627,-14.506
-27.961,22.052
-119.89,-47.254
-29.255,24.34
-19.625,-57.122
25.934,-5.8673
-117.75,-14.746
-27.961,22.052
-20.213,-42.284
33.439,-9.564
64.181,-45.68
39.565,-13.668
-29.69,-49.832
-117.75,-14.746
-119.42,-16.697
31.848,-11.778
-24.716,22.689
-15.618,-54.843
34.28,-13.147
131.67,-18.695
51.606,-42.369
-29.69,-49.832
24.694,-21.723
-29.69,-49.832
99.776,-130.19
70.961,-150.2
-11.175,-85.954
-29.69,-49.832
28.676,-11.221
31.848,-11.778
174.83,-22.775
30.684,-126.33
95.95,28.24
38.667,-15.247
134.94,13.32
84.467,-138.71
-26.275,-51.41
97.407,-70.598
31.848,-11.778
-28.239,-47.717
-32.107,-49.977
-44.286,-104.04
-40.456,-86.485
-26.817,-52.492
-24.48,-44.818
-29.565,-52.272
31.848,-11.778
36.949,-26.393
-98.876,-34.789
-31.067,-47.817
28.619,-11.998
-26.275,-51.41
-26.207,-70.422
25.931,-3.11
25.934,-5.8673
38.667,-15.247
31.197,-6.6615
110.44,37.725
-119.89,-47.254
-21.199,-93.457
-29.174,18.933
-112.16,-17.602
31.848,-11.778
71.345,-73.4
126.61,-38.67
34.217,-16.778
33.67,-5.0534
31.849,-11.778
98.526,-58.652
94.404,-36.111
36.373,-10.771
-9.4142,-100.11
31.848,-11.778
116.58,-4.6059
-28.239,-47.717
-27.961,22.052
48.69,-142.23
-29.69,-49.832
-27.494,-50.942
-29.69,-49.831
40.951,-115.03
31.848,-11.778
31.848,-11.778
-26.589,24.19
-31.619,-46.455
-27.961,22.052
-27.961,22.052
61.531,-75.442
181.17,-47.758
-29.69,-49.832
-29.69,-49.832
109.17,47.853
34.28,-13.147
-29.255,24.34
-17.83,-44.659
95.615,8.4893
33.439,-9.5641
-27.961,22.052
-0.55159,-75.553
53.889,-154.14
-119.21,-44.716
2.2327,-75.046
-18.676,-46.029
-27.961,22.052
-29.255,24.34
134.8,88.406
29.51,-10.86
-29.69,-49.832
-29.69,-49.832
33.439,-9.564
36.373,-10.771
25.177,-18.492
29.819,-14.565
71.234,-119.75
131.87,5.4903
31.848,-11.778
90.459,-80.642
-122.76,-70.068
-20.328,26.636
-26.307,19.143
83.311,-49.575
-27.961,22.052
-26.817,-52.492
108.57,-23.536
-19.023,22.834
-74.589,-9.6352
108.05,-115.22
33.439,-9.5641
-15.764,-49.607
-120.66,-71.658
-29.69,-49.831
-27.961,22.052
-44.838,-89.771
37.747,-13.561
118.87,-9.4273
31.627,-14.506
-29.69,-49.832
37.384,-6.4298
21.089,-158.81
-31.756,-137.23
31.848,-11.778
31.848,-11.778
-98.506,-96.613
181.17,-47.758
-29.69,-49.832
44.844,-100.32
34.28,-13.147
29.544,-12.739
-13.244,-55.234
83.045,-23.576
121.12,-69.485
42.851,-171.63
-31.303,-48.004
31.627,-14.506
182.11,12.232
138.69,41.237
-29.69,-49.832
25.934,-5.8673
34.28,-13.147
-29.255,24.34
-24.716,22.689
-14.971,-129.91
-27.126,19.668
31.848,-11.778
31.627,-14.506
31.848,-11.778
-27.961,22.052
96.215,34.12
94.404,-36.111
31.848,-11.778
-29.69,-49.832
-29.69,-49.832
-31.104,-52.212
-27.961,22.052
-32.107,-49.977
34.28,-13.147
-29.255,24.34
31.277,-18.624
25.934,-5.8673
31.848,-11.778
-27.961,22.052
28.641,-10.045
-123.55,-92.504
111.89,-6.6483
34.88,-64.802
-27.961,22.052
-31.303,-48.004
-21.9,-46.622
31.848,-11.778
67.273,-19.081
-74.589,-9.6352
25.934,-5.8673
-30.268,-47.454
33.439,-9.564
-28.239,-47.717
34.28,-13.147
-26.817,-52.492
31.197,-6.6615
30.121,-9.3543
99.406,13.172
-27.961,22.052
-29.69,-49.832
-117.75,-14.746
32.851,-34.6
34.28,-13.147
31.848,-11.778
-29.69,-49.832
22.671,-14.856
31.131,1.7154
-105.9,-32.904
31.848,-11.778
31.848,-11.778
115.56,-17.199
-29.255,24.34
31.848,-11.778
-27.961,22.052
34.28,-13.147
58.055,-44.611
-28.149,-51.693
-27.961,22.052
-27.961,22.052
30.121,-9.3543
-142.12,-30.165
31.848,-11.778
84.523,-91.437
36.373,-10.771
3.9222,-73.245
-27.961,22.052
-27.961,22.052
-27.961,22.052
-31.664,26.555
-29.69,-49.831
-30.398,21.399
34.28,-13.147
-29.69,-49.832
31.848,-11.778
-121.3,-55.12
-29.69,-49.832
-27.961,22.052
-29.69,-49.832
106.53,28.259
-27.231,24.59
-27.961,22.052
-29.255,24.34
-31.471,-48.177
-119.89,-47.254
-21.283,-44.212
-29.69,-49.832
-119.91,-57.564
36.239,-8.3272
314.73,-26.802
-29.69,-49.832
56.215,-104.28
36.158,-5.6237
-25.569,21.164
-105.75,-35.429
38.564,-83.252
-119.89,-47.254
-27.961,22.052
-117.75,-14.746
-29.69,-49.831
-29.69,-49.832
174.75,-27.058
30.121,-9.3543
31.848,-11.778
-70.003,-97.979
159.49,41.35
31.848,-11.778
-121.08,-44.904
31.848,-11.778
31.848,-11.778
31.627,-14.506
-27.961,22.052
4.4636,-76.472
5.3663,-75.099
-28.491,19.589
-27.961,22.052
134.09,81.421
-30.754,-46.086
33.439,-9.5641
-29.69,-49.831
-27.961,22.052
100.44,30.738
-25.868,20.62
31.849,-11.778
-99.74,-60.243
29.668,-13.004
32.704,-113.69
-27.961,22.052
30.219,-13.642
-27.961,22.052
24.756,-85.539
28.89,-13.936
135.18,-65.457
-122.76,-70.068
-29.69,-49.832
-27.494,-50.942
-28.061,19.519
85.903,8.8716
-27.494,-50.942
94.386,13.591
-21.199,-93.457
-31.481,-47.16
-29.69,-49.831
-29.066,19.77
-29.255,24.34
-30.398,21.399
-144.69,-73.709
62.195,-15.442
-142.07,-35.042
139.58,-58.851
28.757,-12.74
-27.499,-48.822
-27.961,22.052
48.35,-116.86
-27.961,22.052
33.439,-9.5641
-27.783,-52.343
27.538,-17.609
31.848,-11.778
-31.104,-52.212
-29.69,-49.832
-19.978,-52.249
-31.104,-52.212
46.487,-17.007
24.756,-85.539
94.404,-36.111
36.723,-14.776
45.407,-60.21
-27.961,22.052
30.121,-9.3543
34.28,-13.147
-32.779,-49.333
-29.69,-49.832
-31.104,-52.212
31.848,-11.778
-29.69,-49.832
-21.199,-93.457
-31.18,-46.949
2.2327,-75.046
31.848,-11.778
25.931,-3.11
31.848,-11.778
-29.69,-49.832
-25.957,-48.211
-27.961,22.052
121.98,39.215
37.167,-16.182
139.6,-49.949
-29.69,-49.832
-27.961,22.052
131.87,5.4903
-29.69,-49.832
31.848,-11.778
40.567,-9.3621
38.211,-17.091
27.805,-21.771
-14.503,-42.072
-25.417,21.811
-119.89,-47.254
31.848,-11.778
79.071,-151.91
-29.69,-49.832
-27.961,22.052
-117.68,-45.83
138.23,47.115
-27.961,22.052
33.439,-9.5642
37.582,-8.0967
-29.69,-49.832
125.45,8.1525
73.075,-108.89
-29.69,-49.831
33.439,-9.5641
-24.61,16.292
31.197,-6.6615
-29.69,-49.832
-29.69,-49.832
25.934,-5.8673
64.752,-167.3
-27.961,22.052
30.694,-132.41
114.53,22.507
58.964,-50.506
-29.255,24.34
80.017,-67.673
33.439,-9.564
-46.874,-103.69
31.848,-11.778
99.218,-75.612
-29.938,19.363
34.934,-5.7857
-29.255,24.34
-29.69,-49.832
104.92,-136.74
-29.69,-49.832
2.2327,-75.046
-27.961,22.052
92.837,-109.72
116.64,54.75
19.908,-14.671
-31.104,-52.212
34.28,-13.147
-26.275,-51.41
34.28,-13.147
-27.961,22.052
31.197,-6.6615
31.848,-11.778
31.848,-11.778
37.54,-135.59
31.848,-11.778
119.12,70.136
-21.199,-93.457
-27.961,22.052
142.51,1.967
-19.023,22.834
1.4822,3.9043
30.121,-9.3543
22.137,-18.14
130.25,-97.382
31.848,-11.778
31.848,-11.778
49.851,-26.629
-29.69,-49.832
154.47,19.328
-29.69,-49.832
-16.772,-53.272
109.98,-86.395
-29.255,24.34
-29.657,20.196
-29.69,-49.832
-28.239,-47.717
31.848,-11.778
31.848,-11.778
-26.881,25.139
-25.339,19.952
31.848,-11.778
-29.69,-49.832
33.439,-9.5641
-25.588,-43.472
-76.927,-19.266
-19.261,19.701
131.67,-18.695
-27.961,22.052
31.848,-11.778
-29.69,-49.832
-29.69,-49.831
30.121,-9.3543
31.627,-14.506
-29.654,20.19
-13.759,-48.614
-143.06,-37.467
31.848,-11.778
-29.69,-49.832
-25.569,21.164
-122.76,-70.068
-26.781,-63.896
31.848,-11.778
-111.88,-22.562
-31.39,-46.323
-29.255,24.34
-27.961,22.052
-27.961,22.052
-29.255,24.34
-19.138,-94.957
19.779,-11.342
33.439,-9.5642
28.799,-10.388
-142.07,-35.042
-21.199,-93.457
-31.988,-49.02
-28.239,-47.717
33.439,-9.564
-27.961,22.052
47.918,0.076046
93.989,-38.622
29.843,-61.677
31.627,-14.506
-32.722,26.644
40.19,-61.951
-22.607,29.117
90.986,6.2644
4.4636,-76.472
74.516,-97.361
75.95,-133.95
100.56,36.45
31.848,-11.778
102.65,-4.8691
44.671,-66.636
40.088,-6.3525
-27.961,22.052
-27.961,22.052
80.034,16.327
94.404,-36.111
-93.937,-72.639
-30.108,20.852
-29.69,-49.832
182.11,12.232
-29.69,-49.832
-80.405,-11.889
-29.424,19.038
-14.61,-138.11
-31.104,-52.212
-30.431,-47.494
124.99,-55.701
-27.961,22.052
-121.03,-68.121
-29.547,-52.246
-29.69,-49.832
31.848,-11.778
96.117,-53.98
29.715,-18.089
36.314,-51.535
-21.199,-93.457
-25.431,22.318
31.848,-11.778
-22.832,-103.09
-26.458,20.02
24.492,-136.35
126.99,66.246
-44.995,-106.71
-74.589,-9.6352
29.153,-4.2493
94.404,-36.111
34.28,-13.147
33.439,-9.5641
2.2327,-75.046
-26.678,-50.494
-121.3,-55.12
-22.537,-49.04
-98.934,-43.154
87.17,3.1895
-27.961,22.052
128.69,-68.303
-29.795,-53.197
-27.961,22.052
74.056,-31.461
33.439,-9.5641
114.66,34.48
-27.961,22.052
-22.576,-95.605
-29.69,-49.832
36.373,-10.771
-25.491,21.476
-29.69,-49.832
31.848,-11.778
119.5,32.726
-32.767,-48.822
-27.961,22.051
29.819,-14.565
31.848,-11.778
35.937,-18.435
2.2327,-75.046
76.63,-1.6166
33.439,-9.5641
33.259,-0.074193
31.848,-11.778
94.404,-36.111
15.227,-147.86
-32.632,-50.379
-27.961,22.052
31.848,-11.778
-31.104,-52.212
23.073,-5.5922
-29.69,-49.832
24.155,-9.5162
32.566,-5.221
-31.104,-52.212
-27.961,22.052
31.848,-11.778
4.078,-125.1
-27.961,22.051
-71.657,-100.18
-16.671,-46.132
