-46.126,4.8631
-6.0197,-29.292
-11.811,-34.873
-46.099,5.1834
-9.1031,-30.08
31.486,-10.056
31.691,-10.082
-9.3504,-29.607
-47.006,6.4814
31.489,-10.056
32.913,-10.22
-8.3952,-33.451
-46.393,4.3002
46.388,-10.491
39.917,-10.227
-45.682,6.3747
-12.991,-36.027
50.406,-9.2619
-6.1831,-32.741
-11.875,-34.49
46.16,-10.178
-6.8002,-30.46
31.506,-10.058
274.68,4.6199
275.52,4.6482
31.486,-10.055
31.642,-10.076
274.68,4.6198
-11.778,-34.651
46.162,-10.185
-46.287,5.0613
-5.3917,-29.229
31.557,-10.065
57.11,-8.3052
30.174,-9.8574
-15.805,26.458
51.465,-9.11
31.259,-10.023
-7.7102,-30.094
-12.034,-34.096
-10.39,-29.384
-47.257,7.2197
-47.742,6.7904
-10.58,-32.681
48.615,-9.5195
56.057,-8.4499
148.53,0.27561
147.31,0.19938
275.44,4.6457
49.185,-9.4374
31.779,-10.092
50.475,-9.2521
147.31,0.19968
48.286,-9.5641
39.759,-10.258
38.145,-10.28
40.097,-10.245
38.145,-10.28
274.79,4.6235
145.97,0.11447
38.195,-10.278
-12.488,-35.942
-15.468,26.763
274.01,4.5972
149.57,0.33789
32.953,-10.226
275.48,4.6471
149.65,0.34239
-8.3993,-33.998
146.02,0.11787
-45.359,5.6867
149.54,0.33587
149.77,0.34899
57.044,-8.313
-46.123,5.9122
32.976,-10.229
273.74,4.5881
-11.789,-35.663
57.38,-8.2705
-47.006,6.4814
-47.23,5.5777
-45.624,6.1418
-10.023,-27.029
56.044,-8.4524
148.31,0.26158
47.05,-9.7624
148.98,0.30237
32.977,-10.229
32.973,-10.228
-11.622,-27.195
274.02,4.5976
-48.347,7.0444
-45.624,6.1418
50.295,-9.2778
46.341,-10.452
-48.594,5.3478
-46.193,4.2238
48.962,-9.4729
-48.605,4.8186
-8.2514,-29.705
-12.279,-35.15
-8.8776,-27.239
30.291,-9.881
-47.028,5.922
-47.767,6.0621
-47.117,7.6126
-47.277,6.3114
148.24,0.25781
49.302,-9.4214
48.244,-9.5847
-46.808,6.9207
-49.167,5.9329
-46.961,4.5292
-48.274,5.137
-48.605,4.8186
-9.2618,-28.75
-8.8925,-27.247
-46.648,5.5848
149.48,0.3322
-46.672,6.7265
51.905,-9.0464
-6.6063,-29.301
-11.804,-35.265
146.22,0.13072
-47.321,4.6418
-48.776,6.5514
148.81,0.29222
51.99,-9.0342
149.65,0.34256
49.276,-9.4245
-47.416,3.9497
-48.621,6.8943
-10.059,-27.506
-48.024,7.2209
275.5,4.6477
-47.238,5.0738
-47.066,7.137
-47.795,7.3226
-45.3,5.644
-12.666,-35.697
-45.782,4.1134
-11.824,-35.672
32.976,-10.229
-48.586,5.3394
-8.9748,-32.674
-8.3197,-29.68
-8.8257,-32.701
-8.8168,-29.95
-8.7994,-34.991
-8.9317,-30.222
-46.829,4.8545
-47.601,5.8997
50.459,-9.2542
274,4.5967
-46.287,5.0613
-47.154,4.1947
146.14,0.12558
32.975,-10.229
-45.925,4.3517
275.24,4.6389
48.195,-9.6086
-6.8443,-30.592
275.57,4.6501
-45.624,6.1418
49.289,-9.4228
-47.386,3.5059
55.413,-8.5421
46.361,-10.483
149.18,0.3146
-45.701,4.9728
-47.439,7.2833
-46.673,5.5482
-10.252,-28.715
52.146,-9.0118
-46.287,5.0613
43.675,-10.009
149.31,0.32241
-49.077,6.6773
43.03,-10.139
275.55,4.6493
-48.781,6.2113
275.07,4.6333
32.975,-10.229
46.312,-10.455
-48.753,5.601
146.3,0.13586
-46.407,7.5292
275.03,4.6317
-46.134,7.3309
274.68,4.6198
52.137,-9.0129
46.389,-10.497
55.699,-8.5009
43.03,-10.14
56,-8.4583
147.57,0.21532
46.294,-10.533
32.976,-10.229
275.12,4.6348
146.94,0.17594
-47.006,6.4814
-46.393,4.3002
-46.512,5.8929
-26.078,-10.494
-25.18,-10.134
-25.18,-10.134
-25.972,-10.43
-25.18,-10.134
28.194,-9.5995
46.249,-10.195
-45.399,4.3603
-6.6389,-32.159
275.55,4.6493
275.57,4.6501
-26.451,-10.958
50.197,-9.2923
32.976,-10.229
-48.028,6.677
-48.955,6.7987
146.94,0.17586
148.52,0.27469
-46.484,6.2945
145.37,0.074577
275.25,4.6392
-48.059,6.66
-46.272,6.6735
-46.703,5.493
-47.529,6.8054
-46.485,6.3019
-48.782,6.179
46.296,-10.443
-48.347,6.3574
-47.596,7.3206
-46.549,6.5155
-46.968,7.0776
148.55,0.27678
46.293,-10.533
-48.302,5.994
-46.546,4.0745
-47.648,5.9506
-47.685,5.0097
-48.757,6.158
46.163,-10.186
-47.154,4.1947
-46.212,5.8103
-47.822,5.5429
149.28,0.32066
-47.945,7.7514
-47.992,6.1381
-48.809,5.9387
-47.496,6.8248
274.69,4.6202
-46.689,6.7573
-46.288,5.0126
-47.471,4.5116
274.35,4.6087
32.975,-10.228
147.08,0.18506
-47.002,5.8667
-46.789,5.025
57.633,-8.2375
-47.784,4.3662
-47.208,5.6105
146.96,0.17747
56.99,-8.3211
-46.961,4.5292
274.34,4.6086
275.51,4.6481
-47.552,5.4939
-44.72,6.4305
31.171,-10.011
-8.2636,-31.269
49.338,-9.4152
57.446,-8.2616
29.413,-9.7348
-48.059,5.608
-47.028,6.0411
-6.683,-34.733
-47.772,6.0904
-47.002,6.045
47.732,-9.6774
-47.545,4.7223
-46.611,5.6532
-6.683,-34.733
-7.0881,-35.154
-6.5078,-34.272
-47.67,6.5469
-47.308,7.2386
-7.0859,-35.057
48.195,-9.6085
-12.158,-27.543
-7.0859,-35.057
46.593,-10.475
-47.656,7.6504
-7.0859,-35.057
-47.012,6.1871
145.75,0.10045
-6.683,-34.733
-45.682,6.3747
-12.189,-27.461
273.86,4.5923
-6.6831,-34.733
-6.683,-34.733
-47.226,6.0469
-48.032,7.2163
-7.0859,-35.057
-46.891,4.9182
-7.0859,-35.057
51.605,-9.0898
56.998,-8.3201
-46.968,7.0776
-48.522,5.2808
-48.786,6.4189
-6.683,-34.733
-7.0859,-35.057
-46.481,7.4308
39.972,-9.879
-48.377,7.5047
-7.0859,-35.057
-6.6831,-34.733
-6.683,-34.733
32.975,-10.229
-48.239,7.0948
-47.524,5.0187
48.896,-9.4799
-6.683,-34.733
-48.017,7.2532
-9.1411,-31.658
-8.4144,-30.913
-9.8037,-30.49
-8.7989,-30.407
-9.5051,-30.872
-47.581,6.3374
-48.678,6.8071
32.976,-10.229
-48.064,5.0547
32.976,-10.229
-47.465,6.0032
274.38,4.6098
-48.164,6.2472
-47.317,6.8236
-48.608,6.1364
-48.653,6.8456
50.455,-9.2549
-46.799,5.3657
46.155,-10.18
-46.22,6.5421
-47.439,5.0258
-47.289,7.8245
-47.326,5.7054
-47.64,5.8934
-47.833,6.2151
-48.188,7.0899
-48.274,5.9131
-48.777,5.6664
-48.393,5.1972
274.19,4.6032
149.27,0.31971
-8.7305,-34.32
-45.682,6.3747
-48.197,5.7863
-48.006,5.5937
57.635,-8.2376
275.1,4.6341
-45.057,6.7063
-47.678,5.4949
146.2,0.1291
-20.938,-39.016
57.776,-8.2196
46.159,-10.185
-47.197,5.0884
-46.338,6.9318
-47.545,4.5095
-47.106,7.1561
-46.73,6.8248
-48.795,5.7413
-45.429,7.0439
55.886,-8.4744
-47.031,5.9505
-45.624,6.1418
46.163,-10.186
39.976,-10.203
-48.526,4.7764
-48.678,7.2458
-47.784,4.3662
-46.134,7.3309
-47.616,5.9393
56.79,-8.3474
-48.784,6.5446
274.77,4.6228
-47.083,6.6424
274.68,4.62
-46.123,5.9122
46.293,-10.533
-10.308,-34.088
-45.672,6.6036
275.09,4.6338
-46.961,4.5292
-46.548,3.9268
274.36,4.609
-11.821,-26.733
-45.583,6.7471
275.56,4.6498
-47.289,7.8245
-48.004,5.5966
274.96,4.6292
-48.749,6.6665
46.156,-10.182
149.33,0.32339
57.296,-8.2812
32.969,-10.228
149.56,0.33689
32.973,-10.228
-45.359,5.6867
51.366,-9.1242
-47.285,5.6797
-45.609,6.6598
-46.134,7.3309
32.975,-10.229
148.66,0.28315
-49.283,4.7947
-46.918,6.4092
-47.791,6.793
57.006,-8.3189
32.975,-10.229
-46.134,7.3309
-46.32,6.8864
275.55,4.6495
-48.252,5.8813
148.48,0.27229
-47.597,5.5097
148.48,0.27235
-8.3058,-34.908
-47.283,5.0604
-9.6036,-28.87
-10.059,-27.506
-9.6036,-28.87
-10.209,-28.911
147.18,0.19096
148.55,0.27649
-46.348,6.8131
-48.648,4.55
-46.481,6.2737
275.52,4.6483
28.287,-9.718
-48.004,4.6479
274.23,4.6047
-49.322,6.208
-47.033,7.7661
-49.307,4.49
-49.518,5.1305
32.976,-10.229
-48.352,6.1164
-48.274,5.137
274.19,4.6033
-47.031,7.7655
55.574,-8.5192
-47.19,7.626
50.512,-9.2467
-47.304,6.4498
-11.272,-32.074
28.803,-9.6525
146.34,0.13796
275.34,4.6423
28.262,-9.5222
148.96,0.30157
-48.353,7.5777
43.011,-10.143
-11.119,-29.659
-11.119,-29.659
-11.119,-29.659
27.422,-9.8072
-13.069,-33.766
27.553,-9.7898
-26.183,-17.506
-13.762,-33.151
27.552,-9.7898
-13.068,-33.768
-14.061,-33.61
-31,-13.529
33.283,-10.244
-32.316,-14.055
-11.304,-28.385
-13.303,-33.289
-32.077,-14.074
27.446,-9.8018
-13.069,-33.765
-13.068,-33.767
-26.183,-17.506
-11.306,-28.387
-13.526,-33.181
27.333,-9.858
-26.183,-17.506
27.885,-9.6803
-13.816,-33.545
275.43,4.6455
275.57,4.6499
-46.823,6.9473
149.61,0.34026
32.976,-10.229
-46.918,6.4095
274.67,4.6195
57.634,-8.2375
274.08,4.5994
145.77,0.10116
-49.286,5.868
149.34,0.32391
149.54,0.33557
273.79,4.5899
274.48,4.6131
48.949,-9.4734
-11.753,-28.31
-11.306,-28.387
-11.773,-28.868
-11.773,-28.868
-11.88,-36.628
-11.306,-28.387
-11.306,-28.387
27.093,-9.9701
-11.42,-28.14
-11.773,-28.868
27.552,-9.7898
-2.2241,-34.737
-47.228,6.3403
-47.881,4.5544
-7.8701,-30.699
-11.191,-32.979
-9.0064,-32.66
-10.956,-32.098
40.274,-9.9698
-9.5406,-29.681
-47.664,6.7956
-11.91,-32.328
41.174,-10.477
-50.554,8.0454
-7.9974,-24.885
-50.554,8.0454
-9.5885,-29.069
-8.0286,-24.908
-10.901,-30.182
-8.5615,-29.131
-2.2241,-34.737
-12.092,-32.166
-14.327,-33.47
145.86,0.10705
274.19,4.6032
-9.2458,-28.797
274.14,4.6017
-8.3952,-33.451
51.72,-9.0733
51.548,-9.098
145.81,0.10392
-10.541,-32.672
30.389,-9.8923
-6.8938,-30.739
-11.506,-30.075
149.5,0.33329
-8.3952,-33.451
274.69,4.6202
-9.2458,-28.797
149.52,0.33443
-6.687,-32.954
-10.459,-30.978
-9.6114,-30.548
148.48,0.27228
-8.3952,-33.451
-7.2264,-32.159
48.204,-9.5807
-10.359,-30.58
-11.535,-27.587
274.99,4.6306
-10.249,-30.351
148.84,0.29397
51.71,-9.0748
-7.7496,-29.125
274,4.5969
275.44,4.6456
274.25,4.6054
147.17,0.19065
-7.7674,-32.845
-26.183,-17.506
-26.183,-17.506
-26.183,-17.506
-26.183,-17.506
-26.183,-17.506
-26.183,-17.506
-26.183,-17.506
-26.183,-17.506
-26.183,-17.506
-26.183,-17.506
-26.183,-17.506
-26.183,-17.506
-26.183,-17.506
-26.183,-17.506
-26.183,-17.506
-26.183,-17.506
47.067,-9.6702
-26.185,-17.49
-26.183,-17.506
-26.187,-17.503
-26.183,-17.506
-26.185,-17.501
-26.183,-17.506
-26.183,-17.506
-26.185,-17.504
-26.183,-17.506
47.083,-9.6692
-26.183,-17.506
-26.186,-17.498
-26.182,-17.506
-26.183,-17.506
-26.183,-17.506
-26.183,-17.506
-26.183,-17.506
-25.878,-17.789
-26.183,-17.506
-26.183,-17.506
-26.185,-17.503
-26.183,-17.506
-26.183,-17.506
-26.183,-17.506
-26.183,-17.506
-26.184,-17.505
-26.183,-17.506
-26.183,-17.506
-26.183,-17.506
-26.182,-17.506
-7.89,-27.777
-14.556,-30.186
-26.419,-10.893
50.257,-9.2833
-46.548,3.9268
39.98,-9.9447
31.483,-10.055
-10.252,-30.355
275.5,4.6478
146.89,0.17269
-45.796,7.243
146.82,0.16849
-8.0239,-33.303
57.75,-8.2229
275.33,4.6419
39.96,-10.2
46.339,-10.235
148.57,0.27775
-11.613,-29.985
-6.6063,-29.301
-10.059,-27.506
275.57,4.6501
-9.3931,-34.284
274.16,4.6023
-12.222,-32.106
149.48,0.3324
31.486,-10.056
31.478,-10.055
48.934,-9.4739
-9.2039,-30.552
31.496,-10.057
274.24,4.6048
39.997,-9.9631
-9.9893,-30.885
31.691,-10.082
274.12,4.6011
31.48,-10.055
-14.046,-30.335
-7.6976,-32.835
-7.6976,-32.835
275.49,4.6474
55.773,-8.4904
52.947,-8.8963
275.38,4.6438
-9.5867,-31.186
-9.2437,-30.294
-10.456,-31.113
-7.3089,-29.824
-10.39,-29.384
-9.1109,-33.13
275.57,4.6501
274.33,4.6082
56.619,-8.369
-19.116,-41.21
-20.139,-39.678
-19.945,-39.666
-20.87,-41.186
-20.842,-41.569
-20.873,-40.265
-19.714,-40.334
-19.014,-40.795
-19.149,-41.25
-20.567,-41.501
-19.226,-39.375
-19.062,-40.169
-16.153,26.794
-20.256,-39.704
-8.8019,-31.313
-31.106,-14.577
-8.762,-31.186
-9.2892,-32.131
51.895,-9.0481
-31.106,-14.577
-9.1402,-30.584
-15.725,26.491
-15.393,26.865
-9.2224,-31.682
147.06,0.18352
-31.106,-14.577
-31.106,-14.577
-14.911,-29.741
-14.075,-29.727
-15.441,26.8
-15.76,26.479
-8.1875,-29.73
-14.075,-29.727
-13.892,-29.784
-26.588,-10.876
-15.791,26.455
37.567,-10.309
-15.725,26.491
-14.417,-30.216
-8.8977,-31.733
-16.598,-30.52
-16.598,-30.52
-11.773,-28.868
-16.541,-30.492
-9.3771,-32.623
-16.598,-30.52
-14.417,-30.217
-14.871,-29.894
-9.0895,-31.327
-9.2683,-32.078
-11.73,-30.61
-16.598,-30.52
-15.484,26.756
-9.5419,-30.86
-15.484,26.756
-15.016,-29.207
-15.725,26.491
-15.016,-29.208
-8.9637,-32.678
-15.725,26.491
-15.016,-29.208
-15.016,-29.207
-15.725,26.491
-15.025,-29.201
-15.017,-29.207
275.18,4.6369
-15.725,26.491
-9.1775,-32.643
-9.8365,-32.466
-8.7687,-32.208
-9.7278,-29.303
32.912,-10.216
-14.417,-30.217
-9.9569,-31.119
-13.294,-33.298
-10.119,-32.089
40.581,-10.303
-13.816,-33.545
-16.541,-30.492
-8.8771,-31.731
-8.4575,-29.985
-10.12,-32.089
-16.541,-30.492
-6.0982,-27.596
-7.1265,-28.69
-7.1271,-28.689
-10.445,-30.846
43.077,-10.123
-7.4243,-31.805
-5.7274,-27.864
-7.2961,-31.546
-13.068,-33.767
-26.262,-17.6
40.581,-10.303
-8.2777,-31.115
-10.679,-33.493
-9.0772,-29.565
-5.7274,-27.864
-10.648,-29.584
-9.4936,-33.051
-11.306,-28.387
-9.6805,-31.914
-6.3336,-27.533
-6.9724,-28.824
-16.541,-30.492
-7.7989,-31.935
-7.2603,-31.343
-13.068,-33.768
-11.807,-31.236
-11.73,-30.61
-7.8216,-31.519
-7.5894,-30.236
-16.544,-30.488
-7.4071,-30.724
-10.679,-33.493
-8.4019,-31.497
-6.9724,-28.824
-6.0982,-27.596
-14.075,-29.727
-16.541,-30.492
-8.3312,-32.658
-14.871,-29.894
-8.3987,-30.401
-7.3188,-31.605
-16.541,-30.492
-10.252,-29.6
-7.4478,-30.538
-7.4089,-31.791
-11.807,-31.236
-7.2593,-31.194
-11.807,-31.236
-7.8832,-30.919
-5.7274,-27.864
-6.9714,-28.825
-16.598,-30.52
-16.541,-30.492
-14.417,-30.216
-5.7274,-27.864
-8.086,-31.776
-16.541,-30.492
-14.057,-29.146
-14.417,-30.217
-5.7274,-27.864
-11.807,-31.236
52.467,-8.9654
-8.2142,-32.605
-8.5992,-32.708
-16.541,-30.492
-6.9714,-28.825
-16.541,-30.492
-16.541,-30.492
-7.6908,-32.2
-6.0982,-27.596
-8.8101,-29.574
-16.541,-30.492
-7.4455,-30.549
-16.598,-30.52
-9.3482,-32.627
-5.7274,-27.864
-7.9076,-31.677
-16.541,-30.492
-13.816,-33.545
-11.807,-31.236
-16.541,-30.492
-8.7696,-30.963
-14.075,-29.727
-16.541,-30.492
-11.73,-30.61
-7.3376,-31.652
-16.598,-30.52
-7.2715,-31.09
40.882,-10.604
-10.825,-31.523
-8.1805,-31.873
-11.73,-30.61
-7.5552,-30.29
-11.807,-31.236
-7.7054,-32.194
-6.0982,-27.596
-16.541,-30.492
-6.0982,-27.596
-7.8092,-32.314
-7.7807,-31.141
-6.0982,-27.596
-7.3219,-31.612
-16.541,-30.492
-7.4431,-30.554
-16.541,-30.492
-11.321,-28.206
-7.7696,-31.969
-7.298,-30.994
-7.7885,-31.262
-7.82,-32.323
-8.065,-30.893
-8.494,-31.19
-14.224,-30.218
-7.2976,-30.994
-13.816,-33.545
-7.5323,-30.328
-11.73,-30.61
-7.2721,-31.097
-8.4188,-31.543
-16.541,-30.492
-7.1271,-28.689
-16.541,-30.492
-5.7274,-27.864
-7.2609,-28.45
275.57,4.6501
146.8,0.1674
145.78,0.10193
37.549,-10.315
147.26,0.19644
37.628,-10.318
275.11,4.6345
273.88,4.5928
39.652,-10.357
51.762,-9.0671
37.719,-10.324
37.954,-10.315
43.276,-10.369
-14.075,-29.727
-7.5272,-31.963
275.34,4.6422
51.245,-9.1415
37.127,-10.312
41.484,-10.517
275.51,4.6481
274.92,4.628
274.15,4.602
275.39,4.6438
274.98,4.6302
148.55,0.27642
146.53,0.15035
37.899,-10.315
147.6,0.21735
145.97,0.11448
274.08,4.5997
40.776,-10.598
-77.146,-21.944
40.776,-10.598
-77.383,-21.615
147.34,0.20103
-77.517,-21.66
-77.195,-22.024
-6.0982,-27.596
-77.243,-21.653
40.775,-10.598
40.775,-10.598
-77.318,-21.622
31.659,-10.075
-6.0982,-27.596
-77.551,-21.689
-77.26,-21.643
-77.278,-21.635
40.776,-10.598
-77.267,-21.64
-16.541,-30.492
40.939,-10.599
32.012,-10.12
40.775,-10.598
-77.615,-21.905
-77.572,-21.712
-77.217,-22.044
-5.7274,-27.864
57.431,-8.2637
-77.615,-21.905
-6.0982,-27.596
-77.148,-21.946
37.726,-10.323
50.77,-9.2097
-6.0982,-27.596
-77.166,-21.984
-6.0982,-27.596
40.776,-10.598
39.946,-10.288
-16.541,-30.492
-6.3142,-27.538
-77.447,-22.092
-5.7274,-27.864
40.94,-10.599
56.212,-8.4276
-6.3142,-27.538
-6.0982,-27.596
40.776,-10.598
-6.0982,-27.596
-77.38,-21.615
-77.317,-21.621
-77.456,-22.09
145.83,0.10566
40.775,-10.598
-6.0982,-27.596
40.776,-10.598
-11.807,-31.236
-77.615,-21.905
-5.7274,-27.864
-5.7274,-27.864
-77.138,-21.915
-6.0982,-27.596
-5.7274,-27.864
-77.195,-21.694
-16.541,-30.492
-77.67,-21.848
-77.468,-22.085
-77.604,-21.945
-77.263,-22.075
-77.368,-22.102
-5.7274,-27.864
40.776,-10.598
31.656,-10.076
-5.7274,-27.864
43.006,-10.145
149.64,0.34171
-77.131,-21.848
-77.45,-21.626
-16.541,-30.492
-6.7129,-31.976
38.018,-10.29
-6.7129,-31.976
-6.7129,-31.976
-6.7129,-31.976
30.384,-9.8917
-6.7129,-31.976
-10.418,-33.302
-13.775,-34.595
-77.26,-21.643
-77.338,-22.1
-77.606,-21.939
-77.564,-21.704
-77.552,-21.69
-77.324,-22.097
-13.774,-34.596
-6.9977,-29.847
-77.619,-21.847
-77.196,-21.693
-77.456,-22.09
-77.135,-21.817
-77.266,-21.64
-77.562,-21.699
-77.45,-21.626
-13.502,-34.713
-77.383,-21.615
-77.402,-22.101
-77.604,-21.945
-77.211,-22.038
-77.196,-21.693
-77.133,-21.826
-13.292,-34.696
-77.17,-21.991
-77.267,-22.077
-77.569,-21.595
-77.324,-22.097
-13.502,-34.713
-77.196,-21.693
-77.615,-21.904
-77.517,-21.66
-77.491,-22.075
-77.278,-21.635
-77.33,-22.099
-77.195,-21.694
-77.181,-22.006
-77.554,-21.692
-77.368,-22.102
-13.303,-33.29
-77.604,-21.945
-77.324,-22.097
-77.133,-21.831
-77.135,-21.817
-77.567,-22.009
40.626,-10.706
-77.604,-21.945
-13.774,-34.596
-77.267,-21.64
-77.604,-21.95
-77.219,-22.046
-77.565,-21.702
-77.564,-21.704
-8.2766,-32.111
-77.584,-21.726
-77.606,-21.941
-77.196,-21.693
-77.615,-21.906
-77.402,-22.101
-77.169,-21.989
-10.281,-29.193
40.775,-10.598
-77.316,-22.095
-8.0291,-31.371
-77.615,-21.904
-77.131,-21.863
-77.174,-21.998
-13.775,-34.595
51.929,-9.0432
-20.859,-41.518
-19.946,-39.666
-19.698,-41.502
-19.016,-40.785
-21.211,-40.52
51.928,-9.0432
-20.113,-41.522
39.995,-9.7487
39.995,-9.7487
-21.212,-39.822
-20.112,-41.522
-20.541,-39.836
-20.354,-40.866
39.996,-9.7487
-20.66,-39.618
-19.591,-39.759
-19.793,-40.294
39.975,-10.203
-19.928,-40.924
-21.212,-39.822
-23.786,-43.005
39.995,-9.7487
-18.968,-40.46
39.996,-9.7487
-19.668,-40.362
-21.212,-39.822
-19.767,-41.515
-19.016,-40.785
39.995,-9.7487
-20.323,-40.431
39.996,-9.7487
39.996,-9.7487
-20.541,-41.509
-20.903,-41.115
-19.193,-41.29
39.96,-10.21
40.117,-9.7062
-20.431,-39.515
-20.614,-39.902
-19.231,-39.969
-19.836,-39.68
39.995,-9.7487
-11.023,-31.428
-19.928,-40.924
-20.354,-40.866
-19.016,-40.785
39.989,-9.7389
39.967,-10.198
-19.59,-40.778
-19.011,-40.773
-19.168,-41.269
-19.873,-39.673
-19.016,-40.786
-20.976,-40.822
-10.053,-30.063
51.928,-9.0431
-19.874,-39.672
-19.424,-41.414
39.995,-9.7486
-19.049,-42.597
-19.614,-39.75
-20.541,-39.836
39.96,-10.21
-19.918,-39.668
-20.976,-40.822
-19.614,-39.75
51.929,-9.0431
-20.976,-40.822
-19.925,-40.923
-20.976,-40.822
39.995,-9.7487
-20.35,-40.871
-21.212,-39.822
-19.64,-41.487
-19.364,-41.389
39.96,-10.21
39.995,-9.7487
52.045,-9.0262
-19.511,-41.446
42.958,-10.133
39.996,-9.7487
39.995,-9.7487
48.937,-9.4735
-20.418,-40.619
-21.185,-40.535
40.005,-9.7485
-19.459,-39.207
-20.175,-41.525
39.996,-9.7487
-19.79,-41.516
-20.978,-40.799
-19.568,-40.752
-18.856,-41.212
-20.175,-41.525
-10.345,-31.685
42.957,-10.133
-21.212,-39.822
-20.754,-40.089
39.994,-9.7486
51.928,-9.0432
39.996,-9.7487
-19.85,-39.677
-20.418,-40.619
-20.369,-40.489
-20.418,-40.62
-21.211,-40.52
39.994,-9.7486
-20.256,-39.704
39.996,-9.7487
-20.041,-42.176
-19.6,-40.423
-20.943,-40.999
-19.049,-42.597
39.995,-9.7487
39.994,-9.7486
-20.566,-41.501
39.96,-10.21
51.928,-9.0432
39.994,-9.7486
-20.636,-39.926
-20.398,-42.363
-23.786,-43.005
-20.568,-41.499
-20.135,-41.523
-9.006,-30.431
-20.445,-39.772
-19.049,-42.597
-20.175,-41.525
-19.542,-39.78
-10.769,-31.539
-23.786,-43.005
-20.276,-40.365
-19.423,-39.84
-20.041,-42.176
-19.049,-42.597
-19.57,-40.754
-23.783,-43.003
-19.049,-42.597
-23.786,-43.005
-18.917,-39.885
-19.585,-39.761
-19.015,-40.795
-19.874,-39.672
-19.049,-42.597
-23.786,-43.005
-19.031,-40.858
-20.541,-39.835
-19.036,-40.214
-20.203,-41.526
-20.541,-41.509
-20.885,-41.157
-20.26,-39.705
-19.945,-39.666
145.98,0.1151
-19.113,-41.206
-19.873,-39.673
-19.049,-42.597
-20.033,-40.277
-10.912,-30.633
-19.874,-39.673
-21.047,-41.116
-20.354,-40.866
-23.786,-43.005
-23.786,-43.005
-23.786,-43.005
-20.58,-41.496
-23.786,-43.005
-19.634,-41.486
-21.244,-40.71
-19.754,-41.513
-23.786,-43.005
-19.754,-41.513
-20.139,-39.678
-19.231,-39.969
-23.786,-43.005
-18.63,-40.227
-19.049,-42.597
-19.231,-39.969
-20.041,-42.176
-20.579,-41.497
-19.929,-40.924
-18.968,-40.461
-20.069,-40.266
-20.931,-41.415
-19.269,-39.936
-18.917,-39.885
-20.744,-41.374
-20.138,-41.523
-23.786,-43.005
-23.786,-43.005
-19.221,-39.342
-23.786,-43.005
-20.065,-40.265
-23.781,-43.002
-19.791,-40.293
-19.712,-40.861
-23.786,-43.005
-20.076,-41.523
-19.049,-42.597
-23.786,-43.005
-19.233,-39.967
-19.509,-39.795
-20.877,-41.171
-20.398,-42.363
-19.149,-41.25
-18.453,-40.784
-19.64,-41.487
-19.747,-41.512
-20.762,-40.101
-20.58,-41.496
-15.751,26.474
-20.53,-41.513
-19.689,-40.352
-19.434,-41.418
-23.786,-43.005
-23.786,-43.005
-19.512,-39.794
-20.156,-39.209
-20.122,-41.522
-18.453,-40.784
-19.594,-40.781
-20.57,-41.498
-20.263,-39.706
-20.919,-40.343
-19.049,-42.597
-20.635,-39.926
-20.077,-41.523
-19.309,-41.362
-18.968,-40.46
-18.939,-41.259
-20.121,-40.957
-20.942,-40.402
-9.7414,-32.524
-18.725,-41.221
-20.114,-40.293
145.98,0.11511
-9.791,-32.497
-12.288,-35.166
-20.409,-40.76
145.98,0.11515
-23.786,-43.005
-23.786,-43.005
-20.941,-41.01
-19.309,-41.362
-18.992,-40.326
-19.049,-42.597
-23.786,-43.005
-11.368,-30.027
-20.869,-41.187
-20.319,-40.9
-20.559,-41.504
-19.458,-39.823
-11.773,-28.868
-20.919,-40.342
-20.407,-40.765
-19.604,-40.422
-20.919,-40.342
145.98,0.11513
-19.687,-40.352
-23.786,-43.005
-20.287,-40.39
-20.117,-40.957
-18.968,-40.46
-20.753,-40.087
-20.32,-40.431
-20.579,-41.494
-20.919,-40.343
-23.786,-43.005
-20.444,-39.771
-20.197,-40.321
-18.725,-41.221
-9.4554,-32.612
-20.338,-40.439
-20.976,-40.822
-20.006,-40.266
-23.786,-43.006
-23.786,-43.005
-19.785,-41.516
-18.992,-40.325
-20.919,-40.343
-23.786,-43.005
-20.583,-41.494
-18.97,-40.437
-11.773,-28.868
-19.555,-40.501
-19.014,-40.798
-20.377,-40.495
-23.786,-43.005
-23.786,-43.005
-18.63,-40.227
-23.786,-43.005
-23.786,-43.005
-20.041,-42.176
-20.221,-40.333
-19.562,-40.498
-9.5678,-32.587
-20.976,-40.822
-19.049,-42.597
-23.786,-43.005
-11.368,-30.027
-20.398,-42.363
-19.269,-39.936
-20.973,-40.519
-9.845,-32.459
-19.935,-40.925
-19.394,-39.856
-20.611,-39.899
-23.786,-43.005
-23.786,-43.005
-19.604,-40.422
-20.764,-40.105
-20.319,-40.9
-23.786,-43.005
-20.919,-40.342
-19.178,-41.277
-23.791,-43.008
-19.858,-40.281
-19.024,-40.237
-18.453,-40.784
-20.764,-40.105
-20.942,-40.402
-20.973,-40.519
-18.968,-40.461
-20.869,-41.187
-19.563,-40.744
-19.049,-42.597
-19.599,-40.787
-19.563,-40.744
-20.125,-40.958
-23.786,-43.006
-23.786,-43.005
-20.041,-42.176
-19.93,-40.923
-19.024,-40.237
-9.4634,-32.059
-19.051,-40.188
-19.229,-39.971
-20.398,-42.363
-18.968,-40.461
-20.635,-39.926
-11.773,-28.868
-20.349,-40.873
-18.801,-41.114
-23.786,-43.005
-20.446,-39.772
-19.64,-41.487
-18.725,-41.221
-19.049,-42.597
-19.459,-39.207
-20.936,-41.024
-19.563,-40.744
-19.232,-39.968
145.98,0.11513
-18.453,-40.784
-21.4,-41.486
-19.655,-40.845
-19.566,-40.472
-20.936,-41.024
-19.049,-42.597
-21.236,-40.78
-19.149,-41.25
-19.555,-40.501
-19.655,-40.845
-19.047,-40.192
-23.786,-43.005
-20.156,-39.209
-23.786,-43.005
-19.454,-39.824
-23.786,-43.005
-20.1,-40.289
-23.818,-43.023
-20.567,-39.857
-20.041,-42.176
-7.2977,-31.552
-19.15,-41.25
-20.115,-40.957
-19.049,-42.597
-23.786,-43.005
-23.786,-43.006
-23.786,-43.005
-7.256,-31.214
-11.368,-30.027
-18.968,-40.461
-19.791,-41.516
-23.78,-43.002
145.88,0.10887
-23.781,-43.002
-20.124,-40.957
-20.125,-40.958
-23.786,-43.006
-20.753,-40.087
-19.049,-42.597
-19.445,-41.423
-19.149,-41.25
-19.64,-41.487
-23.786,-43.005
-20.56,-41.504
-19.459,-39.207
-20.417,-40.73
-20.253,-39.703
-18.917,-39.885
-19.511,-41.446
-23.786,-43.005
-20.134,-41.523
-23.834,-43.032
-21.295,-40.713
-8.1329,-30.957
-23.786,-43.005
-19.269,-39.936
-20.006,-40.266
-19.795,-41.517
-19.049,-42.597
-19.149,-41.25
-19.015,-40.795
-19.049,-42.597
-23.786,-43.005
-20.398,-42.363
-23.788,-43.007
-19.445,-41.423
-19.908,-40.265
-7.416,-32.401
-20.053,-40.28
-19.693,-40.851
-20.409,-40.759
-19.961,-40.264
-19.189,-41.286
-19.928,-40.924
-23.786,-43.005
-20.868,-41.19
-20.972,-40.515
-20.077,-41.523
-12.288,-35.166
-20.444,-39.772
145.98,0.1151
-19.897,-39.669
-20.876,-41.175
-20.478,-39.457
-19.693,-40.851
-18.453,-40.784
-23.786,-43.005
-19.015,-40.795
-20.156,-39.209
-23.782,-43.002
-20.908,-40.323
-9.4637,-30.103
-8.8075,-33.243
-9.0784,-34.062
-8.5282,-30.69
-77.196,-21.693
-77.615,-21.905
51.782,-9.0643
-77.468,-22.085
-10.871,-30.958
-77.243,-21.653
-77.605,-21.942
-77.196,-21.693
-77.148,-21.948
-77.196,-21.693
-77.548,-21.686
40.87,-10.602
-77.45,-22.092
-7.444,-33.701
-6.0781,-33.008
-7.183,-33.567
-7.1823,-33.566
-7.1397,-33.545
-7.1814,-33.566
-7.1612,-33.556
-7.4441,-33.701
-7.4441,-33.701
-7.4441,-33.701
-7.1817,-33.566
-7.444,-33.701
-7.1612,-33.556
-15.784,26.446
-10.233,-27.042
36.587,-10.308
30.556,-9.9187
39.976,-10.203
-6.439,-32.631
-9.3089,-29.597
55.834,-8.4815
39.976,-10.205
-9.2931,-30.198
39.975,-10.203
49.203,-9.4351
-10.328,-31.739
-3.8878,-29.532
42.922,-10.139
30.532,-9.915
-9.8423,-29.871
39.975,-10.203
39.975,-10.203
-9.5402,-29.681
-7.8963,-29.287
-9.8464,-29.879
-3.8878,-29.532
39.975,-10.203
-7.979,-30.705
50.505,-9.2477
39.976,-10.203
31.486,-10.056
-7.7745,-30.945
-8.0239,-33.303
-7.9169,-32.929
39.976,-10.203
-9.4805,-31.367
-8.0649,-31.865
-9.6224,-31.899
39.975,-10.203
-6.439,-32.631
-8.0554,-30.509
39.975,-10.203
39.976,-10.203
-7.7784,-31.272
39.995,-9.9701
-9.6005,-30.247
-8.3467,-30.721
30.532,-9.915
31.487,-10.056
-3.7739,-29.54
-3.8673,-29.522
39.976,-10.203
-8.0656,-31.838
39.975,-10.203
-11.18,-30.45
-8.4383,-29.648
39.975,-10.203
45.761,-10.324
-8.6645,-30.929
-8.5863,-32.707
-10.651,-30.131
-8.0138,-30.564
-8.5049,-32.144
-7.5536,-30.289
-8.3854,-32.084
30.532,-9.915
39.976,-10.203
149.53,0.33536
-8.6061,-31.752
-8.3903,-32.086
-3.7332,-29.547
-10.059,-27.506
39.976,-10.203
-6.6873,-32.954
-7.4043,-30.732
39.981,-10.204
-7.7919,-31.315
-3.8878,-29.532
52.043,-9.0264
39.976,-10.203
-9.0768,-31.056
274.27,4.6062
-6.6887,-32.956
-8.0932,-29.775
-8.5256,-30.227
39.976,-10.203
-8.0335,-30.403
-8.6711,-30.554
39.976,-10.205
-8.6218,-32.195
39.997,-10.221
52.003,-9.0324
-77.603,-21.948
-77.194,-22.021
-77.335,-21.618
-77.5,-22.068
-77.433,-21.621
-77.402,-22.101
-77.196,-21.693
-77.572,-22.007
-77.216,-22.043
-77.311,-22.094
-77.539,-21.678
-77.567,-21.705
-77.132,-21.836
-76.991,-21.859
-77.606,-21.941
-77.135,-21.818
-77.159,-21.972
-77.565,-21.703
40.058,-10.248
-77.392,-21.615
-77.196,-21.693
-77.564,-21.704
-77.22,-22.046
-77.447,-22.092
-77.5,-22.068
-77.172,-21.995
-77.564,-21.704
-77.554,-21.692
-77.502,-22.069
-76.991,-21.859
-77.289,-21.63
-77.402,-22.101
-77.402,-22.101
-77.517,-21.66
-77.517,-21.66
-77.383,-21.615
-77.132,-21.875
-77.382,-21.615
32.491,-10.168
-77.604,-21.945
-77.133,-21.826
-77.606,-21.941
-77.531,-22.047
-77.159,-21.972
-32.315,-14.055
-32.315,-14.055
-32.315,-14.055
-32.315,-14.055
-32.315,-14.055
-32.315,-14.055
-32.315,-14.055
-32.315,-14.055
29.701,-9.7794
-32.315,-14.055
-32.315,-14.055
-32.077,-14.074
-32.315,-14.055
-32.361,-14.042
-32.315,-14.055
-32.315,-14.055
-32.316,-14.055
-32.315,-14.055
-32.316,-14.055
38.735,-10.374
-32.316,-14.055
-32.318,-14.055
-32.316,-14.055
-32.315,-14.055
-32.315,-14.055
-32.315,-14.055
-32.315,-14.055
-32.315,-14.055
-32.315,-14.055
-32.315,-14.055
-32.315,-14.055
-32.329,-14.055
-32.315,-14.055
-32.315,-14.055
-32.315,-14.055
-32.315,-14.055
-32.315,-14.055
-32.315,-14.055
-32.315,-14.055
-32.315,-14.055
-32.315,-14.055
-32.315,-14.055
-32.077,-14.074
29.789,-9.7941
-32.316,-14.056
28.266,-9.6091
-32.336,-14.05
-32.315,-14.055
-32.315,-14.055
-32.315,-14.055
-32.315,-14.055
-32.315,-14.055
-32.329,-14.051
-32.315,-14.055
52.128,-9.0144
146.25,0.13249
-10.36,-30.583
-8.0239,-33.303
48.928,-9.4748
-11.18,-30.45
-6.6063,-29.301
-8.826,-31.284
48.123,-9.5947
-6.6503,-32.901
-9.1189,-27.325
149.21,0.31627
275.5,4.6479
-11.613,-29.985
-10.755,-32.166
-9.8889,-33.271
-8.0239,-33.303
56.008,-8.4564
275.1,4.6342
-10.541,-32.672
-8.0239,-33.303
-6.6865,-32.953
56.012,-8.4561
-6.6835,-32.949
-14.69,-34.227
-14.69,-34.226
-7.1292,-32.159
-7.1292,-32.159
22.289,4.4122
36.923,-10.313
31.455,-10.051
36.952,-10.314
18.273,3.4175
-15.748,26.481
145.62,0.091614
-15.762,26.752
-15.762,26.752
-15.762,26.752
-15.762,26.752
-15.762,26.752
-15.762,26.752
45.951,-9.7293
275.48,4.6468
145.62,0.091614
52.008,-9.0318
44.712,-9.8397
52.007,-9.0317
45.209,-9.9576
18.508,5.9138
32.975,-10.229
46.087,-9.5516
274.94,4.6289
146.17,0.12708
-47.13,5.683
32.975,-10.229
274.51,4.6143
45.939,-9.7046
-47.065,7.1315
45.923,-9.6746
45.939,-9.7046
56.615,-8.3693
274.19,4.6033
56.617,-8.3695
46.161,-10.186
273.75,4.5883
146.08,0.12166
149.36,0.32521
45.939,-9.7046
56.634,-8.3663
-48.701,6.7662
56.616,-8.3693
56.638,-8.3657
-10.118,-32.091
-9.3417,-28.934
-9.3882,-31.375
17.291,3.8408
-9.8896,-32.429
-9.9502,-31.064
-7.8632,-29.941
-7.0334,-30.388
-10.254,-30.359
-7.9803,-29.475
-49.518,5.1305
-9.4672,-31.109
-10.821,-29.918
-11.087,-31.886
-49.283,4.7947
-9.949,-31.101
-8.237,-30.274
-49.518,5.1305
-9.3862,-30.056
-10.445,-30.833
-9.5741,-31.959
-10.83,-32.25
-49.604,5.2028
-8.8533,-30.657
-49.283,4.7947
-9.7061,-32.546
-8.7145,-30.064
-13.416,-32.995
-13.416,-32.995
45.94,-9.7061
274.49,4.6135
45.939,-9.7046
275.18,4.637
148.13,0.25092
274.69,4.6202
145.62,0.09158
275.56,4.6497
149.52,0.33441
275.57,4.6499
148.42,0.26887
51.748,-9.0691
56.638,-8.3656
-2.065,-34.559
-9.751,-29.492
-8.6242,-30.731
28.27,-9.5501
40.583,-10.691
-47.659,5.9048
-4.2263,-30.188
-11.577,-31.705
-7.8521,-28.555
-10.12,-32.089
-11.577,-31.705
-4.9184,-30.209
31.784,-10.093
-2.2266,-34.737
-2.2181,-34.719
33.724,-10.244
47.732,-9.6364
29.403,-9.7268
31.782,-10.093
-8.0079,-34.225
32.865,-10.213
-9.1296,-31.417
-48.518,7.4925
-6.1474,-31.932
-7.6695,-29.07
-10.136,-28.883
30.654,-9.9338
-10.029,-30.037
30.938,-9.9793
37.347,-10.32
-6.2393,-32.659
32.455,-10.166
-10.39,-34.06
-2.5563,-34.859
-2.2241,-34.737
-4.4616,-30.411
-5.9678,-29.968
-2.2241,-34.737
32.579,-10.177
-2.2374,-34.745
33.321,-10.229
-2.2241,-34.737
-6.0146,-29.941
39.908,-10.675
-3.5069,-30.103
-2.2374,-34.745
-9.95,-28.946
-6.0067,-29.945
-2.0765,-34.726
-5.7019,-29.816
32.959,-10.228
-9.8367,-33.972
-4.6359,-30.046
-10.136,-28.883
-8.7149,-30.078
-2.2241,-34.737
-1.9855,-33.774
-2.2241,-34.737
-9.8367,-33.972
-3.879,-30.36
-5.7905,-29.855
-11.577,-31.705
-1.9623,-34.424
37.903,-10.316
-10.443,-31.221
57.409,-8.2667
32.778,-10.204
19.114,2.5121
-3.0182,-34.262
-7.1058,-30.202
-7.9777,-28.147
32.439,-10.164
-9.1087,-30.974
-7.7535,-28.096
32.922,-10.218
-1.8882,-34.414
-10.383,-31.5
-2.2241,-34.737
32.942,-10.219
-7.4721,-29.485
-9.6738,-36.441
-2.5563,-34.859
37.4,-10.32
-2.2241,-34.737
39.925,-10.31
38.022,-10.339
-2.1437,-34.75
-2.1882,-34.735
-2.2241,-34.737
-9.0398,-32.204
148.36,0.26501
-9.2584,-32.08
28.27,-9.5863
-9.9229,-32.394
-8.0616,-29.174
-10.118,-32.093
-2.0962,-34.67
-7.4721,-29.485
32.954,-10.217
33.744,-10.248
274.33,4.6082
-11.577,-31.705
-6.0067,-29.945
-7.8521,-28.555
32.124,-10.132
31.577,-10.068
-7.7539,-28.419
-5.2807,-29.827
-12.002,-34.493
32.325,-10.153
-3.1652,-34.441
37.005,-10.31
-2.1546,-34.412
-2.9533,-34.284
-10.415,-31.367
-5.9545,-29.842
32.882,-10.215
28.265,-9.5852
-9.599,-31.952
18.819,2.0244
-2.2242,-34.737
-9.9317,-32.385
-11.577,-31.705
37.497,-10.317
-9.8633,-32.445
-5.548,-29.883
-9.6656,-28.824
-5.9262,-33.912
-9.6656,-28.824
-2.6162,-34.861
-8.4218,-34.855
-10.317,-31.755
-11.474,-32.587
-48.614,6.9017
45.87,-10.084
-8.0627,-29.258
38.632,-10.376
-2.2241,-34.737
-6.0022,-29.923
-2.5563,-34.859
19.115,2.4806
51.203,-9.1476
31.975,-10.115
31.481,-10.055
-2.5985,-34.879
-2.0504,-33.916
-5.6217,-30.583
32.971,-10.221
-2.2241,-34.737
-8.4785,-33.803
-8.0079,-34.225
-3.5336,-30.085
49.76,-9.3548
49.501,-9.3925
-13.837,-29.784
-2.2241,-34.737
-9.7825,-33.219
37.559,-10.311
-2.2534,-34.74
28.169,-9.5795
-5.4756,-33.429
45.938,-9.7046
146.12,0.12408
149.34,0.32393
274.42,4.6111
145.78,0.10228
51.753,-9.0686
149.25,0.31846
149.64,0.34174
148.72,0.28684
275.55,4.6493
149.53,0.33504
45.923,-9.6746
45.939,-9.7046
45.944,-9.6959
56.624,-8.3684
56.635,-8.3661
51.729,-9.0721
56.615,-8.3697
146.17,0.12704
17.226,3.373
-4.7606,-30.334
-11.512,-30.335
-3.3637,-30.05
-6.502,-29.73
-46.678,5.5421
-8.0079,-34.225
-48.587,7.3548
57.37,-8.2719
-8.0079,-34.225
17.667,2.2119
-48.337,7.7379
-8.0079,-34.225
50.609,-9.2327
-8.0079,-34.225
-4.715,-31.745
28.483,-9.6357
18.508,5.9138
33.127,-10.229
-5.9257,-33.912
-8.1571,-34.964
-5.9216,-32.315
29.305,-9.6672
-5.5882,-34.909
-16.363,-37.772
147.32,0.1998
56.616,-8.3691
275.55,4.6493
56.614,-8.3691
56.116,-8.4416
149.22,0.31688
45.939,-9.7046
51.699,-9.0764
56.617,-8.3683
56.699,-8.3584
148.7,0.2855
56.616,-8.3693
45.922,-9.6805
45.942,-9.7076
56.619,-8.3693
149.34,0.32377
145.62,0.091719
146.14,0.12565
274.19,4.6032
56.618,-8.3694
45.938,-9.6977
146.2,0.12947
146.92,0.1747
45.94,-9.7046
145.75,0.10027
45.939,-9.7046
56.618,-8.3683
56.616,-8.3693
45.933,-9.6992
56.618,-8.3694
56.619,-8.3687
56.617,-8.3683
275.14,4.6355
45.939,-9.7046
145.62,0.091734
148.72,0.28681
56.618,-8.3692
56.632,-8.3666
45.94,-9.7046
45.939,-9.7046
22.367,5.1981
146.11,0.12321
22.335,5.2447
56.616,-8.3696
45.94,-9.7046
-46.212,5.8103
-44.768,5.7007
18.138,3.0033
18.365,5.6784
43.873,-9.9973
17.335,2.2842
-9.189,-33.133
17.18,3.7743
18.95,5.91
33.557,-10.243
48.864,-9.4808
-4.8786,-29.562
28.326,-9.3866
32.95,-10.203
-7.7664,-28.449
17.6,2.0973
48.413,-9.5398
33.349,-10.231
17.628,2.1894
18.989,6.2418
-10.563,-29.83
51.15,-9.1551
45.871,-9.6909
33.215,-10.223
32.845,-10.209
17.655,2.2124
33.049,-10.22
16.061,3.3395
19.215,2.607
34.427,-10.264
31.142,-10.009
18.603,5.734
17.704,3.7518
31.915,-10.107
49.085,-9.4513
18.508,5.9138
45.936,-9.7053
146.17,0.12705
51.753,-9.0685
45.94,-9.7046
56.617,-8.3694
145.62,0.091734
45.939,-9.7046
56.699,-8.3585
45.94,-9.7046
56.615,-8.3697
56.617,-8.3687
45.934,-9.6941
275.57,4.6501
275.22,4.6383
56.619,-8.369
45.94,-9.7046
145.62,0.091732
275.57,4.6501
45.931,-9.6996
145.62,0.0917
56.614,-8.3697
56.615,-8.3694
146.92,0.17492
56.125,-8.4404
45.939,-9.7046
45.939,-9.7046
51.753,-9.0686
56.616,-8.3696
56.617,-8.3687
56.618,-8.3692
51.753,-9.0685
45.939,-9.7046
45.94,-9.7046
51.752,-9.0685
56.619,-8.3687
56.623,-8.3684
56.617,-8.3693
45.939,-9.7046
56.617,-8.3695
56.615,-8.3695
274.68,4.6199
56.615,-8.3696
56.616,-8.3695
56.617,-8.3687
45.94,-9.7046
56.616,-8.3696
45.939,-9.7046
45.939,-9.7046
56.616,-8.3694
145.62,0.091769
22.604,4.8768
51.657,-9.0824
46.325,-9.5434
17.192,2.0842
56.628,-8.3674
44.82,-9.8364
51.809,-9.0605
32.376,-10.155
145.46,0.080766
57.616,-8.2395
18.357,3.5526
16.061,3.3395
37.531,-10.313
-15.059,-29.275
-26.593,-10.875
-26.62,-10.887
-14.757,-29.851
-15.062,-29.276
-14.319,25.309
-20.094,32.964
-19.917,33.054
-19.977,33.017
7.1075,36.87
-19.693,34.203
-25.54,-10.138
-18.775,31.222
-19.664,34.252
-19.64,34.305
-13.625,28.552
-19.38,32.783
-26.09,-10.503
-26.091,-10.503
-26.09,-10.503
-18.779,31.237
-13.618,28.562
-18.364,30.766
-18.777,31.234
-18.782,31.239
-18.777,31.234
-18.385,30.787
-18.385,30.787
-18.775,31.232
-18.34,30.738
-18.363,30.766
-18.364,30.766
-18.364,30.766
-18.364,30.766
-18.399,30.806
-18.349,30.747
-18.342,30.751
-18.79,31.238
-18.777,31.234
-18.777,31.235
-18.364,30.766
-14.282,25.28
-14.279,25.259
5.6755,34.618
-19.948,33.02
-25.54,-10.138
-15.298,26.648
-5.1674,60.646
-48.622,38.47
-48.572,38.437
-48.584,38.444
-48.559,38.426
-48.125,38.322
-48.149,38.292
-48.148,38.291
-48.149,38.291
-15.532,26.902
-15.901,26.993
-15.885,27.01
-15.672,27.005
-19.5,32.602
-17.997,24.203
-17.999,24.204
-18.001,24.203
-18.001,24.203
-13.621,28.555
-15.22,27.24
-15.23,27.29
-15.25,27.301
-15.467,25.82
-14.899,26.252
-15.013,26.465
-14.931,26.541
1.309,33.965
1.3236,33.967
5.6831,34.69
-10.335,19.705
-10.318,19.734
-15.183,26.822
-10.988,19.522
0.55161,33.836
-13.626,28.551
-13.62,28.56
7.9008,35.581
-26.086,-10.499
-26.086,-10.499
-26.086,-10.499
-26.092,-10.505
-26.089,-10.501
-26.086,-10.499
-26.086,-10.499
-26.086,-10.499
-26.091,-10.503
-26.086,-10.5
-18.874,32.177
-25.557,-10.15
-15.883,27.012
-16.076,26.721
-15.883,27.012
-16.072,26.745
-15.822,26.461
-13.618,28.562
5.6491,34.599
0.55107,33.836
6.246,36.119
5.6792,35.378
5.7115,35.463
0.5762,33.841
6.1561,35.787
0.73941,33.861
0.56418,33.838
-5.7338,59.967
-13.648,28.518
-16.761,62.911
-17.207,63.825
-10.665,19.014
-10.373,19.384
-11.479,19.489
-15.556,26.02
-15.623,26.147
-15.252,26.582
-15.213,26.622
-15.2,26.587
-19.757,33.002
-19.782,33.014
-19.768,33.012
-19.718,33.027
-13.626,28.551
-13.626,28.551
-14.277,25.253
-25.539,-10.137
-16.894,29.168
-16.599,28.692
-16.826,65.476
5.9009,35.46
6.0886,35.601
-16.944,65.082
4.1253,35.247
5.757,36.253
5.3564,35.8
-16.905,65.299
-25.541,-10.135
-25.54,-10.138
-25.541,-10.135
-25.538,-10.133
-25.541,-10.135
-25.54,-10.138
-14.45,26.772
-14.45,26.772
-14.426,26.772
-14.45,26.771
-14.738,26.849
-14.704,26.825
-14.435,26.726
-14.438,26.734
-16.944,65.082
-17.1,64.186
-16.826,65.477
7.9115,35.58
-13.625,28.552
-13.637,28.535
-13.637,28.535
-5.7689,59.93
4.5855,35.446
4.6181,35.448
-17.426,63.833
-15.166,27.289
2.7705,33.636
7.891,35.549
0.85374,33.886
-16.837,65.435
-18.523,31.971
-18.523,31.971
-18.523,31.971
-18.503,31.955
-25.54,-10.138
-25.54,-10.138
-25.54,-10.138
-25.54,-10.138
-25.54,-10.138
-25.54,-10.138
-25.54,-10.138
-25.54,-10.138
-25.54,-10.138
-25.54,-10.138
-25.54,-10.138
-25.54,-10.138
-25.54,-10.138
-25.54,-10.138
-25.54,-10.138
-25.54,-10.138
-25.54,-10.138
-25.54,-10.138
-25.54,-10.138
-25.541,-10.138
-25.54,-10.138
-25.54,-10.138
-25.54,-10.138
-25.54,-10.138
-25.54,-10.138
-25.54,-10.138
-25.54,-10.138
-25.539,-10.138
-25.54,-10.138
-25.54,-10.138
-25.54,-10.138
-25.54,-10.138
-25.54,-10.138
-25.54,-10.138
-25.54,-10.138
-25.54,-10.138
-15.164,26.85
-15.364,25.856
-15.793,27.485
-47.083,40.669
-17.43,63.333
-17.387,63.331
-17.358,63.327
3.5178,34.965
6.6238,36.864
-13.625,28.552
-13.626,28.551
-13.625,28.552
0.85371,33.886
6.016,35.946
-17.387,63.331
-17.63,63.048
-17.682,63.034
-17.778,63.571
-17.858,63.552
-17.886,63.536
-15.057,26.194
-15.057,26.196
-15.199,26.314
2.7659,33.643
5.3167,35.602
6.6218,36.815
2.743,33.612
0.85196,33.886
-5.7744,59.94
-10.768,18.887
-17.051,63.311
-10.755,18.904
-10.758,18.9
-10.766,18.887
6.6229,36.857
-19.917,32.623
-19.921,32.624
-19.921,32.624
-17.576,63.652
0.65219,33.856
0.56231,33.837
0.54524,33.836
0.55531,33.837
0.58143,33.841
0.56309,33.838
0.545,33.836
0.5447,33.836
0.547,33.836
0.54673,33.836
0.54158,33.835
0.5611,33.842
0.55061,33.837
0.54697,33.836
0.54503,33.836
0.5505,33.836
0.56415,33.838
0.55091,33.837
0.56345,33.838
0.7361,33.861
0.54115,33.835
0.56139,33.838
0.56416,33.837
0.56974,33.839
0.5544,33.837
0.54501,33.836
0.55669,33.837
0.54502,33.836
0.58152,33.841
0.55667,33.837
0.56102,33.837
0.73941,33.861
-17.387,63.331
-17.387,63.331
-17.387,63.331
-50.911,39.682
-10.758,18.9
-10.766,18.891
-10.759,18.879
-10.758,18.9
-10.766,18.895
-17.387,63.331
-10.758,18.9
-10.754,18.895
-10.754,18.895
-10.768,18.887
-10.762,18.885
-17.399,63.159
-17.182,63.784
-10.763,18.893
-17.18,63.829
-17.207,63.841
-17.756,63.076
-15.878,26.425
-17.799,63.002
-10.802,18.838
-5.1339,60.324
-16.749,63.541
-10.758,18.9
-15.165,27.295
-19.367,32.53
-19.367,32.53
-19.367,32.53
-15.323,25.846
-15.293,25.843
-15.329,25.857
-15.315,25.863
-15.325,25.867
-15.323,25.846
3.0299,34.85
3.5164,34.964
3.5195,34.967
4.2442,35.28
-16.954,63.53
-16.876,65.372
-17.644,64.214
-16.24,63.566
-17.174,63.877
-17.135,63.615
-17.258,63.898
-17.067,63.009
-16.96,63.467
-16.473,63.461
-16.247,63.57
4.9815,35.593
3.519,34.964
3.5167,34.96
3.5215,34.968
3.5224,34.968
3.5215,34.967
3.517,34.962
5.7645,35.933
3.5254,34.966
3.5192,34.966
4.1411,35.249
4.1479,35.261
3.5224,34.968
3.5093,34.961
3.5191,34.966
-5.7736,59.941
-13.618,28.562
-10.802,18.838
-5.1428,59.944
-10.736,18.925
-10.657,19.026
-10.456,19.262
-4.9421,59.749
-15.185,27.1
-14.325,27.84
5.9261,35.446
7.8848,35.576
-17.571,63.424
-17.73,63.302
-17.678,62.93
-5.1377,60.322
-5.1377,60.322
-5.1377,60.322
-5.1632,60.315
-5.7701,59.931
-10.723,18.924
5.7005,34.676
5.738,34.695
6.8818,35.558
6.7997,35.55
-17.473,63.071
-17.777,62.935
-17.964,62.887
-16.224,63.561
-13.636,28.536
0.74595,33.862
-26.088,-10.504
-26.088,-10.504
-10.406,19.345
-51.454,39.504
-50.787,39.204
-51.017,39.33
-50.401,38.53
-50.374,38.552
-50.269,38.424
-50.269,38.424
-50.269,38.424
-50.269,38.424
-50.713,39.547
-50.911,39.181
-51.592,38.695
-51.623,38.685
-51.592,38.695
-51.623,38.685
-51.592,38.695
-51.592,38.695
-51.592,38.695
-51.592,38.695
-50.374,38.552
-50.374,38.552
-50.374,38.552
-51.592,38.695
-51.592,38.695
-51.592,38.695
-50.374,38.552
-50.374,38.552
-50.374,38.552
-50.347,38.528
-50.385,38.498
-50.378,38.498
-50.374,38.552
-50.401,38.53
-50.401,38.53
-51.592,38.695
-51.592,38.695
-51.592,38.695
-51.592,38.695
-51.592,38.695
-51.592,38.695
-51.592,38.695
-51.592,38.695
-50.356,38.447
-50.356,38.447
-50.793,39.301
-50.753,38.954
-50.712,39.547
-50.713,39.547
-50.713,39.547
-50.793,39.301
-50.793,39.301
-50.753,38.954
-50.792,39.3
-50.792,39.3
-50.712,39.547
-50.753,38.954
-51.082,39.409
-51.082,39.409
-50.793,39.301
-50.793,39.301
-50.792,39.3
-50.793,39.301
-50.792,39.3
-50.374,38.552
-50.374,38.552
-50.792,39.3
-50.289,38.472
-19.896,32.629
-14.275,25.233
-14.275,25.233
-14.275,25.233
-14.284,25.251
-14.284,25.251
-14.284,25.25
-14.278,25.251
-14.276,25.249
-14.279,25.237
-14.278,25.252
-14.275,25.233
-14.276,25.25
-14.275,25.233
-14.275,25.233
-14.275,25.233
-14.278,25.252
-14.278,25.252
-14.275,25.233
-14.275,25.233
-14.275,25.233
-14.275,25.233
-14.275,25.233
-14.275,25.233
-14.275,25.233
-14.278,25.252
-17.586,63.974
5.7128,34.674
0.54358,33.835
-10.571,19.098
0.55145,33.835
-17.616,63.96
-17.06,63.849
-16.999,63.866
-17.378,63.306
-16.932,63.024
-16.935,62.961
-16.385,63.507
-47.116,40.676
-5.7748,59.937
-17.318,63.96
-10.518,19.164
-50.228,39.529
-50.228,39.529
-4.975,59.795
-13.618,28.562
-5.1415,60.337
-5.1413,60.336
5.8909,35.458
0.56107,33.837
5.9117,35.446
-10.392,19.363
-10.819,18.826
-10.818,18.825
-16.924,65.092
5.7425,34.669
-17.221,63.85
-15.206,27.311
-10.314,19.468
-10.314,19.468
-10.299,19.498
-10.299,19.498
-26.086,-10.501
-48.432,38.373
-17.327,62.848
5.9023,35.482
-50.201,39.614
-50.131,39.986
-50.131,39.986
-50.131,39.986
-50.131,39.986
-50.131,39.986
-51.056,39.974
-50.649,39.624
-50.793,39.3
-50.897,39.007
-17.396,63.321
-17.83,63.632
-17.83,63.632
-17.387,63.331
-17.471,63.336
-17.468,63.348
-17.346,63.053
-17.347,63.069
-17.392,63.31
-18.001,63.549
-18.002,63.548
-18.002,63.548
-16.991,63.496
-16.968,63.282
-17.681,63.547
-17.057,63.321
-10.793,18.9
-10.793,18.9
-10.793,18.9
-10.793,18.9
-20.173,32.865
-20.173,32.865
-10.873,18.788
-10.875,18.782
-10.814,18.838
5.9847,35.806
2.8282,33.637
-17.298,63.883
-17.786,62.959
3.234,34.768
-5.1652,60.644
5.6773,34.633
-5.772,59.941
-5.772,59.941
-14.936,26.327
-14.889,26.234
-14.937,26.538
-14.297,25.265
-14.266,25.245
-17.201,63.881
-4.6606,59.501
-4.6564,59.497
-10.403,19.352
5.745,34.687
-25.514,-10.115
7.598,35.776
7.7768,35.503
6.6196,36.702
7.7894,35.592
7.8736,35.593
7.9138,35.579
7.871,35.546
6.622,36.816
6.6635,36.613
7.8425,35.553
7.8936,35.928
7.8316,35.579
6.6231,36.87
7.8215,35.575
7.8352,35.575
7.8183,35.585
6.602,36.757
7.8124,35.598
7.8836,35.555
7.0707,36.84
6.75,36.886
7.8617,35.574
7.1009,36.815
7.3061,36.653
6.6427,36.835
7.8868,35.57
6.6074,36.746
7.8481,35.578
7.8783,35.555
6.6053,36.867
7.727,36.184
6.6191,36.79
6.6161,36.684
7.8594,35.577
7.9222,35.569
7.8569,35.566
7.8639,35.552
7.7584,35.628
6.6522,36.701
7.8675,35.587
7.4855,35.871
7.8684,35.593
7.1312,36.87
6.6215,36.693
6.9687,36.966
6.6173,36.828
6.6185,36.817
6.6284,36.699
7.887,35.6
7.8637,35.557
6.616,36.828
6.6316,36.85
6.628,36.808
6.6218,36.817
7.9312,35.561
7.9241,35.567
7.8432,35.569
7.823,35.591
6.5909,36.686
7.8201,35.601
7.8774,35.583
6.5842,36.75
6.6246,36.808
6.6146,36.824
7.904,35.568
6.588,36.774
7.8699,35.886
7.1249,36.102
6.5999,36.795
7.8628,35.577
7.8491,35.563
6.6353,36.698
6.6194,36.826
6.8089,36.463
7.8336,35.583
7.8737,35.58
6.6059,36.769
6.594,36.693
7.8295,35.579
7.8448,35.562
7.9161,35.579
-10.81,18.85
-10.805,18.854
7.8848,35.544
7.885,35.61
6.6229,36.814
6.9721,36.488
7.9048,35.567
7.8971,35.543
7.8911,35.566
6.6256,36.686
7.8669,35.563
7.8074,35.58
-10.382,19.39
-20.059,33.07
-16.651,62.879
-16.974,62.818
-16.303,63.544
-16.924,65.092
6.6005,36.796
6.6245,36.86
7.9049,35.587
6.6117,36.713
7.883,35.558
7.3948,36.622
7.7967,35.607
7.8418,35.561
6.7222,36.553
7.8193,35.551
6.9035,35.834
6.6014,36.833
6.3194,36.43
5.954,35.841
5.9054,35.816
5.952,35.84
4.5274,34.968
-5.0117,59.781
-49.541,39.278
7.4432,35.912
7.8555,35.581
7.8703,35.565
7.9234,35.601
7.8171,35.577
6.6196,36.702
7.9648,35.57
7.8989,35.539
7.4403,36.003
6.6218,36.817
6.6223,36.813
-20.158,33.038
-10.8,18.837
-47.063,40.681
3.1574,34.77
0.56972,33.839
7.8957,35.549
6.9426,36.955
6.8552,36.925
6.1966,36.138
7.8963,35.552
6.4871,36.863
6.3893,36.589
-17.978,62.866
-17.978,62.866
-17.968,62.865
-17.968,62.865
-17.583,63.381
-4.6636,59.504
-18.019,24.187
-10.281,19.504
-10.284,19.502
-15.258,27.136
3.4976,34.95
3.1052,34.77
-26.09,-10.501
-5.7744,59.94
-14.348,27.817
-14.588,27.596
-10.479,19.227
-10.426,19.279
-10.773,18.864
-5.1712,60.669
-5.1848,60.675
-5.1712,60.667
-5.1801,60.684
-5.1765,60.671
-5.1712,60.668
-5.1715,60.661
-5.1713,60.677
-49.544,39.277
-49.54,39.282
-49.54,39.282
-49.544,39.277
-49.544,39.277
-49.54,39.282
-50.792,39.3
-50.793,39.301
-47.115,40.676
-50.563,39.564
-47.153,40.66
-47.116,40.676
-47.21,40.642
-47.116,40.676
-47.2,40.648
-50.713,39.547
-50.792,39.3
-47.116,40.676
-50.793,39.301
-50.713,39.547
-47.192,40.642
-47.116,40.676
-47.116,40.676
-50.793,39.3
-50.712,39.547
-50.712,39.547
-47.217,40.638
-50.793,39.301
-51.418,39.51
-50.805,39.191
-50.52,39.736
-50.097,39.347
-50.793,39.301
-50.097,39.347
-50.212,39.533
-47.193,40.639
-50.097,39.347
-50.713,39.547
-47.116,40.676
-50.793,39.301
-47.182,40.611
-47.116,40.676
-50.621,39.742
-50.327,39.809
-50.712,39.547
-47.116,40.677
-49.793,39.259
-49.406,39.218
-49.793,39.259
-49.858,39.394
-49.406,39.218
-47.182,40.611
-50.11,39.518
-50.792,39.3
-50.713,39.547
-50.712,39.547
-50.793,39.301
-49.406,39.218
-50.366,39.57
-49.624,39.646
-47.192,40.642
-49.638,39.718
-50.712,39.547
-47.116,40.676
-50.793,39.301
-47.116,40.676
-49.304,39.388
-50.792,39.3
-47.182,40.612
-47.116,40.676
-50.712,39.547
-50.793,39.301
-50.793,39.301
-50.228,39.529
-50.712,39.547
-50.712,39.547
-50.713,39.547
-50.366,39.57
-50.793,39.301
-50.534,39.967
-50.793,39.3
-47.116,40.676
-50.097,39.347
-50.311,39.855
-50.086,39.359
-50.097,39.347
-50.534,39.967
-50.713,39.547
-47.21,40.643
-49.721,39.209
-50.713,39.547
-49.406,39.218
-50.793,39.301
-47.116,40.676
-50.793,39.3
-50.792,39.3
-50.712,39.547
-50.712,39.547
-50.793,39.301
-47.182,40.611
-47.116,40.676
-50.712,39.547
-50.792,39.3
-50.959,39.285
-50.793,39.301
-50.792,39.3
-50.366,39.57
-50.793,39.301
-50.713,39.547
-47.116,40.676
-47.191,40.642
-50.713,39.547
-47.116,40.676
-47.116,40.676
-47.116,40.676
-47.116,40.676
-47.116,40.676
-47.116,40.677
-47.116,40.676
-47.116,40.676
-47.116,40.676
-47.213,40.642
-47.116,40.677
-47.116,40.676
-47.116,40.675
-47.116,40.676
-47.116,40.676
-47.116,40.676
-47.116,40.676
-47.116,40.676
-47.116,40.676
-47.116,40.677
-13.636,28.536
-15.118,27.308
-13.618,28.562
-13.618,28.562
-13.618,28.563
-13.618,28.563
-13.618,28.563
-13.619,28.561
-13.618,28.562
-13.618,28.562
-13.619,28.562
-13.618,28.562
-13.619,28.562
-13.619,28.561
-13.619,28.561
-13.619,28.561
-13.619,28.561
-13.62,28.56
-13.62,28.56
-13.62,28.56
-13.62,28.561
-17.065,62.695
-10.336,19.049
6.9632,36.961
6.9661,36.963
-17.459,63.76
-16.594,62.88
-14.284,25.251
-19.965,32.632
-18.018,24.187
-17.609,63.947
-16.973,63.528
-19.415,32.894
-10.389,19.345
-10.607,19.055
-10.391,19.361
-16.217,63.556
-48.288,38.299
-48.288,38.301
-15.888,26.413
-16.226,63.533
-5.7657,59.948
-20.192,33.048
-20.195,33.05
-20.195,33.05
-20.195,33.05
-20.195,33.05
-17.833,63.605
-18.038,63.654
1.3159,33.965
1.32,33.965
5.6925,35.394
5.6597,34.605
-17.109,63.49
-16.658,62.874
-18.019,24.187
-18.019,24.187
-18.019,24.187
-18.016,24.189
-18.013,24.195
-18.009,24.196
-18.014,24.193
-18.015,24.191
-18.019,24.187
-18.019,24.187
-18.016,24.189
-18.016,24.189
-18.019,24.186
-18.019,24.187
-18.019,24.187
-18.019,24.186
-18.019,24.187
-18.019,24.187
-18.019,24.187
-18.019,24.187
-18.019,24.186
-18.019,24.187
-18.019,24.187
-18.019,24.187
-18.019,24.187
-18.019,24.187
-18.019,24.187
-18.019,24.187
-18.019,24.187
-18.019,24.187
-18.019,24.187
-18.019,24.187
-18.019,24.187
-18.019,24.187
-18.019,24.187
-18.019,24.187
-18.019,24.187
-51.182,40.065
-51.182,40.065
-51.179,40.068
-51.533,39.746
-51.711,40.037
-51.711,40.037
-51.377,40.056
-51.376,40.056
-51.375,40.057
-51.375,40.057
-51.375,40.057
-51.375,40.057
-51.375,40.057
-51.375,40.057
-51.375,40.057
-51.375,40.057
-10.406,19.371
-48.486,38.356
-48.238,38.409
-19.404,32.887
-13.668,28.508
-10.451,19.244
-20.097,32.97
-20.105,33.001
-20.1,32.969
-20.033,32.968
-10.798,18.835
-10.798,18.835
-10.798,18.835
-10.798,18.835
-48.601,38.452
-48.617,38.445
-48.601,38.458
-48.079,38.341
-48.127,38.29
-48.078,38.354
-48.371,38.335
-48.378,38.339
-18.018,24.188
-5.1399,60.36
-16.953,62.677
-16.953,63.252
-17.009,62.75
-16.916,62.787
-16.953,63.252
-17.218,63.323
-17.428,62.841
7.9117,35.588
-17.674,63.548
-16.826,63.588
-10.975,19.116
-10.975,19.116
-10.826,19.014
-10.918,18.975
-10.735,18.865
-10.689,18.877
-10.707,18.865
-10.706,18.877
-19.65,34.294
-19.649,34.299
-19.649,34.299
-19.649,34.299
-50.792,39.3
-17.013,64.034
-16.804,63.24
-15.766,26.443
-10.525,19.174
-10.525,19.174
-10.525,19.174
-18.014,24.191
3.3207,34.868
-16.593,65.618
5.9396,36.538
-19.668,34.243
-19.641,34.305
-19.671,34.252
-19.637,34.309
-19.63,34.312
-19.669,34.242
-19.634,34.313
-19.63,34.311
-19.63,34.311
-19.671,34.252
-19.668,34.244
-19.671,34.253
-19.671,34.251
-19.63,34.313
-19.633,34.312
-18.018,24.188
-18.019,24.187
2.1567,34.107
2.0765,34.079
2.0988,34.088
2.0165,34.057
2.0765,34.079
6.8481,36.43
-15.325,25.854
6.0543,35.497
6.0521,35.547
-16.815,65.466
-10.553,19.137
-17.166,63.567
-16.27,63.578
-16.784,62.999
-16.267,63.585
3.5068,34.949
-10.419,19.324
-15.164,27.284
-15.175,27.33
7.051,35.576
3.7395,35.048
3.7706,35.055
3.7217,35.042
3.5402,34.975
7.9364,35.568
-14.91,26.166
-14.931,26.141
-14.932,26.139
-5.147,60.299
-16.909,64.597
-5.2017,60.281
-16.538,65.434
-16.256,63.54
-16.461,65.039
-16.984,63.657
-5.2264,60.357
-17.977,62.885
-17.957,62.924
-17.327,62.848
-16.84,65.453
-16.218,64.518
-25.539,-10.139
-19.936,33.021
-18.676,32.017
-5.157,60.643
-17.924,63.535
-19.607,32.626
-19.578,32.613
-19.593,32.623
-17.581,63.446
-17.63,63.048
-17.414,63.336
-17.705,62.968
-17.429,62.894
-17.623,62.771
-17.429,62.894
-17.522,62.811
-17.46,62.826
-17.415,63.23
-17.825,63.643
-17.825,63.643
-17.71,63.539
-17.387,63.331
-17.706,63.31
-17.955,63.531
-17.706,63.31
-17.387,63.331
-17.924,63.535
-17.387,63.331
-17.387,63.331
-17.748,63.263
-17.748,63.263
-17.347,63.069
-17.616,62.795
-17.611,62.793
-17.802,63.576
-17.517,63.308
-17.73,63.42
-17.644,62.97
-17.404,62.994
-17.404,62.994
-17.426,62.938
-17.832,63.491
-5.146,60.326
-5.1463,60.325
-5.1464,60.326
-5.13,60.32
-15.144,27.289
-15.164,27.253
-10.398,19.354
-10.51,19.125
-10.771,18.876
-10.767,18.89
-10.763,18.894
-10.763,18.893
-10.758,18.9
-10.758,18.9
-10.776,18.895
-10.758,18.9
-15.67,26.107
-15.696,26.083
-15.696,26.082
-11.139,19.154
-11.199,19.111
-48.319,38.29
-20.42,32.807
-20.52,32.811
-20.247,32.885
-20.298,32.89
-20.33,32.86
-20.279,32.862
-20.28,32.894
-20.3,32.931
-20.247,32.888
-20.197,32.881
-20.197,32.881
-20.109,32.964
-19.991,32.982
-20.325,32.859
-19.987,32.96
-20.522,32.809
-20.246,32.897
-20.225,32.925
-20.213,32.933
-20.549,32.791
-20.549,32.79
-20.209,32.824
-20.202,32.826
-20.208,32.824
-20.208,32.824
-20.208,32.824
-20.208,32.824
-20.247,32.903
-20.197,32.881
-20.197,32.881
-20.265,32.889
-20.52,32.811
-20.247,32.885
-20.109,32.964
-20.212,32.905
-20.153,32.809
-20.344,32.867
-20.345,32.859
-20.289,32.914
-20.296,32.894
-20.301,32.951
-20.306,32.939
-20.344,32.868
-20.32,32.911
-20.311,32.895
-20.292,32.962
-20.153,32.789
-20.17,32.828
-20.142,32.804
-20.53,32.81
-20.53,32.81
-20.258,32.902
-20.52,32.811
-20.511,32.796
-20.209,32.86
-20.208,32.859
-20.209,32.86
-20.257,32.901
-20.24,32.884
-20.249,32.9
-20.247,32.896
-20.243,32.897
-20.245,32.895
-20.249,32.89
-20.225,32.913
-20.251,32.9
-20.223,32.921
-25.708,-13.079
-19.64,32.664
1.9769,34.034
-13.618,28.562
-7.5833,-29.3
-11.225,-28.211
7.0171,36.916
3.2087,34.846
-5.1594,59.963
-5.1594,59.963
-15.239,27.227
-18.511,31.961
-13.618,28.562
-14.319,25.309
-20.094,32.964
6.714,36.557
6.6136,36.816
-16.727,65.531
-18.018,24.188
-4.6474,59.494
-17.445,62.656
-17.476,62.611
-17.777,63.24
-16.815,65.523
-18.097,63.617
-17.482,62.83
-17.504,62.62
-17.686,63.437
-14.619,26.819
-14.481,26.817
-14.417,26.775
-14.758,26.736
-18.019,24.187
-19.64,34.3
-19.632,34.314
-19.645,34.293
-19.637,34.308
-19.64,34.302
-19.64,34.302
-19.67,34.241
-10.294,19.495
-10.29,19.501
-10.291,19.501
-15.803,27.483
-5.2466,60.082
-5.2291,60.079
-5.1981,60.072
-16.226,63.533
-17.477,63.974
-17.363,63.909
-17.476,63.992
-17.476,63.992
-17.162,63.992
-17.156,63.525
-17.269,63.734
-17.66,64.005
-16.965,63.876
-16.473,63.624
-16.256,63.534
-16.8,63.494
-17.198,64.423
-17.168,64.384
-16.883,63.286
-17.058,62.968
-17.058,62.968
-17.058,62.968
-17.055,62.967
-16.305,63.521
-16.176,63.565
-16.375,65.261
-16.947,65.127
-16.841,65.455
-16.848,65.441
-16.841,65.455
-16.849,65.433
-16.894,65.334
-16.878,65.374
-16.855,65.427
-16.839,65.458
-16.95,65.089
-16.76,65.613
-16.828,65.483
-16.847,65.477
-16.847,65.477
-16.818,65.529
-16.828,65.483
-16.828,65.483
-16.744,65.627
-16.704,65.56
-16.591,65.611
-16.612,65.63
-16.603,65.616
-16.76,65.57
-16.749,65.566
-5.7723,59.941
-16.881,63.697
-14.991,26.47
-14.48,26.766
2.7625,33.646
2.7935,33.649
2.7865,33.579
2.7387,33.63
6.6205,36.684
6.6122,36.67
2.7776,33.629
2.789,33.633
0.69331,33.856
0.56415,33.838
0.73978,33.861
0.54896,33.836
0.6449,33.849
0.56963,33.839
-18.013,24.192
-10.39,18.993
3.2353,34.769
-10.354,19.031
-10.366,19.05
-51.441,40.144
3.3001,34.801
3.0147,34.64
2.808,33.598
2.8152,33.514
-10.39,18.993
-10.248,19.292
-15.215,26.95
-15.201,27.081
-18.08,63.362
-18.08,63.362
-18.1,63.315
-18.117,63.582
-18.117,63.582
-17.485,64.061
-16.642,62.924
-16.643,62.862
-15.996,27.049
-18.019,24.187
-17.761,63.082
-50.791,39.114
-10.455,19.241
-15.887,27.509
-16.26,63.545
2.9375,34.115
2.9586,34.144
2.959,34.132
2.9379,34.12
-51.441,40.144
-16.838,65.454
-14.264,25.237
-14.99,26.602
-48.557,38.429
-48.126,38.298
-15.296,27.04
-18.016,24.195
-14.57,26.684
-14.884,26.263
-14.313,26.619
-51.418,39.51
-51.435,39.521
-51.018,39.354
-50.617,39.234
-51.418,39.51
-51.418,39.51
-51.418,39.51
-51.418,39.51
-51.418,39.51
-4.6428,59.489
-5.771,59.938
-5.2381,60.303
-14.911,-29.741
-15.015,-29.21
-15.112,26.269
-15.112,26.269
-15.112,26.269
-15.112,26.269
5.8555,36.551
6.1093,35.569
7.9069,35.526
7.9047,35.537
7.912,35.534
6.7367,35.843
-31.108,-14.578
-9.1684,-32.644
5.6494,34.6
5.6768,34.625
5.6292,34.585
-14.415,-30.218
-9.9341,-30.806
-10.294,19.495
-10.29,19.501
-10.291,19.501
-10.294,19.497
5.979,34.653
-14.075,-29.727
-9.6317,-30.356
-18.017,24.189
-18.019,24.187
-17.074,63.794
7.4273,35.919
-10.362,-30.588
-11.773,-28.868
-8.4304,-29.92
-7.7577,-30.042
-16.598,-30.519
-16.598,-30.519
-14.871,-29.894
-16.541,-30.492
-16.598,-30.52
-16.598,-30.52
-9.2234,-31.682
-11.73,-30.61
6.6065,34.912
5.6501,34.595
5.6491,34.6
5.6461,34.601
5.6979,34.585
5.6276,34.608
5.6587,34.601
5.6634,34.605
-14.359,-30.235
-8.671,-31.697
-50.657,39.654
-15.651,27.021
-14.415,-30.218
-10.212,19.415
-5.0954,59.96
-5.1007,59.956
-5.1324,60.331
-5.0972,59.956
-5.1561,59.956
-5.1375,60.342
-5.1375,60.342
-5.0952,59.959
-5.1509,59.937
-5.1497,59.974
-5.1746,59.991
-5.2037,60.334
-5.0874,59.991
-4.6306,59.474
-4.6368,59.485
-4.6281,59.494
-4.6363,59.488
-5.1952,60.095
-4.6224,59.465
-4.6227,59.472
-5.2226,59.968
-4.6246,59.467
-4.6241,59.455
-13.638,28.543
-51.065,39.498
-8.2646,-30.115
-13.796,-30.176
-13.877,-30.152
-13.877,-30.152
-11.012,-30.784
-9.1227,-33.06
-11.222,-30.849
-10.666,-29.384
-9.8091,-30.596
-10.146,-32.043
-7.9203,-31.605
-13.796,-30.176
-16.837,65.454
6.994,35.723
5.8338,36.424
-7.8361,-30.779
-16.878,63.313
-16.263,63.551
-14.075,-29.727
-14.518,-29.94
-14.518,-29.94
-14.224,-30.218
-8.4142,-30.342
-5.7724,59.94
-17.298,62.86
-5.7689,59.93
-15.25,63.319
-16.897,62.729
-16.916,62.787
-13.502,-34.713
-13.502,-34.713
-13.775,-34.595
-13.292,-34.696
-13.071,-33.761
-13.775,-34.595
-10.281,-29.193
-13.775,-34.595
-13.503,-34.713
-8.3563,-31.519
-6.9977,-29.847
-8.8358,-30.66
-18.011,24.194
-18.013,24.193
-18.018,24.188
-14.653,-30.121
-14.224,-30.218
-14.699,-29.972
-5.1755,60.339
-5.1691,60.294
-15.848,26.324
-15.805,26.414
-15.808,26.353
-8.9399,-28.708
-8.9399,-28.708
-8.9399,-28.708
-8.9399,-28.708
-10.389,19.379
2.6944,34.024
-50.649,40.362
-50.649,40.362
-50.649,40.362
-50.649,40.362
-50.649,40.361
-50.649,40.362
-50.649,40.362
-50.649,40.361
-50.649,40.359
-50.649,40.362
-50.649,40.362
-50.649,40.362
-50.649,40.361
-10.24,-30.331
-9.6237,-30.344
-9.0784,-34.062
-8.8075,-33.243
-10.802,18.837
-16.622,65.593
-6.0781,-33.008
-26.58,-10.872
-32.315,-14.055
-32.315,-14.055
29.404,-9.7295
-32.315,-14.055
29.702,-9.7794
-32.336,-14.05
-32.315,-14.055
-32.315,-14.055
28.267,-9.6091
-32.077,-14.074
-32.315,-14.055
-32.315,-14.055
-32.315,-14.055
-32.315,-14.055
-32.315,-14.055
-32.315,-14.055
-32.315,-14.055
-32.315,-14.055
-32.329,-14.055
-32.315,-14.055
-32.316,-14.055
-32.315,-14.055
-32.315,-14.055
-32.315,-14.055
-32.316,-14.055
-32.315,-14.055
-32.315,-14.055
-32.315,-14.055
-32.315,-14.055
-32.315,-14.055
-32.315,-14.055
-32.316,-14.056
-32.315,-14.055
-32.315,-14.055
-32.315,-14.055
-32.334,-14.049
-32.315,-14.055
-32.315,-14.055
-32.077,-14.074
-32.316,-14.055
-32.315,-14.055
-32.315,-14.055
-32.329,-14.051
-32.315,-14.055
-32.318,-14.055
-32.315,-14.055
-32.315,-14.055
-32.315,-14.055
-32.315,-14.055
-32.315,-14.055
-32.315,-14.055
-32.315,-14.055
-32.316,-14.055
2.9592,34.004
2.8018,34.088
2.8184,34.083
-15.817,27.499
-15.803,27.496
-15.815,27.496
-15.807,27.5
-15.8,27.493
-15.805,27.487
-15.815,27.496
-15.799,27.491
-7.7496,-29.125
-12.034,-34.096
-10.39,-29.384
-26.183,-17.506
-26.183,-17.506
-26.183,-17.506
-26.183,-17.506
-26.183,-17.506
-26.183,-17.506
-26.183,-17.506
-26.182,-17.506
-26.183,-17.506
-26.183,-17.506
-26.185,-17.504
-26.183,-17.506
-26.184,-17.505
-26.183,-17.506
-26.183,-17.506
-26.183,-17.506
-25.878,-17.789
-26.183,-17.506
-26.185,-17.49
-26.183,-17.506
-26.183,-17.506
-26.183,-17.506
-26.183,-17.506
47.067,-9.6702
-26.183,-17.506
-26.184,-17.505
-26.185,-17.504
-26.183,-17.506
-26.183,-17.506
-26.183,-17.506
-26.183,-17.506
-26.183,-17.506
-26.183,-17.506
-26.183,-17.506
-26.185,-17.503
-26.183,-17.506
-26.183,-17.506
-26.183,-17.506
-26.183,-17.506
-26.183,-17.506
-26.183,-17.506
-26.183,-17.506
-26.183,-17.506
-26.183,-17.506
-26.183,-17.506
-26.183,-17.506
-26.185,-17.501
-15.179,26.826
-15.179,26.825
-10.771,19.23
-11.342,19.283
-50.896,39.007
-50.896,39.007
-10.756,18.896
-26.419,-10.893
7.824,35.576
30.174,-9.8575
31.13,-10.005
5.9091,35.441
-18.73,32.046
-19.563,32.959
-25.507,-10.115
-25.507,-10.115
-25.507,-10.115
-8.7536,-30.974
-49.411,6.062
-10.53,19.169
-10.53,19.169
-6.6892,-32.957
-6.4391,-32.631
7.845,35.579
0.74491,33.862
0.74173,33.86
0.73965,33.861
0.73965,33.861
0.74123,33.861
0.73972,33.861
0.73962,33.861
0.54075,33.835
0.73974,33.861
0.73964,33.861
0.74177,33.861
2.7884,33.65
2.8043,33.64
2.7979,33.634
2.8032,33.667
-14.67,-29.972
-14.67,-29.972
3.4962,34.96
-25.18,-10.134
-26.077,-10.494
-25.179,-10.134
-26.078,-10.494
-25.18,-10.134
-26.452,-10.958
-25.972,-10.43
-14.994,26.453
-14.644,26.825
-14.643,26.825
-14.643,26.825
-14.658,26.822
-14.649,26.813
-14.31,26.623
-14.5,26.714
-14.495,26.675
-14.269,26.723
-14.269,26.723
-14.25,26.738
-14.269,26.723
-4.4788,59.705
-15.01,26.55
-17.974,24.229
-17.989,24.221
-15.166,27.321
-15.164,27.284
41.323,-9.7732
22.047,4.2012
-10.765,18.889
-6.5937,-33.216
-25.578,-10.163
-10.407,19.342
46.247,-9.5323
46.246,-9.5322
46.246,-9.5323
49.372,-9.4091
56.639,-8.3659
46.247,-9.5323
46.246,-9.5323
46.246,-9.5322
46.246,-9.5322
46.268,-9.5228
49.372,-9.4091
46.239,-9.5298
46.246,-9.5323
-10.396,-33.323
-7.3104,-32.823
-7.4471,-32.831
-7.3104,-32.823
-49.14,5.6829
-14.041,-29.014
-14.19,-29.037
-14.19,-29.037
-14.146,-29.043
-14.432,-29.311
-14.432,-29.311
-14.459,-29.315
-14.432,-29.311
-20.187,32.899
-14.597,-29.238
-14.405,-29.104
-14.596,-29.222
-14.596,-29.222
-14.596,-29.222
-5.1663,60.647
-4.979,59.793
-4.9816,59.797
-5.007,59.793
-4.9421,59.748
-4.9816,59.797
-4.9816,59.797
-4.942,59.748
-4.9336,59.736
-5.0147,59.783
-4.942,59.749
-4.9818,59.799
-4.9816,59.797
-4.942,59.749
-4.9337,59.738
-4.9816,59.798
-4.9729,59.784
-4.9816,59.797
-4.942,59.748
-5.0147,59.783
-4.9816,59.798
-5.0162,59.786
-4.9815,59.797
-4.987,59.795
-5.0182,59.799
-5.0161,59.787
-5.0147,59.783
-4.9336,59.737
-4.942,59.749
-5.1379,60.345
-4.9816,59.797
-4.9816,59.798
-5.0952,59.959
-4.942,59.749
-5.0182,59.799
-4.9809,59.795
-5.007,59.793
-4.9792,59.788
-15.161,27.38
-4.6605,59.5
-4.6459,59.494
-5.0055,59.792
-4.6458,59.494
-4.6458,59.493
-5.007,59.793
-4.6457,59.493
-5.7722,59.94
-18.015,24.191
-18.016,24.189
16.061,3.3395
-48.622,38.47
-48.126,38.322
-15.532,26.902
-17.997,24.203
-15.013,26.465
-14.931,26.541
-15.25,27.301
-10.335,19.705
-15.183,26.822
-10.988,19.522
-18.528,31.926
-25.557,-10.15
-13.625,28.552
-11.479,19.489
-15.556,26.02
-15.623,26.147
-15.252,26.582
-15.213,26.622
-15.2,26.587
-19.757,33.002
-15.164,26.85
-15.581,26.685
-19.367,32.53
-14.278,25.252
-14.325,27.84
-15.669,27.036
-14.936,26.327
-47.063,40.682
-15.793,27.485
-10.373,19.384
-19.692,34.213
-19.426,32.78
-14.931,26.141
-14.889,26.234
-18.523,31.971
-15.364,26.925
0.74598,33.862
-15.185,27.1
-18.711,32.067
-50.56,8.0537
-8.8347,-33.457
-47.881,4.5544
-46.858,6.981
-9.8676,-31.061
28.371,-9.6695
-2.2322,-34.739
-10.102,-26.99
22.481,5.1008
20.302,2.7456
-8.021,-24.436
-7.5581,-29.544
22.359,5.1865
-9.5339,-27.491
-6.3117,-29.288
30.84,-9.9618
-8.2837,-28.256
-50.56,8.0538
18.508,5.9138
-4.7149,-31.744
-50.55,8.0468
-46.811,6.936
-2.2241,-34.737
17.662,3.1515
18.314,3.6654
-9.5273,-30.841
56.615,-8.3693
46.288,-9.5189
-8.5536,-29.984
19.091,2.5591
-48.412,5.208
-8.7966,-33.431
-9.8248,-31.435
17.928,3.7285
-8.0007,-24.897
-9.3128,-31.582
40.947,-9.7687
19.064,1.8669
-2.2241,-34.737
18.054,3.6792
-47.21,5.0828
33.496,-10.238
-9.4318,-29.633
46.692,-9.7768
18.273,3.4175
-9.9533,-35.179
-7.9974,-24.885
37.734,-10.304
18.13,2.9916
-9.176,-31.03
-48.059,5.0539
18.508,5.9138
20.776,6.1485
46.002,-9.9495
-46.498,6.366
-48.538,5.2988
18.273,3.4175
-46.513,5.8911
-9.2557,-33.928
18.285,6.0926
-2.1918,-34.761
17.473,2.7297
-47.858,6.8097
-8.8755,-31.72
148.45,0.27066
-2.5563,-34.859
-10.283,-34.93
-11.474,-32.587
17.946,3.7238
-9.9469,-31.432
29.46,-9.735
22.359,5.1865
-8.7357,-29.086
41.979,-9.9726
22.359,5.1865
-7.1085,-30.191
22.359,5.1865
-8.8622,-31.725
17.4,2.324
-4.8449,-32.214
36.506,-10.307
-46.837,5.1167
21.567,3.6156
-9.7626,-31.658
18.128,2.9889
21.567,3.6155
30.502,-9.9135
18.508,5.9138
-9.8721,-30.605
18.513,6.1013
17.477,3.9276
56.619,-8.3689
148.31,0.26216
16.061,3.3395
16.068,3.2963
17.663,3.1515
22.218,4.5218
-6.5488,-31.497
17.922,3.73
-47.463,5.0252
20.307,2.7483
20.775,6.1486
-48.727,6.1276
-50.56,8.0536
39.977,-10.202
-5.8072,-30.958
-47.177,6.5923
-9.2555,-33.928
-10.937,-31.596
-46.279,6.6921
20.776,6.1485
17.663,3.1515
22.874,5.4073
21.591,3.6118
-48.392,4.185
-50.56,8.0536
-48.076,5.0513
-9.5338,-27.491
46.949,-9.5393
-46.574,8.3171
-10.439,-30.82
-4.8336,-32.189
-48.19,6.9814
-46.661,5.5607
49.029,-9.4595
-9.2546,-29.2
22.359,5.1865
19.091,2.5591
-4.8124,-32.136
-14.417,-30.216
-11.104,-31.162
-9.0345,-34.778
-9.3836,-31.566
148.45,0.27052
-10.058,-27.506
-11.475,-32.585
37.728,-10.304
18.405,5.8811
17.245,3.4472
-47.857,7.3112
56.249,-8.4218
-47.288,5.5429
34.145,-10.258
-47.269,7.6834
-48.017,5.6046
17.901,2.6172
-50.56,8.0537
-7.9974,-24.885
-47.653,6.4287
16.061,3.3395
17.245,3.4472
22.874,5.4073
-11.192,-32.978
-10.511,-32.497
17.901,2.6171
-47.5,6.8026
-2.2241,-34.737
17.587,2.1561
-8.7865,-30.294
-47.476,4.6801
22.359,5.1865
-9.6189,-28.998
-47.517,8.0507
30.345,-9.8807
38.447,-10.271
-8.1782,-30.251
-8.4639,-29.244
-9.347,-32.627
17.586,3.9056
18.273,3.4175
52.048,-9.0258
45.939,-9.7046
-7.4223,-29.52
52.134,-9.0133
39.996,-9.9646
-2.2241,-34.737
22.366,5.2451
-46.477,6.0756
-9.1191,-27.325
-50.56,8.0537
-46.366,6.9491
44.949,-9.805
22.216,4.4796
-48.237,6.6077
17.2,2.9302
17.772,3.752
55.706,-8.5001
20.308,2.7482
18.131,2.9932
17.723,3.7527
18.508,5.9138
-10.736,-32.271
27.88,-8.9291
-10.283,-34.93
-47.747,7.3292
-46.604,7.4123
18.496,5.9249
-48.253,5.8833
17.207,3.2569
-7.8673,-32.363
-9.7825,-33.219
-6.116,-31.794
18.377,3.5619
-47.339,6.4043
-48.578,5.3321
45.752,-9.8078
-48.314,6.3492
18.495,5.9072
-10.557,-32.178
-6.9183,-31.532
-8.9554,-27.294
28.42,-9.6009
18.198,3.5644
22.366,5.2451
39.971,-10.209
44.953,-9.8048
-10.153,-33.197
20.307,2.7483
-9.6552,-33.064
18.936,3.8037
22.387,5.1822
37.073,-10.313
18.508,5.9138
17.848,2.5903
22.359,5.1865
148.45,0.27068
17.242,3.4375
-7.0005,-31.245
-8.2985,-31.125
41.333,-9.7756
-8.0209,-24.435
-49.696,5.7531
39.974,-10.209
-50.56,8.0536
51.775,-9.0655
-11.192,-32.978
-9.0345,-34.778
-2.2241,-34.737
17.928,3.7285
28.827,-9.5514
-9.3294,-30.485
146.14,0.12567
-50.56,8.0536
22.359,5.1865
-46.485,6.0067
22.35,5.2389
-11.91,-32.328
-6.8752,-30.791
-6.6874,-32.954
17.191,3.7755
-14.075,-29.727
19.093,2.3879
21.591,3.6118
-2.2241,-34.737
45.359,-9.7831
51.729,-9.072
45.939,-9.7046
-6.8695,-30.977
17.928,3.7285
-46.675,5.5435
-48.313,7.538
45.92,-9.692
-7.9974,-24.885
56.053,-8.4507
37.066,-10.313
22.359,5.1865
17.901,2.6172
-4.8124,-32.136
-9.1833,-33.08
-8.7466,-35.451
148.45,0.27072
37.489,-10.315
-10.976,-31.25
17.704,3.7518
-8.8674,-33.413
-9.5339,-27.491
22.359,5.1865
45.939,-9.7046
17.136,3.9217
20.307,2.7483
39.345,-10.27
27.711,-8.593
-9.2578,-33.928
-9.9561,-33.96
-48.774,6.1429
17.901,2.6171
19.121,1.9141
-10.353,-32.965
148.44,0.27035
22.874,5.4074
-8.0927,-32.522
-2.2284,-34.74
16.053,3.3431
-46.729,7.7613
-8.1136,-29.765
20.776,6.1486
18.508,5.9138
49.591,-9.3782
17.055,2.6981
-47.496,6.7768
18.133,2.996
-8.851,-29.57
-14.075,-29.727
-9.5339,-27.491
16.061,3.3395
-7.9974,-24.885
-7.9974,-24.885
-45.979,5.3607
17.366,3.8718
-9.2503,-30.063
17.218,3.3284
17.901,2.6171
17.201,2.9286
-14.075,-29.727
-9.1219,-29.568
-47.188,6.5055
-9.0386,-34.774
44.709,-9.8904
39.971,-9.879
-8.3347,-30.762
-8.1371,-30.317
-9.5951,-26.928
-50.559,8.0536
-9.7627,-26.974
36.717,-10.311
18.131,2.993
-6.1476,-33.749
17.458,2.7077
18.136,3.0007
-47.574,7.3216
-46.486,6.3064
-5.8113,-30.737
-46.857,5.3094
19.091,2.5591
22.359,5.1865
148.45,0.27074
-2.2333,-34.744
49.149,-9.4392
-10.576,-28.539
18.508,5.9138
-9.3349,-29.603
51.757,-9.0679
-10.901,-30.182
22.359,5.1865
19.091,2.5591
-46.655,6.7
28.075,-9.6567
148.45,0.27071
-7.9885,-24.878
22.377,5.22
22.874,5.4073
17.201,2.9286
-49.179,4.259
22.359,5.1865
18.273,3.4175
55.739,-8.4959
-9.1147,-29.078
17.662,3.1515
-8.7466,-35.451
-9.1431,-29.57
22.359,5.1865
-11.577,-31.705
16.049,3.2912
-2.2025,-34.75
17.587,2.1561
-47.444,6.3186
18.51,5.9164
20.776,6.1485
-6.533,-31.085
22.359,5.1865
-47.333,6.7109
-9.6185,-29.718
-8.9759,-29.012
-8.8828,-32.689
-46.592,5.6912
19.1,2.5814
17.662,3.1515
20.307,2.7482
18.283,6.0909
17.2,2.9301
-45.979,5.3607
30.318,-9.877
17.136,3.9217
-7.9974,-24.885
-10.793,-31.281
17.201,2.9286
-46.482,6.2817
-9.9115,-29.927
-14.075,-29.727
28.819,-9.552
-6.8328,-30.628
20.303,2.7483
29.742,-9.7653
22.359,5.1865
-48.554,5.3126
-50.56,8.0536
22.359,5.1865
-14.417,-30.216
45.939,-9.7046
-50.571,8.0615
-9.2557,-33.928
-6.8423,-31.114
-48.461,4.6343
-7.7409,-32.69
-7.89,-27.777
22.382,5.2133
-47.256,5.7878
-2.2241,-34.737
22.874,5.4074
-9.1101,-30.012
39.973,-9.879
-47.529,6.8054
17.832,2.2348
-10.353,-32.965
-48.999,6.6586
-47.549,7.3108
22.359,5.1865
-4.8124,-32.136
18.51,5.9148
20.307,2.7482
-11.223,-33.662
28.109,-9.1413
-50.56,8.0536
-49.411,6.062
17.823,2.325
31.316,-10.029
-10.772,-31.669
18.56,6.1826
-46.51,6.4077
17.074,2.6168
18.508,5.9138
33.287,-10.225
-7.3745,-29.97
18.129,2.9894
17.233,2.4975
17.201,2.9286
-9.7105,-31.827
-48.117,7.8163
22.359,5.1865
148.32,0.26248
18.508,5.9138
56.616,-8.3695
18.133,2.9967
-46.474,6.1293
20.307,2.7482
-10.447,-31.191
16.061,3.3395
18.212,3.5456
-46.485,6.0084
30.261,-9.8728
-8.021,-24.435
-6.9998,-29.524
-10.09,-30.104
-8.4042,-31.56
18.508,5.9138
49.068,-9.4538
-50.56,8.0537
18.47,6.1377
-47.686,5.0097
-50.61,8.0822
-47.157,7.18
22.359,5.1865
-10.283,-34.93
-46.729,7.7613
-10.101,-30.119
-49.282,6.3025
41.315,-9.7824
44.949,-9.805
37.573,-10.301
18.279,3.3745
17.226,3.3718
-5.9113,-33.967
-9.4411,-30.475
-47.517,8.0507
-2.2241,-34.737
-6.116,-31.794
20.77,6.1559
-47.229,5.6209
33.297,-10.23
-9.8362,-29.871
-46.769,4.9587
22.359,5.1865
-6.8906,-30.093
-50.559,8.0537
38.034,-10.288
-8.6462,-29.602
41.625,-10.004
-48.286,7.0296
18.508,5.9138
-9.5058,-30.873
-16.363,-37.772
20.776,6.1485
20.776,6.1485
148.44,0.27027
-48.919,6.8909
19.093,2.3879
-10.281,-29.04
23.475,4.4103
-47.699,6.3626
17.201,2.9286
-6.4865,-30.693
-9.3955,-33.205
45.939,-9.7046
-2.2241,-34.737
22.874,5.4073
-47.493,5.4664
-49.185,6.4668
-2.2241,-34.737
-9.1191,-27.325
56.616,-8.3695
-9.939,-33.144
16.06,3.3452
37.315,-10.309
29.037,-9.5792
-49.518,5.1305
22.36,5.1896
16.061,3.3395
-9.3955,-33.205
17.663,3.1515
-9.5339,-27.491
-9.5154,-31.27
22.359,5.1865
-7.2868,-29.456
18.133,2.9955
56.616,-8.3696
28.593,-9.6551
17.201,2.9286
148.32,0.26247
-9.4397,-30.871
-9.8073,-31.647
55.988,-8.4596
17.901,2.6171
-48.796,6.0462
45.944,-9.6933
-8.889,-32.134
-10.403,-29.882
-11.223,-33.662
-9.2872,-32.131
17.365,2.4194
-2.2241,-34.737
22.359,5.1865
-48.785,6.5012
18.507,5.9402
22.219,4.432
28.981,-9.6529
-10.648,-29.584
-50.56,8.0537
-9.3872,-31.362
21.567,3.6156
30.568,-9.9207
-50.56,8.0536
28.267,-9.3369
-2.2252,-34.74
-9.5339,-27.491
17.2,2.9338
-5.4753,-33.428
-48.79,6.3322
16.061,3.3395
20.776,6.1485
18.485,5.8989
-8.413,-29.236
33.999,-10.254
22.359,5.1865
-7.9974,-24.885
17.922,3.73
-8.233,-32.615
-10.272,-32.646
-47.744,5.5482
147.24,0.1951
-8.021,-24.435
17.2,2.9301
22.359,5.1865
-9.9001,-29.288
-7.9974,-24.885
22.359,5.1865
-50.56,8.0537
17.901,2.6171
-2.0124,-34.64
-46.729,7.7613
-6.533,-31.085
17.829,2.4276
30.876,-9.968
-4.5136,-31.783
-10.744,-29.402
18.508,5.9138
-7.9055,-29.906
55.697,-8.5013
148.44,0.27029
28.237,-9.3293
19.091,2.5591
-10.647,-31.78
-4.8124,-32.136
33.521,-10.248
-7.9974,-24.885
-47.849,6.7644
-7.9974,-24.885
39.968,-10.202
-11.601,-32.761
20.776,6.1485
-47.784,4.3662
-2.2316,-34.741
22.218,4.524
46.033,-9.6472
-10.059,-27.506
56.616,-8.3693
-8.8702,-29.568
17.226,3.3707
-7.3939,-30.796
17.342,3.9056
-50.56,8.0537
46.002,-9.9495
17.458,2.7077
28.509,-9.6545
-47.699,6.3627
27.851,-9.6741
17.574,2.3616
18.416,6.1423
-2.2241,-34.737
37.58,-10.3
22.359,5.1865
22.287,4.4108
33.515,-10.248
-8.3991,-31.014
-46.856,5.3113
56.281,-8.4177
-50.56,8.0536
18.513,6.1013
-10.058,-27.506
22.359,5.1865
18.273,3.4175
-46.272,6.6735
22.359,5.1865
-9.5616,-26.554
18.508,5.9138
-46.267,6.9975
-18.406,-39.398
17.723,3.7527
-7.8919,-31.542
-8.0013,-24.913
49.467,-9.3957
-47.112,5.1266
18.273,3.4169
-7.4424,-32.373
-48.124,5.9708
18.016,3.6995
-48.519,7.4634
-8.4731,-28.459
-5.8072,-30.958
18.136,3.0007
-48.766,5.6373
-4.8124,-32.136
-46.542,5.7484
44.853,-9.8981
-4.8124,-32.136
-7.522,-32.586
-8.6301,-29.599
-8.4015,-30.699
-2.2222,-34.727
-8.1014,-29.2
-2.2241,-34.737
30.182,-9.8591
-10.059,-27.506
29.697,-9.7604
-10.283,-34.93
147.21,0.19335
56.002,-8.4575
-47.571,5.4852
17.115,2.4686
37.211,-10.309
45.961,-9.959
-10.36,-32.37
18.508,5.9138
-8.7448,-28.97
45.94,-9.7046
17.859,3.7428
-50.56,8.0539
-12.092,-32.166
-9.1191,-27.325
17.226,3.3731
-4.7148,-31.744
40.332,-9.6728
-4.7094,-31.714
-47.723,5.5782
49.109,-9.4463
17.33,3.8369
17.901,2.6171
-10.059,-27.506
-47.996,7.2385
-5.8113,-30.737
17.704,3.7518
37.724,-10.304
-11.475,-32.585
31.773,-10.092
-49.133,5.7937
-8.004,-24.908
-9.1191,-27.325
22.965,5.3823
-8.4642,-29.163
18.508,5.9138
18.495,5.8871
-14.679,-29.643
-13.937,-29.591
-47.267,5.5841
-8.0047,-24.548
148.45,0.27051
-8.6422,-31.769
-47.079,6.0528
18.508,5.9138
17.901,2.6171
-6.8081,-30.672
-2.2061,-34.764
44.388,-9.8985
-10.734,-32.03
-8.0033,-24.548
-10.353,-32.965
-5.8113,-30.737
-46.309,5.6761
22.379,5.2218
-7.9974,-24.885
-8.6258,-32.194
-7.2692,-31.426
-47.813,7.3188
17.201,2.9286
-48.519,7.4634
-7.7691,-29.741
-50.56,8.0538
22.359,5.1865
-48.8,5.7707
-7.5434,-31.99
28.068,-9.0521
-5.8113,-30.737
-48.091,5.6935
18.508,5.9138
22.359,5.1865
22.365,5.1986
20.777,6.1474
-8.0977,-32.525
15.887,3.7575
-8.0079,-34.225
18.273,3.4175
-9.0345,-34.778
-48.017,7.9753
-47.813,7.3188
-14.224,-30.218
-6.5488,-31.497
-8.312,-32.053
19.12,1.9143
44.973,-9.8011
-4.517,-31.823
46.217,-9.5546
17.901,2.6171
-8.1727,-31.882
-46.986,6.0046
37.817,-10.3
-11.659,-27.651
-46.792,5.3741
19.091,2.5591
-50.56,8.0537
22.219,4.4321
37.319,-10.309
-7.41,-31.792
17.735,2.2991
-7.9974,-24.885
43.837,-9.9423
49.754,-9.3557
-8.5086,-31.53
18.273,3.4175
148.44,0.26991
-48.017,7.9753
-10.848,-30.494
-47.654,7.3311
-11.474,-32.587
17.237,3.4183
19.121,1.9141
20.776,6.1486
30.237,-9.8738
-50.56,8.0537
56.62,-8.3686
-8.0218,-24.431
-8.266,-28.379
56.618,-8.3685
148.44,0.26998
22.359,5.1865
20.776,6.1485
42.611,-10.164
-8.127,-32.871
46.6,-10.265
-11.119,-29.659
22.382,5.1954
20.776,6.1486
17.194,3.1538
20.308,2.7482
-10.283,-34.93
-48.117,7.8163
-48.005,5.6119
-50.56,8.0537
22.467,5.1894
-48.707,7.1825
-49.518,5.1305
-8.0218,-24.43
-8.0906,-28.27
-50.56,8.0536
-8.5692,-32.705
22.885,5.4156
-2.2241,-34.737
-7.9974,-24.885
-8.2681,-32.632
17.201,2.9286
28.33,-9.3787
-7.9981,-24.908
-46.679,6.7406
-47.517,8.0507
27.897,-8.9489
41.334,-9.7756
49.607,-9.3759
18.508,5.9138
-48.795,5.7428
-7.9974,-24.885
-2.2076,-34.755
-48.768,5.641
28.329,-9.3787
-2.2241,-34.737
37.51,-10.303
148.45,0.27052
37.977,-10.301
-48.055,6.638
-47.532,6.1456
-8.7465,-35.451
-9.1731,-30.722
41.336,-10.427
-6.752,-30.227
-7.9974,-24.885
56.43,-8.3964
-47.766,5.007
-50.561,8.0536
-50.604,8.0841
-49.022,6.7343
18.273,3.4175
-9.6009,-29.709
37.572,-10.301
-50.56,8.0537
22.224,4.4357
18.273,3.4175
-8.9192,-30.038
-2.2241,-34.737
32.987,-10.227
17.832,2.2348
56.626,-8.368
18.508,5.9138
41.344,-9.7736
-6.7071,-30.188
17.723,3.7527
17.201,2.9286
-10.511,-32.497
-47.656,5.0111
-8.4906,-30.419
28.118,-9.1651
-7.9974,-24.885
19.064,1.8669
20.307,2.7482
-48.679,5.4542
44.948,-9.805
18.273,3.4175
37.598,-10.309
17.901,2.6171
-9.045,-29.564
17.201,2.9286
-50.56,8.0537
-6.1161,-31.794
-7.9974,-24.885
17.901,2.6171
-50.56,8.0537
20.775,6.1486
-47.998,6.7384
18.273,3.4175
46.002,-9.9495
17.046,2.505
46.002,-9.9477
-47.076,7.1431
31.263,-10.025
-8.1951,-29.032
18.273,3.4175
22.359,5.1865
-9.9576,-35.396
56.432,-8.3957
-7.9974,-24.885
18.273,3.4175
27.813,-8.7422
-47.81,7.3194
-48.251,5.8795
28.841,-9.6832
31.805,-10.095
17.245,3.4472
56.617,-8.3692
22.218,4.524
-7.8884,-30.664
-2.2241,-34.737
-48.088,5.0602
18.508,5.9138
22.338,5.2315
-7.9974,-24.885
-48.116,5.0759
55.697,-8.5015
-47.939,5.0193
56.029,-8.454
-48.649,6.8482
18.131,2.9929
45.942,-9.6982
-47.517,8.0507
38.123,-10.281
-47.995,5.6101
-49.283,4.7947
19.118,2.537
-9.9376,-31.438
-48.017,7.9753
-8.8279,-29.572
-4.7148,-31.744
-7.3612,-29.632
18.211,3.5475
-2.5563,-34.859
-11.223,-33.663
18.544,5.9994
42.442,-10.028
148.46,0.27105
-49.283,4.7947
148.32,0.26257
16.061,3.3395
-48.68,6.138
-7.9974,-24.885
-50.56,8.0537
-6.116,-31.794
20.307,2.7482
-4.8124,-32.136
-47.633,6.8195
-10.766,-29.294
22.359,5.1865
29.055,-9.6885
18.515,5.9314
-7.8656,-32.362
-4.715,-31.745
-4.8323,-32.186
18.124,2.9826
-48.461,4.6343
-9.7727,-28.965
18.508,5.9138
56.616,-8.3693
-4.1254,-31.785
-7.7532,-31.147
17.298,2.4356
-7.5475,-30.299
40.485,-10.288
33.615,-10.242
-6.7071,-30.188
-7.8276,-31.536
17.851,2.399
17.245,3.4472
148.31,0.26205
29.187,-9.6258
28.327,-9.3679
18.47,6.1377
51.635,-9.0854
39.343,-10.27
-9.5478,-33.903
44.388,-9.8985
17.901,2.6171
-9.1189,-27.325
-11.095,-30.886
-9.0345,-34.778
-6.1348,-31.813
-8.4731,-28.459
-10.166,-27.138
-7.3466,-32.34
17.227,3.3792
22.623,5.026
-7.3431,-25.43
-8.9759,-29.012
17.092,2.751
-9.5478,-33.903
-7.6773,-29.08
21.567,3.6156
20.308,2.7482
18.47,6.1377
22.218,4.524
37.328,-10.311
-7.9974,-24.885
-9.9533,-35.179
-47.127,4.8935
-4.5145,-31.794
17.237,3.4183
39.971,-10.209
51.346,-9.1271
18.522,5.9084
22.356,5.2132
18.124,2.9826
44.949,-9.805
45.939,-9.7046
20.776,6.1486
-11.069,-36.055
17.901,2.6171
49.343,-9.4145
-9.5339,-27.491
-47.847,5.0077
30.878,-9.9683
-8.1978,-31.169
-11.191,-32.978
-9.049,-31.05
30.345,-9.8807
17.654,3.7469
18.132,2.9938
-47.517,8.0507
-7.255,-32.132
-48.654,6.845
-48.078,6.6578
38.808,-10.351
148.45,0.27066
-8.2694,-32.632
-7.9709,-32.435
31.147,-10.007
18.508,5.9138
-50.56,8.0537
-10.422,-33.002
37.659,-10.291
22.359,5.1865
-48.155,6.4298
-2.2279,-34.744
31.969,-10.115
-7.9988,-24.916
-2.2241,-34.737
-8.3244,-28.339
-47.21,5.0827
-50.56,8.0537
39.961,-10.208
17.587,2.1561
-7.3779,-30.788
-8.3202,-32.054
22.359,5.1865
20.776,6.1485
16.917,2.4661
17.136,3.9217
34.051,-10.256
51.168,-9.1526
17.663,3.1515
41.58,-9.8292
-8.021,-24.435
-46.582,7.5635
-46.708,5.0879
31.891,-10.105
-47.806,5.0067
-8.4731,-28.459
45.469,-9.7401
-48.392,4.185
19.064,1.8669
46.002,-9.9495
22.359,5.1865
-10.398,-33.283
-8.021,-24.435
-8.4572,-29.642
-48.288,6.5263
-6.2851,-31.544
18.405,5.8811
49.957,-9.326
16.061,3.3395
-8.6054,-32.708
22.351,5.2284
27.825,-8.8003
-6.9404,-29.712
17.901,2.6171
18.016,3.6995
-2.2301,-34.74
148.45,0.27074
-8.6015,-32.708
28.536,-9.5761
18.508,5.9138
17.285,3.7644
-10.696,-29.959
38.051,-10.281
50.449,-9.2556
29.644,-9.7705
-11.087,-31.886
16.061,3.3395
148.45,0.27029
51.84,-9.0558
-7.7636,-31.067
20.308,2.7482
18.508,5.9138
-50.56,8.0537
-48.461,4.6343
22.409,5.1875
-49.411,6.062
17.663,3.1515
16.061,3.3395
17.662,3.1515
-47.538,5.0172
30.274,-9.873
45.939,-9.7046
17.901,2.6171
-7.9593,-29.856
-7.6953,-30.109
-14.075,-29.727
-48.575,5.3283
-11.095,-30.886
18.508,5.9138
-50.559,8.0537
16.047,3.3211
20.308,2.7482
17.227,3.3792
-48.182,6.129
17.027,2.7138
-2.2371,-34.744
48.496,-9.5289
-50.795,8.3709
-48.055,6.6375
-11.087,-31.886
-9.0012,-27.21
17.272,3.5149
27.897,-10.23
19.064,1.8669
20.307,2.7482
-10.639,-30.267
22.359,5.1865
-9.1191,-27.325
18.508,5.9138
-8.4731,-28.459
22.218,4.524
19.091,2.5591
37.659,-10.291
-46.793,5.3729
-8.6949,-31.546
-4.8124,-32.136
22.426,5.1629
18.508,5.9138
17.283,3.5353
-8.2343,-31.371
17.169,3.9987
17.244,2.3419
-5.4753,-33.428
18.28,3.3554
18.273,3.4175
51.643,-9.0843
-50.56,8.0538
17.773,3.752
-48.051,5.0501
18.508,5.9138
27.804,-8.6915
-9.939,-33.144
-47.552,5.4939
-48.574,5.3281
19.091,2.5591
-5.8136,-30.732
17.704,3.7518
38.121,-10.308
20.776,6.1485
-2.2342,-34.744
-47.226,6.0727
-48.26,6.4834
-47.23,7.2149
-50.585,8.0665
-9.5347,-30.181
-45.979,5.3607
18.508,5.9138
-9.8957,-29.915
18.146,3.0161
-8.0047,-24.548
-9.7821,-30.472
-48.205,5.9278
-9.7988,-31.726
37.91,-10.262
-48.017,7.9753
-46.508,5.9215
-50.56,8.0537
-10.084,-29.554
-7.9974,-24.885
-12.035,-34.102
-9.9816,-31.128
-8.0047,-24.547
22.375,5.217
275.22,4.6383
-7.8983,-29.911
31.732,-10.087
22.318,5.2371
-49.282,6.3025
-5.4753,-33.428
28.422,-9.4164
-7.9974,-24.885
-47.292,7.2325
-4.7149,-31.745
-9.9501,-30.678
-9.4203,-31.145
148.32,0.26271
19.091,2.5591
17.901,2.6171
-11.734,-32.64
57.517,-8.2519
17.946,3.7239
-7.9919,-24.856
17.201,2.9286
18.28,3.3533
16.061,3.3395
-48.025,5.639
-2.2534,-34.74
-2.2283,-34.736
-48.802,7.0429
-48.051,5.05
44.528,-9.8483
-6.9449,-31.526
22.359,5.1865
-8.9682,-30.857
-46.908,5.2613
30.298,-9.8741
-46.729,7.7613
17.901,2.6171
20.791,6.1654
17.356,3.8633
30.036,-9.827
-47.677,6.2359
17.141,2.5278
-48.658,5.4236
-8.7465,-35.451
17.227,3.7797
55.604,-8.5153
-8.021,-24.435
-9.4625,-32.61
-11.192,-32.978
-49.12,5.7622
29.554,-9.7739
-11.192,-32.978
37.583,-10.309
-9.9533,-35.179
-11.045,-31.09
-9.011,-30.055
-46.309,5.6761
-50.56,8.0537
-45.979,5.3607
-8.0185,-24.44
18.547,5.9938
-5.8072,-30.958
55.044,-8.5958
17.249,2.4855
-8.8327,-33.081
-46.492,6.3395
30.811,-9.9575
-46.853,6.9766
22.359,5.1865
-6.5488,-31.497
16.033,3.3672
17.201,2.9286
-14.075,-29.727
-9.9828,-31.383
-9.9041,-33.931
-14.075,-29.727
18.435,6.1432
-8.7465,-35.451
45.939,-9.7046
18.513,6.1013
28.416,-9.6827
-48.285,5.1439
19.091,2.5591
18.508,5.9138
-10.028,-29.376
-8.0274,-30.393
-14.075,-29.726
17.254,3.4699
-10.46,-30.97
-9.9533,-35.179
-7.1983,-32.228
-2.2241,-34.737
17.946,3.7238
21.567,3.6156
17.2,2.9328
-10.424,-30.767
-8.5268,-33.065
-47.465,6.0031
46.075,-10.643
18.482,5.9141
56.053,-8.4501
-8.7213,-32.195
-47.02,5.1777
51.168,-9.1526
-8.7687,-32.208
17.225,3.3687
20.767,6.1534
18.501,5.944
16.97,2.3981
-8.4458,-32.971
-46.581,7.1804
-7.9974,-24.885
17.658,3.7475
37.828,-10.299
-10.415,-31.367
-47.833,6.2152
-7.9977,-24.892
51.667,-9.0808
-47.973,6.2016
22.359,5.1865
22.481,5.1008
-10.336,-31.715
46.778,-9.7139
34.325,-10.264
-10.317,-31.756
22.359,5.1866
-47.423,7.6154
22.218,4.5239
-9.1062,-31.644
-9.1178,-30.56
20.307,2.7482
32.179,-10.135
-48.181,6.3908
29.646,-9.7428
40.033,-10.221
30.133,-9.8429
-50.56,8.0537
39.976,-10.203
22.359,5.1865
-9.0411,-34.772
18.128,2.989
42.409,-10.034
-48.299,7.6072
22.392,5.2069
-50.561,8.0536
-10.432,-31.298
41.335,-10.427
-8.6206,-31.149
-2.2241,-34.737
-47.67,6.5171
42.395,-10.185
38.328,-10.244
17.083,2.6497
-14.417,-30.216
18.508,5.9138
-9.5479,-33.903
18.508,5.9138
-48.759,5.6141
22.218,4.5239
17.928,3.7285
17.227,3.3792
30.527,-9.9141
17.227,3.3792
37.56,-10.312
-10.284,-34.93
-48.692,5.474
52.135,-9.0134
-48.392,4.185
-7.3941,-25.575
19.091,2.5591
17.046,2.505
51.292,-9.1347
17.734,3.7536
17.473,2.7291
16.04,3.3622
-8.9843,-32.188
57.361,-8.2728
-9.002,-32.129
-10.101,-33.266
46.697,-9.9766
-50.56,8.0537
-49.053,5.6856
-10.157,-30.199
-10.059,-27.506
17.207,3.2569
17.901,2.6171
-48.729,7.077
-49.097,6.5158
17.842,3.7455
-8.7479,-30.466
22.359,5.1865
-11.781,-28.505
22.503,5.1096
-48.235,4.3547
56.616,-8.3693
-47.032,5.9482
18.131,2.9929
-9.1653,-32.144
-8.8304,-31.287
19.091,2.5591
16.061,3.3395
-49.185,6.4668
-6.8833,-30.424
-5.7577,-30.656
17.704,3.7518
-9.93,-31.45
-49.282,6.3025
-8.0209,-24.435
-6.4422,-31.158
17.201,2.9289
-4.6346,-31.687
-8.5411,-29.154
-50.56,8.0537
-47.681,6.1213
-48.37,7.0414
-50.56,8.0537
-9.9217,-35.361
17.308,2.4279
22.359,5.1865
17.406,3.985
-5.8072,-30.958
-10.284,-34.93
-10.545,-29.856
-9.5256,-27.164
22.359,5.1865
-47.264,6.6413
18.82,2.2943
45.92,-9.692
20.773,6.1817
16.061,3.3395
-50.547,8.0446
27.614,-9.636
-47.972,4.2991
33.169,-10.236
-2.2534,-34.74
37.233,-10.309
37.724,-10.304
31.7,-10.082
17.2,2.9301
38.882,-10.191
30.137,-9.8442
22.375,5.1921
-47.679,5.4949
-47.213,5.0819
22.656,5.248
45.939,-9.7046
-6.8151,-29.591
-48.754,7.1733
-8.9984,-31.268
148.45,0.27029
-10.26,-31.847
19.114,1.9087
-46.9,7.4516
22.632,5.0833
-14.075,-29.727
-11.104,-31.162
51.729,-9.072
-48.345,6.3691
-8.021,-24.436
-10.701,-30.451
-9.9345,-30.807
18.131,2.9932
45.373,-9.7592
16.053,3.3511
18.301,5.9486
-10.284,-34.93
-46.604,7.4123
17.901,2.6171
-9.8845,-35.31
-48.532,7.3901
29.244,-9.6942
39.972,-9.879
-8.7994,-34.991
19.064,1.8669
19.071,2.473
45.939,-9.7046
18.508,5.9138
22.359,5.1865
-2.2241,-34.737
-6.533,-31.085
-8.0047,-24.548
-7.194,-29.83
-14.188,-30.67
32.361,-10.161
-48.257,5.8881
52.608,-8.945
-10.783,-30.471
-46.48,6.2702
41.542,-9.8696
22.359,5.1865
37.926,-10.292
-48.239,7.0094
-10.347,-34.881
-9.4858,-32.037
20.776,6.1484
-47.328,4.6409
-9.6468,-31.592
17.22,3.3397
41.662,-10.493
-8.1951,-29.032
-47.164,6.6888
17.136,3.9217
17.656,3.7469
18.525,5.9564
-2.2241,-34.737
28.874,-9.6937
22.359,5.1865
22.287,4.4108
18.133,2.9964
45.94,-9.7046
28.329,-9.3787
-10.736,-32.271
-47.024,6.2267
17.901,2.6171
-14.417,-30.216
20.301,2.7476
-9.1655,-30.761
19.121,1.9141
22.388,5.1781
-14.415,-30.217
-47.574,7.3216
18.132,2.9938
22.45,5.1612
-48.245,6.3963
-11.204,-33.469
-9.655,-33.064
