-25.615,10.903
-9.7196,-8.1021
-18.165,-9.2554
-25.467,11.106
-7.2685,-11.819
23.202,-13.869
23.244,-13.823
-7.2685,-11.819
-27.23,13.526
23.209,-13.863
23.907,-13.622
-9.1984,-8.2871
-26.13,10.452
30.777,-11.812
27.79,-12.533
-24.457,11.972
-17.403,-9.8447
33.489,-10.426
-5.6076,-7.8486
-18.123,-9.3087
30.47,-11.608
-5.8532,-9.4946
23.213,-13.858
40.082,-8.5063
40.591,-8.1253
23.207,-13.866
23.24,-13.827
40.069,-8.512
-18.219,-9.2106
30.648,-11.543
-25.611,11.072
-9.9696,-7.8146
23.23,-13.841
36.084,-9.6768
22.268,-14.199
-3.664,15.34
34.095,-10.226
23.045,-13.923
-7.6547,-11.361
-17.876,-9.6165
-9.4324,-12.171
-27.23,13.526
-27.23,13.526
-7.8549,-9.1313
31.511,-11.085
35.449,-10.084
38.387,-8.6403
38.089,-8.8047
40.455,-8.1786
32.434,-10.768
23.558,-13.736
33.554,-10.403
38.089,-8.8
31.317,-11.168
27.618,-12.363
27.131,-12.52
29.277,-11.978
27.131,-12.52
40.001,-8.0918
37.344,-9.1686
27.208,-12.495
-17.974,-10.045
-3.6681,15.324
39.451,-8.3622
39.095,-8.5307
23.909,-13.601
40.509,-8.1616
39.216,-8.6248
-9.5807,-8.2088
37.395,-9.1558
-24.705,11.267
39.075,-8.5381
39.228,-8.502
36.122,-9.5921
-26.743,11.393
23.915,-13.576
39.299,-8.4849
-16.091,-8.8503
36.183,-9.5631
-27.23,13.526
-27.23,13.526
-24.435,11.924
-3.2996,-13.105
35.515,-10.075
38.285,-8.6807
31.04,-11.45
38.777,-8.8921
23.913,-13.581
23.917,-13.576
-23.813,10.08
39.479,-8.3461
-27.23,13.526
-24.435,11.924
33.377,-10.457
30.809,-11.81
-27.23,13.526
-25.992,10.401
32.011,-10.93
-28.18,12.127
-6.2576,-11.455
-17.962,-10.033
-3.322,-13.066
22.536,-14.065
-27.23,13.526
-27.23,13.526
-25.505,14.618
-27.23,13.526
38.36,-9.0342
32.604,-10.723
31.442,-11.154
-26.165,13.185
-28.285,12.321
-26.741,10.785
-26.165,13.185
-28.18,12.127
-4.4331,-12.56
-3.3127,-12.989
-26.165,13.185
38.955,-8.5359
-26.165,13.185
34.653,-10.075
-10.002,-11.146
-17.124,-9.1949
37.657,-9.0729
-25.736,11.748
-26.165,13.185
38.598,-8.5763
34.772,-9.9863
39.179,-8.5328
32.599,-10.722
-26.714,10.876
-26.165,13.185
-3.2812,-13.079
-27.068,12.877
40.534,-8.147
-27.068,12.877
-27.068,12.877
-27.068,12.877
-24.567,11.273
-17.951,-10.035
-25.889,10.007
-16.09,-8.8454
23.913,-13.581
-27.068,12.877
-7.6641,-11.328
-6.4018,-11.667
-6.1972,-11.245
-7.6641,-11.328
-8.6324,-7.2318
-7.6641,-11.328
-27.215,11.391
-26.876,12.768
33.514,-10.415
39.504,-8.5922
-25.611,11.072
-26.746,10.636
37.564,-9.1085
23.913,-13.581
-26.051,10.417
40.26,-8.0763
31.49,-11.155
-8.7863,-9.8744
40.847,-8.0328
-24.435,11.924
32.607,-10.721
-25.19,10.23
35.179,-10.07
30.816,-11.832
38.871,-8.8378
-25.379,10.772
-26.33,12.887
-26.33,12.887
-9.7595,-8.1461
34.871,-9.9601
-25.611,11.072
29.43,-11.754
38.845,-8.5401
-24.857,13.431
29.605,-12.08
40.644,-8.1046
-26.33,12.887
40.124,-8.0721
23.913,-13.581
30.635,-11.891
-26.858,12.763
37.735,-9.0486
-27.033,11.384
40.117,-8.0727
-26.239,11.426
40.077,-8.5079
34.873,-9.9616
30.826,-11.835
35.151,-9.6891
29.594,-12.069
35.375,-10.068
38.213,-9.0465
30.495,-11.963
23.918,-13.575
40.28,-8.3996
37.943,-8.9618
-26.865,12.765
-26.13,10.452
-26.865,12.765
-15.879,-2.2977
-18.644,-4.959
-18.644,-4.959
-16.135,-1.552
-18.644,-4.959
20.588,-14.661
30.849,-11.847
-25.78,9.5913
-6.1347,-8.5727
40.657,-8.0992
41.005,-7.9845
-14.807,-4.4558
33.32,-10.481
23.913,-13.581
-26.402,13.765
-25.463,14.565
37.943,-8.9627
38.462,-8.6105
-26.402,13.765
36.556,-9.42
40.351,-8.3455
-26.429,13.781
-25.275,11.927
-26.778,13.846
-26.595,12.753
-26.169,13.427
-27.057,13.73
30.645,-11.886
-27.278,13.317
-26.574,13.838
-26.574,13.838
-26.574,13.838
38.542,-8.991
30.495,-11.963
-26.574,13.838
-26.322,10.396
-26.883,13.82
-26.574,13.838
-26.402,13.765
30.655,-11.547
-26.746,10.636
-25.129,12.3
-26.574,13.838
38.836,-8.5459
-27.269,11.618
-26.995,13.77
-27.033,12.848
-27.004,12.829
40.081,-8.5058
-27.004,12.829
-25.611,11.261
-25.648,11.822
39.736,-8.1823
23.915,-13.583
38.051,-9.0382
-27.073,12.881
-24.942,12.856
36.336,-9.4936
-25.523,11.786
-26.297,13.674
37.948,-8.9729
35.985,-9.8232
-26.741,10.785
39.731,-8.1848
40.567,-8.1333
-26.297,13.674
-24.091,11.589
23.021,-13.914
-6.939,-11.146
32.478,-10.746
36.269,-9.5175
21.84,-14.323
-26.297,13.674
-26.297,13.674
-5.4974,-6.4902
-27.227,13.091
-27.193,13.026
31.333,-11.235
-25.505,14.618
-27.227,13.091
-5.4974,-6.4902
-5.4886,-6.4692
-5.5446,-6.674
-27.227,13.091
-26.154,13.309
-5.4974,-6.4902
31.49,-11.155
-5.5538,-6.2221
-5.4974,-6.4902
31.005,-11.603
-24.89,13.136
-5.4974,-6.4902
-26.595,12.753
36.957,-9.2961
-5.4974,-6.4902
-24.457,11.972
-5.4902,-6.3277
39.411,-8.5871
-5.4974,-6.4902
-5.4974,-6.4902
-26.815,12.753
-26.595,12.753
-5.4974,-6.4902
-26.742,11.447
-5.4974,-6.4902
34.311,-10.165
36.122,-9.5919
-27.278,13.328
-26.158,13.361
-26.156,13.339
-5.4974,-6.4901
-5.4974,-6.4902
-26.904,11.384
28.023,-12.512
-26.21,15.015
-5.4974,-6.4902
-5.4973,-6.4902
-5.4974,-6.4902
23.913,-13.581
-26.328,12.889
-26.176,13.453
31.927,-10.953
-5.4974,-6.4902
-26.156,13.339
-6.4551,-11.717
-7.6887,-11.132
-6.939,-11.146
-6.939,-11.146
-6.273,-11.487
-26.154,13.31
-27.193,13.026
23.913,-13.581
-27.227,13.091
23.913,-13.581
-26.202,13.064
39.751,-8.177
-26.205,13.058
-26.202,13.064
-26.828,12.755
-26.594,12.753
33.513,-10.416
-26.595,12.753
30.655,-11.534
-27.941,14.572
-26.154,13.31
-27.834,14.905
-26.156,13.339
-26.595,12.753
-26.815,12.753
-26.815,12.753
-26.815,12.753
-26.161,13.383
-26.161,13.382
39.732,-8.5834
38.912,-8.8152
-7.3468,-6.9739
-24.457,11.972
-26.225,13.573
-27.278,13.32
36.384,-9.4738
40.268,-8.4084
-23.919,11.504
-27.203,13.575
37.618,-9.0918
-21.572,-8.5307
36.449,-9.4531
30.499,-11.624
-26.339,12.879
-24.897,12.793
-25.903,15.026
-26.33,12.887
-26.857,13.829
-26.33,12.887
-24.452,11.603
35.171,-9.6764
-26.473,12.793
-24.435,11.924
30.655,-11.547
28.059,-12.379
-25.803,15.147
-24.708,13.351
-25.523,11.786
-26.239,11.426
-27.081,12.888
35.802,-9.9786
-27.081,12.888
39.988,-8.0937
-27.232,13.102
40.081,-8.5055
-26.743,11.393
30.495,-11.963
-7.7455,-7.1496
-24.419,12.19
40.257,-8.4186
-26.741,10.785
-26.156,10.297
39.747,-8.1783
-23.884,10.204
-24.392,11.782
40.776,-8.0543
-27.834,14.905
-26.161,13.383
40.074,-8.0787
-26.161,13.383
30.514,-11.629
38.945,-8.7987
36.132,-9.6032
23.92,-13.578
39.129,-8.6591
23.911,-13.59
-24.705,11.267
34.058,-10.237
-26.486,13.809
-24.359,12.376
-26.239,11.426
23.915,-13.583
38.694,-8.9368
-24.472,14.629
-26.831,12.756
-26.203,13.063
35.986,-9.8235
23.918,-13.565
-26.239,11.426
-26.526,15.107
40.712,-8.0779
-27.245,13.493
38.393,-8.629
-27.214,13.065
38.393,-8.629
-7.4995,-6.9259
-26.591,12.754
-7.1072,-8.9445
-3.2812,-13.08
-7.1072,-8.9445
-4.2365,-11.574
38.074,-9.0354
38.569,-8.9823
-28.005,14.464
-28.757,12.012
-26.791,13.844
40.591,-8.1273
20.773,-14.153
-28.247,11.632
39.764,-8.5819
-24.516,13.344
-28.428,11.45
-24.316,14.655
-24.472,14.629
23.913,-13.581
-26.482,13.808
-26.791,13.844
39.738,-8.5836
-28.474,11.411
35.075,-9.77
-28.222,11.66
33.514,-10.414
-26.772,13.846
-10.045,-10.282
21.32,-14.477
37.739,-9.0444
40.343,-8.0957
20.757,-14.76
38.768,-8.8989
-25.447,14.548
29.606,-12.098
-9.7808,-15.163
-9.7808,-15.163
-9.7808,-15.163
19.549,-14.458
-15.733,-12.541
19.553,-14.436
-5.7802,-1.3397
-15.768,-12.464
19.553,-14.436
-15.733,-12.541
-15.765,-12.461
19.33,-14.382
24.525,-13.399
-5.7868,0.21875
-6.0968,-3.2988
-15.733,-12.541
-5.7666,0.71199
19.524,-14.445
-15.733,-12.541
-15.733,-12.541
-5.7802,-1.3397
-6.0968,-3.2988
-15.733,-12.541
19.469,-14.417
-5.7802,-1.3397
19.658,-14.45
-15.733,-12.541
40.438,-8.1792
40.812,-8.043
-27.214,13.065
39.165,-8.6508
23.913,-13.581
-26.486,13.809
40.065,-8.5123
36.384,-9.4738
39.529,-8.307
36.982,-9.2885
-24.967,12.872
38.878,-8.5405
39.102,-8.6937
39.337,-8.4451
39.82,-8.1458
32.009,-10.928
-6.1625,-3.7624
-6.0968,-3.2988
-6.0968,-3.2988
-6.0968,-3.2988
19.288,-14.375
-6.0968,-3.2988
-6.0968,-3.2988
19.385,-14.395
-6.1513,-3.6609
-6.0968,-3.2988
19.553,-14.436
0.53029,-11.058
-26.238,13.595
-28.48,12.859
-7.5803,-11.53
-9.1205,-13.611
-6.84,-10.404
-7.1158,-13.602
28.308,-12.591
-6.939,-11.146
-26.475,12.792
-9.1618,-13.915
28.803,-12.069
-29.567,14.54
-3.1403,-16.284
-29.567,14.54
-7.1449,-13.21
-3.119,-16.202
-5.822,-13.206
-8.6631,-10.181
0.53029,-11.058
-9.6253,-13.172
-16.003,-12.096
37.184,-9.2211
39.714,-8.5854
-9.3142,-8.7741
39.563,-8.2853
-9.1984,-8.2871
34.363,-10.14
34.167,-10.208
37.067,-9.2589
-4.8043,-12.091
22.507,-14.122
-7.1315,-9.2184
-9.9119,-11.076
38.98,-8.5366
-9.1984,-8.2871
40.081,-8.5054
-9.3142,-8.7741
39.085,-8.6924
-5.6844,-7.6883
-6.84,-10.404
-7.3196,-11.791
38.366,-8.6453
-9.1984,-8.287
-8.7198,-9.9307
31.416,-11.145
-7.3196,-11.791
-5.9407,-7.5755
40.094,-8.0766
-7.3196,-11.791
38.721,-8.922
34.363,-10.139
-4.7648,-10.685
39.516,-8.5866
40.455,-8.1862
39.789,-8.579
38.007,-8.8688
-9.6606,-11.083
-5.7802,-1.3397
-5.7802,-1.3397
-5.7802,-1.3397
-5.7802,-1.3397
-5.7802,-1.3397
-5.7802,-1.3397
-5.7802,-1.3397
-5.7802,-1.3397
-5.7802,-1.3397
-5.7802,-1.3397
-5.7802,-1.3397
-5.7802,-1.3397
-5.7802,-1.3397
-5.7802,-1.3397
-5.7802,-1.3397
-5.7802,-1.3397
31.187,-11.203
-6.1171,-1.5702
-5.7802,-1.3397
-4.9827,-1.9277
-5.7802,-1.3397
-6.1184,-1.5683
-5.7802,-1.3397
-5.7802,-1.3397
-5.4035,-1.7041
-5.7802,-1.3397
31.197,-11.197
-5.7802,-1.3397
-6.2503,-1.6001
-5.7802,-1.3397
-5.4043,-1.7045
-5.7802,-1.3397
-5.7802,-1.3397
-5.7802,-1.3397
-5.9408,-2.1207
-5.7802,-1.3397
-5.7802,-1.3397
-6.2696,-1.5904
-5.7802,-1.3397
-5.7802,-1.3397
-5.7802,-1.3397
-5.7802,-1.3397
-5.4031,-1.7038
-5.7802,-1.3397
-5.7802,-1.3397
-5.7802,-1.3397
-5.7802,-1.3397
-8.8732,-13.846
-12.167,-12.028
-14.808,-4.4496
33.372,-10.464
-26.156,10.297
28.045,-12.413
23.205,-13.868
-7.5803,-11.53
40.549,-8.1405
37.919,-8.9981
-25.859,10.966
37.894,-8.9967
-9.8425,-11.186
36.432,-9.4588
40.39,-8.3021
28.03,-12.469
30.749,-11.812
38.559,-8.9863
-9.9869,-11.107
-10.002,-11.146
-3.2812,-13.08
40.851,-8.0315
-8.1829,-7.5404
39.694,-8.5871
-9.3491,-13.536
39.019,-8.7376
23.202,-13.869
23.215,-13.862
31.997,-10.923
-6.84,-10.404
23.223,-13.852
39.777,-8.5811
27.934,-12.065
-6.939,-11.146
23.244,-13.823
39.552,-8.2904
23.205,-13.872
-11.849,-12.461
-8.8325,-9.4838
-8.8325,-9.4838
40.519,-8.155
35.321,-10.082
35.041,-10.017
40.424,-8.2494
-6.7542,-10.422
-6.7542,-10.422
-7.1022,-11.878
-7.8078,-9.2633
-9.4324,-12.171
-5.8339,-12.758
41.086,-7.9544
39.731,-8.1848
35.735,-9.9857
-23.326,-11.063
-23.331,-11.072
-23.193,-11.755
-23.331,-11.072
-22.294,-9.6129
-23.331,-11.072
-23.331,-11.072
-23.082,-10.799
-23.082,-10.799
-23.082,-10.799
-20.979,-11.291
-22.953,-10.759
-3.6684,15.32
-22.745,-10.776
-7.1096,-10.413
-11.11,-2.5582
-6.7552,-10.421
-7.5799,-11.531
34.69,-10.036
-11.11,-2.5583
-7.6039,-11.487
-3.6629,15.342
-3.67,15.319
-7.5138,-11.625
37.979,-8.8342
-11.11,-2.5583
-11.11,-2.5582
-13.659,-7.9406
-12.243,-12.56
-3.6677,15.321
-3.6632,15.34
-6.3176,-11.562
-12.243,-12.56
-11.727,-12.358
-16.345,-5.1924
-3.663,15.339
26.386,-12.774
-3.6629,15.342
-12.243,-12.56
-6.939,-11.146
-14.083,-12.744
-14.083,-12.744
-6.0968,-3.2988
-13.916,-12.703
-7.1022,-11.878
-14.083,-12.744
-12.243,-12.56
-11.705,-12.957
-7.1022,-11.878
-6.939,-11.146
-7.4162,-14.188
-14.083,-12.744
-3.6671,15.338
-7.5803,-11.53
-3.6671,15.338
-14.9,-6.7973
-3.6629,15.342
-14.9,-6.7973
-7.3196,-11.791
-3.6629,15.342
-14.9,-6.7972
-14.9,-6.7973
-3.6629,15.342
-14.902,-6.7957
-14.9,-6.7976
40.31,-8.3801
-3.6629,15.342
-7.5418,-11.588
-7.5418,-11.588
-6.208,-11.307
-6.7111,-13.088
23.922,-13.629
-12.243,-12.56
-6.208,-11.307
-15.733,-12.541
-7.013,-10.398
28.667,-12.011
-15.733,-12.541
-13.916,-12.703
-6.4943,-11.748
-7.013,-10.398
-7.013,-10.398
-13.916,-12.703
-7.6984,-16.551
-7.6084,-15.831
-7.6084,-15.831
-7.013,-10.398
29.643,-11.943
-6.2593,-10.832
-7.6983,-16.551
-6.4156,-11.681
-15.733,-12.541
-6.1729,-2.0716
28.667,-12.011
-6.7014,-11.857
-6.1143,-14.831
-7.0916,-10.409
-7.6983,-16.551
-5.0857,-12.631
-5.8021,-12.773
-6.0968,-3.2989
-7.6689,-11.31
-7.707,-16.597
-7.6083,-15.831
-13.916,-12.703
-6.4269,-11.692
-6.6799,-10.445
-15.733,-12.541
-6.1432,-14.861
-7.4162,-14.188
-6.5193,-11.766
-6.939,-11.146
-13.978,-12.715
-6.3991,-11.664
-6.1143,-14.831
-6.6798,-10.445
-7.6084,-15.831
-7.6983,-16.551
-12.243,-12.56
-13.916,-12.703
-6.939,-11.146
-11.705,-12.957
-7.6884,-11.117
-6.939,-11.146
-13.916,-12.703
-5.1195,-10.086
-6.939,-11.146
-6.8609,-11.892
-6.1432,-14.861
-6.939,-11.146
-6.1432,-14.861
-6.939,-11.146
-7.6983,-16.551
-7.6084,-15.831
-14.083,-12.744
-13.916,-12.703
-12.243,-12.56
-7.6984,-16.551
-6.939,-11.146
-13.916,-12.703
-12.334,-11.58
-12.243,-12.56
-7.6984,-16.551
-6.1433,-14.861
34.911,-9.9079
-6.6798,-10.445
-6.939,-11.146
-13.916,-12.703
-7.6083,-15.831
-13.916,-12.703
-13.916,-12.703
-6.4379,-10.59
-7.6983,-16.551
-6.4533,-11.715
-13.916,-12.703
-6.4379,-10.59
-14.083,-12.744
-6.4379,-10.59
-7.6983,-16.551
-6.4379,-10.59
-13.916,-12.703
-15.733,-12.541
-6.1432,-14.861
-13.916,-12.703
-6.939,-11.146
-12.243,-12.56
-13.916,-12.703
-7.4162,-14.188
-6.4379,-10.59
-14.083,-12.744
-6.939,-11.146
28.691,-12.204
-6.6974,-9.2214
-6.4379,-10.59
-7.4162,-14.188
-6.4379,-10.59
-6.1432,-14.861
-6.4379,-10.59
-7.6983,-16.551
-13.916,-12.703
-7.6983,-16.551
-7.6441,-10.894
-6.4379,-10.59
-7.6983,-16.551
-6.4533,-11.715
-13.916,-12.704
-6.2662,-11.473
-13.916,-12.703
-6.148,-3.6542
-6.4379,-10.59
-6.4379,-10.59
-7.6637,-11.33
-6.2662,-11.473
-6.2662,-11.473
-6.2662,-11.473
-12.243,-12.56
-7.397,-10.557
-15.733,-12.541
-7.1005,-11.878
-7.4162,-14.188
-6.6611,-10.452
-7.6298,-10.859
-13.916,-12.703
-7.6084,-15.831
-13.916,-12.703
-7.6983,-16.551
-7.5798,-15.508
40.877,-8.025
37.872,-9.0028
36.962,-9.2952
26.48,-12.746
38.148,-9.0431
26.685,-12.725
40.266,-8.4113
39.412,-8.5884
27.53,-12.281
34.508,-10.091
26.977,-12.674
27.218,-12.5
30.04,-11.957
-12.243,-12.56
-7.1026,-11.878
40.392,-8.2985
33.958,-10.27
25.462,-13.087
29.079,-12.087
40.565,-8.1362
40.05,-8.0812
39.668,-8.5888
40.38,-8.1153
40.078,-8.0771
38.462,-8.6098
37.807,-9.02
27.14,-12.571
38.223,-9.0435
37.384,-9.1631
39.519,-8.3166
28.684,-12.259
-7.3544,-21.873
28.684,-12.259
-7.431,-21.907
38.089,-8.7987
-7.3544,-21.873
-7.3544,-21.873
-7.6983,-16.551
-7.2545,-21.697
28.684,-12.259
28.684,-12.259
-7.6415,-21.508
23.17,-13.881
-7.6983,-16.551
-7.6282,-21.87
-7.3876,-21.892
-7.3764,-21.48
28.684,-12.259
-7.6415,-21.508
-13.916,-12.703
28.699,-12.219
23.58,-13.727
28.684,-12.259
-7.262,-21.624
-7.3942,-21.895
-7.2545,-21.697
-7.6983,-16.551
36.282,-9.5081
-7.6424,-21.858
-7.6983,-16.551
-7.3968,-21.471
26.99,-12.694
33.625,-10.378
-7.6983,-16.551
-7.7236,-21.694
-7.6983,-16.551
28.684,-12.259
28.069,-12.646
-13.916,-12.703
-7.7067,-16.604
-7.6432,-21.509
-7.6983,-16.551
28.699,-12.219
35.388,-10.052
-7.7068,-16.604
-7.6983,-16.551
28.684,-12.259
-7.6984,-16.551
-7.6416,-21.508
-7.3544,-21.873
-7.4006,-21.469
37.128,-9.2424
28.684,-12.259
-7.6983,-16.551
28.684,-12.259
-6.1433,-14.861
-7.2817,-21.792
-7.6984,-16.551
-7.6983,-16.551
-7.3456,-21.5
-7.6983,-16.551
-7.6984,-16.551
-7.2969,-21.55
-13.916,-12.703
-7.5621,-22.213
-7.364,-21.488
-7.677,-21.822
-7.674,-21.541
-7.3859,-21.891
-7.6983,-16.551
28.684,-12.259
23.182,-13.873
-7.6983,-16.551
29.628,-11.997
39.156,-8.5299
-7.2555,-21.709
-7.6424,-21.858
-13.916,-12.703
-4.0048,-10.139
27.042,-12.549
-4.0048,-10.139
-4.0048,-10.139
-4.0048,-10.139
22.474,-14.13
-4.0048,-10.139
-3.9819,-10.143
-16.578,-12.849
-7.7214,-21.65
-7.6963,-21.575
-7.2914,-21.808
-7.6985,-21.579
-7.3876,-21.475
-7.6658,-21.835
-16.578,-12.849
-7.9127,-13.18
-7.2944,-21.813
-7.628,-21.87
-7.3063,-21.829
-7.6433,-21.509
-7.4758,-21.914
-7.6401,-21.86
-7.655,-21.847
-16.578,-12.849
-7.2554,-21.708
-7.6424,-21.858
-7.6424,-21.858
-7.2541,-21.683
-7.3398,-21.505
-7.2545,-21.697
-16.672,-12.884
-7.6417,-21.508
-7.4002,-21.469
-7.451,-22.217
-7.6414,-21.507
-16.578,-12.849
-7.6492,-21.514
-7.2858,-21.567
-7.2544,-21.694
-7.2667,-21.608
-7.3544,-21.873
-7.2565,-21.716
-7.6424,-21.858
-7.3267,-21.516
-7.262,-21.624
-7.3968,-21.471
-15.733,-12.541
-7.315,-21.528
-7.4119,-21.902
-7.292,-21.557
-7.7167,-21.74
-7.6424,-21.858
27.679,-12.651
-7.6658,-21.835
-16.578,-12.849
-7.364,-21.488
-7.6552,-21.847
-7.6417,-21.508
-7.6432,-21.509
-7.7238,-21.682
-7.6863,-11.081
-7.3664,-21.881
-7.6401,-21.86
-7.6423,-21.858
-7.6413,-21.507
-7.4092,-21.901
-7.4359,-21.909
-6.6092,-13.69
28.684,-12.259
-7.6413,-21.507
-6.2682,-10.813
-7.6424,-21.858
-7.6414,-21.507
-7.2707,-21.598
-16.578,-12.849
34.606,-10.075
-21.611,-10.024
-23.077,-10.797
-22.446,-10.975
-22.866,-11.87
-21.141,-11.871
34.606,-10.075
-22.446,-10.975
27.965,-12.074
27.965,-12.074
-22.929,-9.2293
-23.128,-11.796
-22.446,-10.975
-22.446,-10.975
27.965,-12.074
-21.295,-10.48
-22.446,-10.975
-23.326,-11.062
28.059,-12.379
-22.446,-10.975
-22.929,-9.2293
-25.285,-10.196
27.965,-12.074
-23.325,-11.061
27.965,-12.074
-23.408,-11.455
-22.929,-9.2293
-22.865,-11.87
-22.859,-10.756
27.965,-12.074
-23.325,-11.061
27.965,-12.074
27.965,-12.074
-22.86,-11.87
-23.325,-11.061
-23.325,-11.061
27.958,-12.098
28.836,-11.969
-22.399,-9.5881
-23.332,-11.074
-22.708,-10.788
-23.126,-11.797
27.965,-12.074
-8.8949,-11.708
-22.866,-11.87
-22.866,-11.87
-22.444,-10.977
27.945,-12.063
27.97,-12.09
-22.444,-10.977
-23.152,-11.782
-23.403,-11.475
-22.88,-11.87
-22.754,-11.859
-22.88,-11.87
-6.9511,-11.896
34.606,-10.075
-22.603,-10.839
-22.869,-11.87
27.965,-12.074
-23.645,-13.933
-22.353,-11.509
-22.353,-11.509
27.958,-12.098
-22.353,-11.509
-23.401,-11.25
-22.44,-10.982
34.606,-10.075
-22.442,-10.98
-23.408,-11.456
-23.398,-11.241
27.965,-12.074
-23.408,-11.452
-22.929,-9.2293
-23.357,-11.585
-23.357,-11.585
27.958,-12.098
27.965,-12.074
34.802,-10.028
-22.442,-10.98
29.508,-11.992
27.965,-12.074
27.965,-12.074
31.991,-10.923
-23.264,-11.698
-23.064,-9.5687
27.957,-12.049
-20.93,-11.297
-23.373,-11.166
27.965,-12.074
-23.373,-11.166
-23.373,-11.166
-23.405,-11.466
-22.327,-9.6044
-22.735,-11.854
-6.7021,-11.857
29.5,-11.979
-22.929,-9.2293
-23.373,-11.166
27.965,-12.074
34.606,-10.075
27.965,-12.074
-23.405,-11.466
-23.373,-11.166
-22.735,-11.854
-22.735,-11.854
-21.141,-11.871
27.965,-12.074
-22.77,-10.769
27.965,-12.074
-23.983,-12.982
-23.405,-11.466
-22.77,-10.769
-23.645,-13.933
27.965,-12.074
27.965,-12.074
-22.604,-10.839
27.958,-12.098
34.606,-10.075
27.965,-12.074
-22.327,-11.218
-24.304,-12.884
-25.285,-10.196
-22.43,-11.646
-23.143,-11.787
-6.7021,-11.857
-23.089,-10.803
-23.645,-13.933
-23.075,-10.795
-23.01,-11.846
-5.1505,-10.422
-25.285,-10.196
-22.861,-11.87
-22.537,-11.755
-23.983,-12.982
-23.645,-13.933
-23.324,-11.059
-25.123,-9.6994
-23.645,-13.933
-25.285,-10.196
-22.192,-13.049
-22.866,-11.87
-22.318,-11.287
-23.096,-10.806
-23.645,-13.933
-25.285,-10.196
-22.585,-11.789
-22.832,-11.869
-22.446,-10.974
-22.756,-10.773
-23.089,-10.803
-23.089,-10.803
-23.39,-11.517
-23.11,-10.814
37.391,-9.1555
-22.35,-11.501
-22.318,-11.286
-23.645,-13.933
-23.404,-11.47
-8.0996,-9.5674
-22.416,-11.627
-21.268,-10.536
-22.436,-11.654
-25.285,-10.196
-25.285,-10.196
-25.285,-10.196
-22.711,-10.787
-25.285,-10.196
-23.107,-10.812
-21.835,-9.8207
-22.394,-11.593
-25.285,-10.196
-23.408,-11.453
-23.226,-11.731
-23.408,-11.453
-25.285,-10.196
-21.42,-12.509
-23.645,-13.933
-23.409,-11.448
-23.983,-12.982
-22.571,-11.78
-22.868,-11.87
-22.446,-10.974
-22.868,-11.87
-21.193,-10.689
-22.538,-11.756
-22.192,-13.049
-22.87,-10.755
-22.321,-11.256
-25.285,-10.196
-25.285,-10.196
-20.9,-11.271
-25.285,-10.196
-22.384,-11.576
-25.618,-10.647
-23.102,-10.809
-22.318,-11.284
-25.285,-10.196
-22.325,-11.229
-23.645,-13.933
-25.285,-10.196
-22.868,-11.87
-22.331,-11.202
-23.132,-11.793
-24.304,-12.883
-22.745,-10.776
-21.392,-12.567
-22.597,-11.796
-22.873,-10.755
-22.84,-11.87
-22.967,-10.762
-3.6636,15.34
-22.472,-11.696
-22.333,-11.444
-22.696,-10.793
-25.285,-10.196
-25.285,-10.196
-23.326,-11.062
-24.388,-12.409
-22.325,-11.231
-21.392,-12.567
-22.631,-10.823
-23.409,-11.447
-23.327,-11.064
-22.34,-11.471
-23.645,-13.933
-23.406,-11.463
-22.869,-11.87
-23.407,-11.457
-23.187,-11.76
-22.012,-9.7161
-22.334,-11.45
-23.403,-11.474
-6.208,-11.307
-22.186,-13.047
-23.141,-11.788
37.391,-9.1556
-6.208,-11.307
-18,-10.116
-23.189,-11.758
37.391,-9.1556
-25.285,-10.196
-25.285,-10.196
-22.546,-11.762
-22.336,-11.184
-22.439,-11.658
-23.646,-13.933
-25.285,-10.196
-6.2004,-13.801
-22.545,-11.761
-22.755,-11.859
-22.319,-11.273
-22.319,-11.28
-6.0968,-3.2988
-23.324,-11.059
-22.541,-11.758
-22.392,-11.589
-23.123,-10.822
37.391,-9.1556
-23.207,-11.745
-25.285,-10.196
-22.6,-11.798
-22.441,-10.98
-22.348,-11.495
-23.154,-11.781
-22.544,-11.76
-23.154,-11.781
-22.337,-11.463
-25.285,-10.196
-22.544,-11.76
-23.123,-10.822
-22.186,-13.047
-6.2745,-11.489
-22.544,-11.76
-23.123,-10.822
-22.44,-10.982
-25.285,-10.196
-25.285,-10.196
-22.571,-11.779
-22.441,-10.98
-22.442,-10.979
-25.285,-10.196
-22.328,-11.215
-22.441,-10.98
-6.0968,-3.2988
-23.408,-11.455
-23.257,-10.95
-23.123,-10.822
-25.285,-10.196
-25.285,-10.196
-21.42,-12.509
-25.285,-10.196
-25.285,-10.196
-23.983,-12.982
-22.348,-11.495
-22.394,-11.593
-7.1108,-11.876
-23.408,-11.454
-23.645,-13.933
-25.285,-10.196
-6.2004,-13.801
-24.304,-12.883
-22.392,-11.589
-22.325,-11.23
-7.1108,-11.876
-23.223,-11.733
-23.175,-11.768
-22.325,-11.23
-25.285,-10.196
-25.285,-10.196
-22.445,-10.975
-23.408,-11.454
-23.406,-11.463
-25.285,-10.196
-22.696,-10.793
-22.446,-10.975
-25.574,-10.63
-22.542,-11.759
-22.321,-11.257
-21.392,-12.567
-23.098,-10.807
-22.603,-10.839
-22.603,-10.839
-22.538,-11.755
-22.338,-11.465
-22.327,-11.22
-23.645,-13.933
-23.181,-11.763
-22.757,-10.772
-23.409,-11.451
-25.285,-10.196
-25.285,-10.196
-23.983,-12.982
-22.893,-11.869
-22.746,-10.776
-6.939,-11.146
-23.096,-10.806
-23.181,-11.763
-24.304,-12.883
-22.411,-11.619
-23.326,-11.063
-6.0968,-3.2988
-23.189,-11.758
-22.012,-9.7159
-25.285,-10.196
-22.833,-10.758
-23.236,-11.723
-22.186,-13.047
-23.645,-13.933
-20.93,-11.297
-23.081,-10.798
-22.709,-10.788
-22.954,-11.861
37.391,-9.1556
-21.392,-12.567
-23.875,-9.5441
-22.748,-10.775
-22.447,-10.973
-22.865,-11.87
-23.645,-13.933
-21.634,-10.001
-22.865,-11.87
-22.571,-11.78
-23.326,-11.063
-23.088,-10.802
-25.285,-10.196
-24.388,-12.409
-25.285,-10.196
-23.234,-11.725
-25.285,-10.196
-23.212,-11.742
-25.042,-9.4873
-23.327,-11.064
-23.983,-12.982
-7.462,-11.681
-22.335,-11.184
-22.325,-11.23
-23.645,-13.933
-25.285,-10.196
-25.285,-10.196
-25.285,-10.196
-7.1775,-11.857
-6.2005,-13.801
-23.092,-10.804
-22.436,-11.654
-25.562,-10.643
37.214,-9.2133
-25.618,-10.647
-22.318,-11.284
-22.318,-11.284
-25.285,-10.196
-23.102,-10.809
-23.645,-13.933
-23.233,-11.725
-23.147,-11.785
-22.349,-11.5
-25.285,-10.196
-23.39,-11.517
-20.93,-11.297
-22.595,-11.795
-22.595,-11.795
-22.192,-13.049
-23.097,-10.806
-25.285,-10.196
-23.409,-11.449
-25.423,-9.4828
-21.507,-10.13
-6.8948,-11.895
-25.285,-10.196
-22.673,-10.802
-23.327,-11.064
-22.442,-10.979
-23.645,-13.933
-22.332,-11.444
-23.099,-11.811
-23.645,-13.933
-25.285,-10.196
-24.304,-12.883
-25.562,-10.643
-23.313,-11.038
-22.602,-10.839
-6.7938,-13.096
-23.321,-11.054
-23.337,-11.085
-22.747,-10.775
-22.88,-11.87
-22.318,-11.285
-22.369,-11.547
-25.285,-10.196
-23.073,-10.795
-23.073,-10.795
-23.407,-11.461
-18,-10.116
-23.405,-11.466
37.391,-9.1556
-23.405,-11.466
-23.405,-11.466
-21.323,-10.318
-22.714,-10.786
-21.392,-12.567
-25.285,-10.196
-22.714,-10.786
-24.388,-12.409
-25.614,-10.634
-22.714,-10.786
-7.5813,-11.528
-5.2729,-12.79
-7.5932,-7.8798
-7.3708,-10.536
-7.3968,-21.471
-7.3544,-21.873
34.509,-10.087
-7.3308,-21.854
-8.9128,-11.451
-7.7234,-21.67
-7.2914,-21.808
-7.7084,-21.766
-7.6651,-21.53
-7.6424,-21.858
-7.3968,-21.471
28.694,-12.223
-7.6854,-21.557
-11.053,-9.6481
-5.5536,-7.9677
-11.053,-9.6481
-11.053,-9.6481
-11.042,-9.6442
-11.053,-9.6481
-11.038,-9.6453
-11.053,-9.6481
-11.053,-9.6481
-11.053,-9.6481
-11.053,-9.6481
-11.053,-9.6481
-11.04,-9.644
-3.663,15.339
-3.151,-12.75
25.142,-13.195
22.501,-14.119
28.059,-12.379
-5.6845,-7.6884
-7.6641,-11.328
35.376,-10.081
28.052,-12.4
-6.2722,-11.485
28.059,-12.379
32.429,-10.788
-7.1005,-11.878
19.914,-14.747
29.501,-11.989
22.49,-14.124
-6.9394,-10.396
28.059,-12.379
28.059,-12.379
-6.2535,-11.446
-8.2367,-9.6642
-7.1245,-10.416
19.914,-14.747
28.059,-12.379
-7.6641,-11.328
33.513,-10.415
28.059,-12.379
23.202,-13.869
-6.6575,-10.453
-9.8424,-11.186
-4.0396,-11.425
28.059,-12.379
-6.8779,-11.893
-7.6801,-11.029
-7.6801,-11.029
28.059,-12.379
-5.6845,-7.6884
-6.2295,-10.908
28.059,-12.379
28.059,-12.379
-6.8625,-11.892
27.935,-12.065
-7.3239,-10.503
-6.1971,-11.245
22.49,-14.124
23.202,-13.869
19.917,-14.752
19.889,-14.754
28.059,-12.379
-6.8625,-11.892
28.059,-12.379
-6.1126,-8.5699
-6.1907,-11.149
28.059,-12.379
30.201,-11.916
-6.1907,-11.149
-6.1907,-11.149
-8.2416,-9.6685
-6.6512,-10.456
-6.6512,-10.456
-6.4119,-11.677
-7.5026,-10.661
22.49,-14.124
28.059,-12.379
39.087,-8.6993
-7.5026,-10.661
-6.1907,-11.149
19.909,-14.748
-3.2813,-13.079
28.059,-12.379
-5.6844,-7.6884
-6.6119,-11.82
28.056,-12.398
-6.1907,-11.149
19.914,-14.747
34.801,-10.028
28.059,-12.379
-6.1909,-11.163
39.802,-8.5787
-5.6845,-7.6884
-7.3383,-10.513
-7.3948,-11.74
28.059,-12.379
-6.2683,-10.813
-7.6879,-11.104
28.052,-12.4
-7.3383,-10.513
28.147,-12.53
34.707,-10.043
-7.2541,-21.68
-7.6942,-21.571
-7.3699,-21.484
-7.2839,-21.571
-7.3477,-21.499
-7.6482,-21.853
-7.6589,-21.524
-7.3477,-21.499
-7.2545,-21.67
-7.7198,-21.726
-7.7197,-21.64
-7.6657,-21.835
-7.7238,-21.683
-7.5056,-21.058
-7.3308,-21.854
-7.3477,-21.499
-7.6657,-21.835
-7.2545,-21.67
28.479,-12.185
-7.3477,-21.499
-7.6416,-21.508
-7.6942,-21.571
-7.7238,-21.683
-7.6657,-21.835
-7.3308,-21.854
-7.3308,-21.854
-7.3544,-21.873
-7.72,-21.724
-7.3764,-21.48
-7.5056,-21.058
-7.6416,-21.508
-7.6657,-21.835
-7.2545,-21.697
-7.3307,-21.512
-7.3308,-21.854
-7.2545,-21.697
-7.6416,-21.508
-7.7238,-21.683
23.914,-13.644
-7.3544,-21.873
-7.6416,-21.508
-7.7197,-21.64
-7.3099,-21.534
-7.643,-21.509
-5.7868,0.21875
-5.7868,0.21875
-5.5473,0.19954
-5.7868,0.21875
-5.7868,0.21875
-5.7868,0.21875
-5.7868,0.21875
-5.5473,0.19951
22.085,-14.258
-5.7868,0.21875
-5.7868,0.21875
-5.7666,0.71199
-5.5473,0.19954
-6.3054,0.75373
-5.7868,0.21875
-5.7868,0.21875
-5.7868,0.21875
-5.7868,0.21875
-5.5473,0.19954
27.411,-12.671
-5.5473,0.19954
-5.3825,0.61807
-5.5473,0.19954
-5.7868,0.21875
-5.7868,0.21875
-5.7868,0.21875
-5.7868,0.21875
-5.7868,0.21875
-5.7868,0.21875
-5.7868,0.21878
-5.7868,0.21875
-5.3879,0.62111
-5.5473,0.19954
-5.7868,0.21875
-5.5473,0.19951
-5.7868,0.21875
-5.5473,0.19954
-5.7868,0.21875
-5.7868,0.21875
-5.7868,0.21875
-5.7868,0.21875
-5.7868,0.21875
-5.7666,0.71199
22.122,-14.247
-5.3871,0.61953
20.805,-14.586
-5.8683,0.66334
-5.7868,0.21875
-5.7868,0.21875
-5.7868,0.21875
-5.7868,0.21875
-5.5473,0.19954
-5.3888,0.62113
-5.5473,0.19954
34.885,-10.03
37.697,-9.052
-7.3373,-10.512
-9.8424,-11.186
31.99,-10.925
-6.1126,-8.5699
-10.002,-11.146
-7.3229,-10.502
31.467,-11.131
-5.6844,-7.6884
-3.2813,-13.079
38.867,-8.8431
40.556,-8.1395
-9.9869,-11.107
-9.1268,-11.123
-4.3892,-11.821
-9.8424,-11.186
35.363,-10.061
40.157,-8.0713
-4.8043,-12.091
-9.8424,-11.186
-5.6844,-7.6884
35.364,-10.061
-5.6844,-7.6884
-11.372,-9.6241
-11.49,-9.6119
-5.0561,-12.581
-5.0561,-12.581
20.418,-31.03
25.481,-13.077
23.18,-13.899
25.492,-13.075
17.458,-30.466
-3.6636,15.336
36.763,-9.3533
-3.6664,15.326
-3.6664,15.326
-3.6664,15.326
-3.6664,15.326
-3.6664,15.326
-3.6664,15.326
30.405,-11.526
40.499,-8.1614
36.762,-9.3534
34.711,-10.028
29.46,-11.559
34.71,-10.033
29.976,-11.895
17.353,-28.607
23.913,-13.581
30.741,-11.758
40.062,-8.0801
37.598,-9.0844
-27.275,13.369
23.913,-13.581
39.974,-8.5418
30.406,-11.51
-27.079,13.713
30.324,-11.18
30.319,-11.262
35.734,-9.9856
39.63,-8.2417
35.581,-9.495
30.5,-11.632
39.336,-8.5949
37.478,-9.1303
38.964,-8.7818
30.319,-11.262
35.581,-9.4946
-27.183,13.011
35.58,-9.4974
35.735,-9.9858
-7.6427,-10.89
-8.9097,-10.998
-6.9174,-10.396
16.423,-30.182
-7.5673,-11.551
-7.5673,-11.551
-6.9194,-11.896
-8.8977,-10.942
-7.3533,-11.77
-6.4893,-9.2536
-24.472,14.629
-6.7006,-11.857
-8.9694,-11.77
-4.5915,-10.659
-24.472,14.629
-7.6721,-11.295
-7.6721,-11.295
-24.472,14.629
-7.4908,-10.647
-7.6494,-10.909
-7.1017,-11.878
-4.8379,-12.109
-24.419,14.613
-7.3884,-10.55
-24.472,14.629
-6.9174,-10.396
-7.4788,-10.634
-16.321,-11.419
-16.321,-11.419
30.33,-11.174
39.949,-8.5487
30.406,-11.51
40.211,-8.0707
38.228,-8.7099
40.081,-8.5057
36.762,-9.3534
40.729,-8.0715
39.066,-8.7059
40.801,-8.046
38.443,-9.0164
34.44,-10.099
35.581,-9.4943
-0.34651,-10.497
-8.3705,-12.507
-7.6879,-11.105
20.883,-14.702
27.905,-12.735
-26.86,13.828
-1.5533,-9.9212
-8.5281,-8.8844
-4.5426,-8.9797
-7.6879,-11.105
-8.5281,-8.8844
-3.3704,-8.9361
23.349,-13.813
0.56724,-11.078
0.60869,-10.527
24.853,-13.298
31.294,-11.256
21.884,-14.328
23.338,-13.818
-2.1757,-8.373
23.797,-13.664
-6.1921,-11.102
-24.366,13.372
-3.4346,-8.9459
-5.9059,-9.192
-4.4644,-9.6178
22.752,-14.032
-7.3176,-11.793
22.881,-13.939
26.121,-12.877
-5.6884,-7.8811
23.767,-13.77
-7.2367,-8.0302
0.53884,-11.109
0.5303,-11.058
-10.744,-7.9022
-2.5601,-10.184
0.53026,-11.058
23.866,-13.76
0.56849,-11.079
24.54,-13.405
0.53027,-11.058
-2.4754,-10.185
27.738,-12.691
-1.4196,-9.9931
0.56849,-11.079
-6.2065,-9.1014
-2.5248,-10.199
0.83192,-10.414
-2.5647,-10.217
23.81,-13.595
-7.3908,-7.8167
-1.694,-9.8827
-4.4645,-9.6179
-7.4832,-11.66
0.53027,-11.058
-1.2841,-9.9853
0.53027,-11.058
-7.3908,-7.8167
-1.5578,-9.9129
-2.6995,-10.326
-8.5281,-8.8843
-0.69664,-10.242
27.134,-12.708
-6.4943,-11.748
36.216,-9.5433
23.589,-13.726
18.192,-31.921
-0.49374,-11.593
-4.9324,-11.005
-5.0619,-14.052
23.725,-13.708
-6.4943,-11.748
-3.2575,-9.5054
23.904,-13.635
0.089001,-10.183
-6.4129,-11.678
0.5303,-11.058
24.024,-13.592
-6.6463,-13.456
-1.6356,-9.7448
0.53884,-11.109
26.17,-12.861
0.53026,-11.058
28.343,-12.794
27.241,-12.605
0.63513,-11.722
0.51483,-11.073
0.53027,-11.058
-7.0907,-10.409
38.441,-9.023
-7.0907,-10.409
20.834,-14.648
-6.3968,-11.661
-4.0404,-9.5409
-6.1921,-11.102
-0.219,-10.478
-6.6463,-13.456
23.873,-13.749
24.951,-13.262
39.731,-8.1848
-8.5281,-8.8844
-2.5248,-10.199
-4.5425,-8.9796
23.515,-13.683
23.217,-13.831
-4.5723,-8.9852
-2.4086,-10.197
-17.925,-9.5622
23.604,-13.721
0.2371,-11.441
25.601,-13.036
-0.21011,-10.554
0.24015,-11.123
-6.1921,-11.102
-2.5633,-10.217
23.818,-13.65
20.828,-14.652
-7.1311,-11.871
18.344,-27.075
0.53026,-11.058
-7.6625,-10.949
-8.5281,-8.8843
26.289,-12.821
-6.1921,-11.102
-2.4879,-10.226
-4.7251,-9.0109
-10.741,-7.9236
-4.7251,-9.011
0.59536,-10.608
-7.0819,-7.7614
-7.0907,-10.409
-9.1205,-13.611
-26.778,13.846
30.181,-11.834
-5.5889,-9.4634
27.41,-12.647
0.53028,-11.058
-2.5693,-10.213
0.53884,-11.109
17.979,-32.196
33.962,-10.269
23.444,-13.78
23.123,-13.904
0.56441,-11.277
-1.059,-10.08
-10.696,-16.397
24.138,-13.549
0.5303,-11.058
-4.892,-8.9548
-2.1757,-8.373
-1.6294,-9.8224
33.07,-10.563
32.78,-10.666
-11.971,-12.656
0.5303,-11.058
-9.1154,-12.666
26.646,-12.756
0.57879,-11.084
20.482,-14.708
-8.3315,-5.2628
30.406,-11.51
37.515,-9.116
38.878,-8.5401
39.766,-8.169
37.034,-9.2679
34.441,-10.098
38.816,-8.5471
39.172,-8.539
38.677,-8.9391
40.651,-8.101
39.092,-8.6913
30.324,-11.18
30.319,-11.262
30.325,-11.205
35.581,-9.4947
35.736,-9.9856
34.396,-10.115
35.58,-9.4973
37.598,-9.0843
17.458,-30.466
-2.0444,-8.5276
-9.5179,-10.031
-1.5834,-9.2944
-3.0499,-10.601
-27.278,13.31
-2.1756,-8.373
-24.484,13.377
36.197,-9.545
-2.1757,-8.373
15.738,-29.165
-24.343,13.401
-2.1757,-8.373
33.603,-10.387
-2.1757,-8.373
-11.36,-5.5469
20.951,-14.269
17.353,-28.607
24.462,-13.428
-10.747,-7.9304
-8.2047,-8.1797
-11.307,-8.2518
21.858,-14.53
-2.0481,-8.4801
-11.648,-8.1485
38.09,-8.7999
35.58,-9.4967
40.653,-8.1007
35.737,-9.9858
35.39,-10.058
38.789,-8.544
30.319,-11.262
34.35,-10.133
35.734,-9.9853
36.048,-9.6752
38.552,-8.5877
35.58,-9.4974
30.32,-11.182
30.323,-11.149
35.735,-9.9857
38.869,-8.5413
36.763,-9.3532
37.579,-9.0918
39.629,-8.2414
35.58,-9.4973
30.317,-11.202
37.641,-9.0721
37.939,-8.955
30.319,-11.262
36.972,-9.2892
30.319,-11.262
35.581,-9.4948
35.58,-9.4974
30.325,-11.207
35.58,-9.4973
35.58,-9.4978
35.58,-9.4973
40.283,-8.3987
30.319,-11.262
36.762,-9.3534
38.563,-8.5855
35.58,-9.4973
35.735,-9.9858
30.319,-11.262
30.319,-11.262
20.228,-29.479
37.506,-9.1172
20.529,-29.399
35.58,-9.4973
30.319,-11.262
-25.129,12.3
-24.146,10.52
17.371,-30.089
15.954,-28.627
29.642,-12.002
17.949,-27.147
-7.3078,-8.9978
15.563,-30.167
15.913,-28.449
24.635,-13.37
31.875,-10.92
-8.3278,-5.2571
21.033,-15.167
23.953,-13.736
-4.4546,-8.9207
17.999,-27.052
31.5,-11.07
24.361,-13.474
18.1,-27.163
17.808,-27.085
-4.2504,-11.046
33.902,-10.289
30.324,-11.904
24.169,-13.558
23.61,-13.758
15.659,-29.275
24.11,-13.644
17.024,-31.489
15.339,-29.349
25.219,-13.169
22.976,-13.891
15.944,-28.389
17.532,-30.497
23.519,-13.824
32.277,-10.818
17.353,-28.607
30.321,-11.215
37.598,-9.0845
34.441,-10.098
30.319,-11.262
35.581,-9.4948
36.762,-9.3534
30.406,-11.51
36.049,-9.6751
30.319,-11.262
35.58,-9.4974
35.58,-9.4974
30.316,-11.207
40.884,-8.0229
40.239,-8.0741
35.58,-9.4961
30.319,-11.262
36.763,-9.3533
41.015,-7.9805
30.321,-11.203
36.762,-9.3534
35.58,-9.4974
35.734,-9.9856
37.939,-8.955
35.392,-10.059
30.319,-11.262
30.319,-11.262
34.441,-10.098
35.734,-9.9856
35.734,-9.9853
35.58,-9.4974
34.441,-10.098
30.319,-11.262
30.319,-11.262
34.441,-10.098
35.58,-9.4973
35.581,-9.4966
35.58,-9.4973
30.406,-11.51
35.58,-9.4973
35.58,-9.4974
40.064,-8.5117
35.58,-9.4973
35.58,-9.4973
35.58,-9.4973
30.319,-11.262
35.58,-9.4974
30.406,-11.51
30.319,-11.262
35.58,-9.4974
36.762,-9.3534
20.498,-30.628
34.28,-10.165
30.988,-11.158
17.109,-32.468
35.858,-9.9238
29.531,-11.536
34.565,-10.048
23.719,-13.774
36.605,-9.4034
36.364,-9.4807
18.243,-29.263
17.024,-31.489
26.683,-12.635
-14.909,-6.7948
-16.345,-5.1923
-16.345,-5.1928
-12.205,-11.953
-14.909,-6.7948
-5.1835,19.606
5.594,8.8763
5.6004,8.8849
5.5942,8.8752
11.751,23.586
5.7702,8.5026
-16.8,0.4658
2.5186,8.296
5.7818,8.4926
5.8222,8.4291
-7.596,22.98
6.1559,9.2545
-15.861,-2.3501
-15.861,-2.3493
-15.861,-2.3501
2.5206,8.2969
-7.5915,22.973
2.4916,8.2906
2.5216,8.2972
2.5213,8.2971
2.5215,8.2972
2.4922,8.2908
2.4922,8.2907
2.5206,8.2967
2.4906,8.2905
2.4917,8.2907
2.4917,8.2907
2.4917,8.2907
2.4917,8.2907
2.4924,8.2909
2.4913,8.2909
2.4913,8.2904
2.5207,8.2966
2.5208,8.2969
2.5215,8.2972
2.4917,8.2907
-4.2777,19.895
-4.2749,19.895
11.907,21.819
5.6203,8.8756
-16.8,0.46592
-3.644,15.291
-5.526,33.503
-24.867,35.992
-24.866,35.992
-24.868,35.991
-24.868,35.987
-23.366,35.447
-23.363,35.441
-23.364,35.442
-23.364,35.441
-3.5071,13.756
-3.9203,13.544
-3.9134,13.487
-3.7529,14.366
4.8173,8.6917
-7.4806,12.3
-7.4805,12.3
-7.4808,12.3
-7.4808,12.3
-7.5913,22.973
-1.6372,13.805
-1.6401,13.807
-1.6336,13.802
-1.5303,23.641
-0.25096,15.036
-0.24813,15.037
-4.3914,17.703
13.484,21.303
13.469,21.341
11.655,21.943
-0.43217,17.942
-0.43461,17.953
-1.9044,16.472
-1.1074,18.482
12.666,20.934
-7.5975,22.979
-7.5909,22.974
12.278,23.111
-15.861,-2.3503
-15.861,-2.3504
-15.861,-2.3504
-15.863,-2.3436
-15.862,-2.3445
-15.861,-2.3503
-15.861,-2.3503
-15.861,-2.3504
-15.862,-2.3474
-15.861,-2.3501
4.0481,10.322
-12.801,-0.87488
-3.9133,13.488
-3.928,13.522
-3.9132,13.488
-3.9284,13.521
-3.663,15.275
-7.5921,22.973
11.799,21.68
12.661,20.97
11.403,22.582
11.532,22.229
11.57,22.271
12.667,20.824
11.408,22.612
12.692,20.931
12.662,20.98
-5.6419,32.516
-7.6004,22.978
-3.4027,34.476
-2.5476,33.738
-0.31644,18.921
-0.31637,18.918
-1.1581,17.903
-2.9951,17.51
-3.0462,17.554
-2.3544,16.889
-3.3832,16.675
-0.88837,16.595
5.4892,8.6376
5.4794,8.6327
5.4807,8.636
5.4584,8.6058
-7.5954,22.98
-7.595,22.98
-5.1831,19.609
-16.8,0.4661
4.0002,10.368
3.9985,10.37
-2.4597,34.592
12.507,22.296
11.481,22.508
-2.4777,34.441
13.079,22.95
13.817,23.035
13.837,23.036
-2.4225,34.573
-16.8,0.46643
-16.8,0.46593
-16.8,0.46643
-16.8,0.46644
-16.8,0.46643
-16.8,0.46592
-6.6589,17.111
-6.6589,17.111
-6.6572,17.111
-6.6586,17.111
-6.832,15.938
-6.8343,15.937
-6.6554,17.111
-6.6556,17.111
-2.4777,34.441
-2.356,34.138
-2.4448,34.657
12.312,23.297
-7.5961,22.98
-7.5953,22.979
-7.5954,22.979
-5.7895,32.638
13.067,22.882
13.071,22.891
-2.495,33.056
-4.3432,8.4004
10.014,20.445
12.253,23.334
12.844,21.156
-2.3116,34.816
3.9929,10.385
3.9928,10.385
3.9929,10.385
3.9918,10.386
-16.8,0.46593
-16.8,0.46591
-16.8,0.46592
-16.8,0.46593
-16.8,0.46593
-16.8,0.46593
-16.8,0.46592
-16.8,0.46592
-16.8,0.46592
-16.8,0.46593
-16.8,0.46592
-16.8,0.46592
-16.8,0.46593
-16.8,0.46594
-16.8,0.46589
-16.8,0.46592
-16.8,0.46593
-16.8,0.46593
-16.8,0.46592
-16.801,0.46664
-16.8,0.46592
-16.8,0.46593
-16.8,0.46594
-16.8,0.46592
-16.8,0.46592
-16.8,0.46593
-16.8,0.46592
-16.8,0.46592
-16.8,0.46592
-16.8,0.46592
-16.8,0.46594
-16.8,0.46594
-16.8,0.46595
-16.8,0.46591
-16.8,0.46592
-16.8,0.46592
-3.2869,28.218
-1.5312,23.643
-20.514,34.695
-21.659,37.342
-2.5251,33.514
-2.5461,33.522
-2.5435,33.527
13.673,22.452
11.741,23.231
-7.5958,22.98
-7.5955,22.98
-7.5958,22.98
12.844,21.156
11.663,22.486
-2.5461,33.522
-2.5075,33.49
-2.4736,33.467
-2.527,33.495
-2.4873,33.484
-2.4424,33.405
-1.8836,11.33
-1.8836,11.33
-1.8834,11.33
10.016,20.446
12.901,22.669
11.905,23.047
10.012,20.443
12.845,21.14
-5.7637,32.651
-0.31602,18.922
-2.879,33.851
-0.31929,18.92
-0.31862,18.919
-0.31077,18.927
11.728,23.257
5.439,8.6979
5.4506,8.7145
5.4506,8.7145
-2.1074,33.599
12.743,21.079
12.657,20.968
12.662,20.95
12.655,20.95
12.648,20.929
12.661,20.981
12.664,20.965
12.661,20.942
12.647,20.934
12.665,20.96
12.661,20.949
12.281,21.442
12.663,20.954
12.659,20.967
12.664,20.965
12.654,20.965
12.662,20.98
12.661,20.972
12.657,20.966
12.691,20.937
12.664,20.955
12.657,20.957
12.662,20.98
12.668,20.989
12.661,20.951
12.659,20.953
12.66,20.961
12.664,20.965
12.658,20.964
12.66,20.968
12.658,20.968
12.692,20.931
-2.5461,33.522
-2.5461,33.522
-2.5461,33.522
-24.69,38.8
-0.31862,18.919
-0.31612,18.923
-0.31189,18.925
-0.31862,18.919
-0.3169,18.919
-2.5461,33.522
-0.31862,18.919
-0.31594,18.922
-0.31594,18.922
-0.31602,18.922
-0.31412,18.924
-2.5102,33.439
-2.5861,33.715
-0.31587,18.923
-2.5098,33.762
-2.3217,33.838
-2.3778,33.402
-3.6457,15.109
-2.2125,33.392
-0.31675,18.923
-4.5889,32.513
-1.7315,33.915
-0.31862,18.919
-4.3433,8.3995
4.0461,9.1042
4.0462,9.1042
4.0461,9.1042
-1.5321,23.639
-1.5319,23.639
-1.5317,23.639
-1.5319,23.639
-1.5319,23.639
-1.5321,23.639
13.545,22.142
13.672,22.458
13.686,22.466
13.057,22.864
-0.92536,34.169
-1.5268,35.102
-0.8994,33.937
-3.1048,33.743
-1.8363,33.777
-1.7603,33.827
-1.6788,33.913
-2.1793,32.95
-1.5901,32.375
-2.9953,33.714
-3.0055,33.771
13.053,22.884
13.669,22.45
13.667,22.449
13.671,22.458
13.667,22.457
13.661,22.452
13.675,22.453
12.881,22.809
13.686,22.464
13.683,22.458
13.075,22.922
13.066,22.93
13.667,22.457
13.67,22.443
13.674,22.465
-5.7811,32.653
-7.5916,22.973
-0.31675,18.923
-4.7152,32.44
-0.31449,18.919
-0.31509,18.922
-0.31309,18.922
-4.5991,32.42
-2.1133,14.118
-5.8859,22.198
11.515,22.465
12.311,23.363
-2.5025,33.392
-2.4884,33.5
-2.2007,33.274
-4.5397,32.509
-4.5397,32.509
-4.5397,32.509
-4.59,32.496
-5.7866,32.644
-0.31572,18.92
11.935,22.054
11.958,22.059
12.151,22.414
12.151,22.401
-2.4992,33.449
-2.445,33.393
-2.3457,33.306
-3.1392,33.721
-7.5724,22.959
12.668,20.774
-15.853,-2.4679
-15.853,-2.468
-0.31547,18.921
-24.031,38.974
-23.962,38.101
-23.246,38.635
-23.034,38.713
-23.178,38.643
-23.033,38.71
-23.033,38.71
-23.033,38.71
-23.033,38.71
-23.896,38.666
-23.242,38.624
-23.608,38.948
-23.443,39.094
-23.608,38.948
-23.443,39.094
-23.608,38.948
-23.608,38.948
-23.608,38.948
-23.608,38.948
-23.178,38.643
-23.178,38.643
-23.178,38.643
-23.608,38.948
-23.608,38.948
-23.608,38.948
-23.178,38.643
-23.178,38.643
-23.178,38.643
-22.79,38.802
-22.913,38.778
-22.915,38.783
-23.178,38.643
-23.034,38.713
-23.034,38.713
-23.608,38.948
-23.608,38.948
-23.608,38.948
-23.608,38.948
-23.608,38.948
-23.608,38.948
-23.608,38.948
-23.608,38.948
-22.805,38.842
-22.805,38.842
-23.441,38.514
-23.225,38.633
-23.889,38.273
-23.441,38.514
-23.889,38.273
-23.897,38.665
-23.889,38.273
-23.225,38.633
-23.889,38.273
-23.889,38.273
-23.889,38.273
-23.225,38.633
-23.239,38.633
-23.239,38.633
-23.889,38.273
-23.441,38.514
-23.889,38.273
-23.897,38.665
-23.896,38.666
-23.178,38.643
-23.178,38.643
-23.441,38.514
-23.016,38.609
5.4445,8.7081
-5.1825,19.609
-5.1825,19.609
-5.1825,19.609
-5.1825,19.609
-5.1825,19.609
-5.1825,19.609
-5.1828,19.609
-5.1826,19.609
-5.1833,19.609
-5.1827,19.609
-5.1825,19.609
-5.1824,19.609
-5.1825,19.609
-5.1826,19.609
-5.1826,19.609
-5.1824,19.609
-5.1824,19.609
-5.1826,19.609
-5.1825,19.609
-5.1825,19.609
-5.1825,19.609
-5.1825,19.609
-5.1825,19.609
-5.1825,19.61
-5.1821,19.608
-2.2853,31.968
11.9,22.033
12.666,20.96
-0.27556,18.957
12.666,20.934
-2.3891,31.913
-2.1207,34.118
-2.4811,34.071
-2.4362,33.501
-2.7262,33.201
-2.7076,33.17
-3.0378,33.651
-23.125,37.968
-5.7788,32.648
-2.1226,33.868
-0.30414,18.928
-23.972,38.909
-23.972,38.909
-4.6814,32.403
-7.5919,22.973
-4.5717,32.498
-4.5876,32.493
11.49,22.455
12.658,20.968
11.494,22.458
-0.31311,18.922
-0.31315,18.922
-0.3168,18.922
-2.3479,34.527
11.951,22.088
-2.4793,33.759
-4.3459,8.3961
-0.3136,18.922
-0.3136,18.922
-0.31448,18.92
-0.31448,18.92
-15.792,-3.0951
-24.86,35.99
-2.1453,33.604
11.529,22.312
-23.922,39.356
-23.908,39.24
-23.908,39.24
-23.908,39.24
-23.908,39.24
-23.869,39.487
-24.989,37.635
-22.615,38.535
-23.889,38.273
-23.091,39.118
-2.4934,33.483
-1.9902,33.515
-1.9467,33.496
-2.5461,33.522
-2.5082,33.545
-2.4102,33.525
-2.4791,33.495
-2.5244,33.49
-2.4206,33.371
-2.1841,33.336
-2.1594,33.293
-2.1894,33.336
-2.743,33.388
-2.8677,33.35
-1.9818,33.396
-2.6962,33.548
-0.32094,18.917
-0.31995,18.918
-0.31995,18.918
-0.31995,18.918
5.5743,8.8882
5.5721,8.8885
-0.3021,18.926
-0.29937,18.929
-0.30931,18.93
12.393,22.618
10.013,20.445
-2.0343,33.78
-2.1117,33.189
13.83,21.748
-5.5336,33.593
11.849,21.813
-5.7844,32.65
-5.7871,32.652
-3.4707,22.285
-3.5087,21.473
-3.8018,15.825
-5.167,19.631
-5.1595,19.628
-2.2723,33.932
-4.6493,32.068
-4.8199,31.692
-0.30702,18.926
11.851,22.074
-12.811,-0.86508
12.185,23.774
12.065,22.627
12.051,22.962
12.242,23.086
12.223,23.082
12.315,23.12
12.329,23.247
11.903,23.026
12.001,23.033
12.239,22.811
12.186,23.711
12.202,23.338
11.717,23.326
12.225,23.026
12.223,22.998
12.184,22.986
11.802,23.196
12.163,23.466
12.226,23.045
11.761,23.571
12.336,22.709
12.27,23.166
11.807,23.557
11.785,23.493
11.74,23.244
12.23,23.12
11.832,23.179
12.345,23.339
12.282,23.017
11.772,23.5
12.445,23.603
11.834,23.127
11.82,23.155
12.308,23.262
12.314,23.371
12.221,23.089
12.299,23.073
12.219,23.022
12.013,22.985
12.206,22.997
12.187,23.025
12.243,23.368
11.863,23.551
11.806,23.122
11.829,23.576
11.813,23.116
11.768,23.242
11.841,23.187
12.312,23.12
12.219,23.48
11.82,23.016
11.749,23.189
11.798,23.133
11.909,23.021
12.353,23.373
12.31,23.417
12.278,23.168
12.217,23.085
11.638,23.227
12.257,23.327
12.252,23.047
11.755,23.283
11.852,23.094
11.863,23.062
12.23,23.402
11.75,23.28
12.288,23.573
12.593,23.258
11.822,23.108
12.272,23.321
12.263,23.142
11.828,23.222
11.888,23.054
11.856,23.311
12.222,23.527
12.166,23.433
11.761,23.218
11.837,23.069
12.273,23.123
12.286,23.462
12.291,23.404
-0.31247,18.924
-0.31553,18.922
12.236,23.339
12.371,23.21
11.886,23.037
11.999,23.069
12.231,23.332
12.269,23.118
12.323,23.203
11.798,23.178
12.268,23.304
12.286,23.037
-0.31343,18.925
5.683,8.9758
-3.0716,33.341
-2.9911,33.169
-3.028,33.929
-2.3479,34.527
11.823,23.124
11.74,23.204
12.31,23.323
11.934,23.045
12.205,23.02
11.855,23.571
12.253,23.006
12.248,23.112
11.903,23.412
12.328,23.08
12.596,22.788
11.8,23.099
11.69,22.651
11.546,22.447
11.372,22.513
11.502,22.458
13.078,22.281
-4.6542,32.372
-24.238,38.934
12.183,23.049
12.199,23.056
12.332,23.057
12.284,23.466
12.134,23.44
12.051,22.962
12.681,23.58
12.313,23.215
12.054,23.825
11.97,22.971
11.931,23.002
5.5987,8.9041
-0.31527,18.924
-21.673,37.35
13.837,21.699
12.664,20.974
12.223,23.005
11.763,23.483
11.688,23.364
11.417,22.717
12.321,23.197
11.681,22.585
11.533,22.806
-2.3506,33.114
-2.2754,33.051
-2.3841,33.091
-2.3249,33.056
-1.813,33.241
-4.6424,32.091
-7.4846,12.297
-0.30565,18.929
-0.30939,18.926
-3.2898,28.263
13.978,22.762
13.761,21.643
-15.791,-3.0975
-5.7637,32.651
-5.9119,22.194
-5.9228,22.178
-0.2963,18.938
-0.31669,18.918
-0.30723,18.93
-5.5522,33.637
-5.5568,33.639
-5.5499,33.637
-5.5554,33.631
-5.5483,33.654
-5.5522,33.637
-5.5481,33.672
-5.5514,33.618
-24.198,38.991
-24.207,38.748
-24.207,38.748
-24.198,38.991
-24.198,38.991
-24.207,38.748
-23.889,38.273
-23.897,38.665
-23.125,37.968
-23.983,38.111
-22.928,37.993
-23.38,37.8
-23.543,37.89
-23.125,37.968
-23.536,37.893
-23.441,38.514
-23.889,38.273
-23.379,37.8
-23.889,38.273
-23.889,38.273
-23.142,38.152
-23.125,37.968
-23.125,37.968
-23.441,38.514
-23.889,38.273
-23.889,38.273
-23.009,38.101
-23.897,38.665
-24.111,38.631
-23.24,38.625
-23.673,38.018
-24.099,38.213
-23.441,38.514
-24.099,38.213
-23.953,39.052
-22.989,38.119
-24.099,38.213
-23.889,38.273
-23.125,37.968
-23.889,38.273
-23.662,37.751
-23.125,37.968
-23.718,38.034
-23.266,38.275
-23.441,38.514
-23.028,37.87
-24.168,38.163
-24.243,38.926
-24.168,38.163
-24.057,39.146
-24.243,38.926
-23.662,37.751
-24.005,39.032
-23.889,38.273
-23.897,38.665
-23.897,38.665
-23.889,38.273
-24.243,38.926
-24.017,38.805
-23.823,37.879
-23.142,38.152
-23.823,37.878
-23.889,38.273
-23.125,37.968
-23.441,38.514
-23.38,37.8
-23.893,37.812
-23.889,38.273
-23.662,37.751
-23.38,37.8
-23.896,38.666
-23.441,38.514
-23.889,38.273
-23.972,38.909
-23.441,38.514
-23.897,38.665
-23.441,38.514
-24.017,38.805
-23.889,38.273
-23.714,39.147
-23.897,38.665
-23.125,37.968
-24.099,38.213
-22.923,38.267
-24.142,38.085
-24.099,38.213
-23.714,39.147
-23.889,38.273
-23.543,37.89
-24.161,37.964
-23.889,38.273
-24.243,38.926
-23.889,38.273
-23.125,37.968
-23.896,38.666
-23.889,38.273
-23.441,38.514
-23.889,38.273
-23.441,38.514
-23.662,37.751
-23.379,37.8
-23.889,38.273
-23.889,38.273
-23.242,38.651
-23.889,38.273
-23.441,38.514
-24.017,38.805
-23.897,38.665
-23.889,38.273
-23.38,37.8
-23.142,38.152
-23.889,38.273
-23.38,37.8
-23.125,37.968
-23.38,37.8
-23.38,37.8
-23.125,37.968
-23.379,37.8
-23.125,37.968
-23.125,37.968
-23.125,37.968
-23.006,38.106
-23.379,37.8
-23.379,37.8
-23.38,37.8
-23.379,37.8
-23.125,37.968
-23.379,37.8
-23.125,37.968
-23.379,37.8
-23.379,37.8
-23.125,37.968
-7.572,22.959
-3.1208,30.712
-7.5922,22.974
-7.5919,22.973
-7.5904,22.972
-7.5904,22.972
-7.5904,22.972
-7.5911,22.973
-7.5906,22.972
-7.5902,22.972
-7.5901,22.972
-7.5925,22.973
-7.5902,22.972
-7.59,22.972
-7.5901,22.972
-7.5901,22.972
-7.5901,22.972
-7.5904,22.972
-7.5903,22.972
-7.5904,22.972
-7.5903,22.972
-2.483,32.047
-0.30885,18.923
11.813,23.514
11.837,23.634
-1.911,33.88
-3.1612,33.294
-5.1825,19.609
5.4338,8.7075
-7.4851,12.296
-1.9218,33.7
-2.8338,33.491
6.1571,9.2983
-0.31598,18.92
-0.30099,18.935
-0.31258,18.924
-3.1974,33.726
-23.735,36.159
-23.735,36.163
-3.6465,15.105
-3.1932,33.851
-5.7802,32.655
5.6052,8.8992
5.6114,8.8908
5.6114,8.8908
5.6114,8.8908
5.6114,8.8908
-2.5254,33.353
-2.9255,31.875
13.467,21.327
13.473,21.318
11.57,22.215
11.774,21.672
-2.3002,33.685
-3.1218,33.34
-7.4846,12.297
-7.4846,12.297
-7.4846,12.297
-7.4846,12.297
-7.484,12.297
-7.4835,12.297
-7.4846,12.297
-7.4846,12.297
-7.4846,12.297
-7.4846,12.297
-7.4846,12.297
-7.4846,12.297
-7.4846,12.297
-7.4846,12.297
-7.4846,12.297
-7.4846,12.297
-7.4846,12.297
-7.4846,12.297
-7.4846,12.297
-7.4846,12.297
-7.4846,12.297
-7.4846,12.297
-7.4846,12.297
-7.4846,12.297
-7.4846,12.297
-7.4846,12.297
-7.4846,12.297
-7.4846,12.297
-7.4846,12.297
-7.4846,12.297
-7.4846,12.297
-7.4846,12.297
-7.4846,12.297
-7.4846,12.297
-7.4846,12.297
-7.4846,12.297
-7.4846,12.297
-24.944,37.732
-24.944,37.732
-24.985,37.684
-24.862,38.033
-24.857,38.212
-24.857,38.212
-24.972,38.427
-25.058,38.389
-25.145,38.552
-25.071,38.498
-25.071,38.498
-25.071,38.498
-25.071,38.498
-25.071,38.498
-25.071,38.498
-25.071,38.498
-0.31655,18.916
-24.119,36.422
-24.065,36.467
6.1585,9.299
-6.3696,22.465
-0.31296,18.922
5.5748,8.8676
5.5789,8.8632
5.5796,8.8667
5.5775,8.8798
-0.31107,18.927
-0.31107,18.927
-0.31107,18.927
-0.31107,18.927
-24.871,35.985
-24.868,35.992
-24.866,35.993
-23.364,35.451
-23.362,35.445
-23.36,35.451
-23.877,36.158
-23.879,36.163
-7.4869,12.294
-4.5786,32.396
-1.9877,32.724
-2.7631,33.392
-2.6352,32.751
-2.788,32.818
-2.7933,33.365
-1.6406,33.423
-2.2461,32.862
12.289,23.393
-2.4897,33.657
-3.0449,33.76
-0.99086,18.539
-0.99086,18.539
-0.82516,18.675
-0.81854,18.652
-0.29279,18.937
-0.29017,18.941
-0.29457,18.938
-0.28091,18.947
5.8439,8.4041
5.8413,8.4069
5.8413,8.4069
5.8413,8.4069
-23.889,38.273
-1.5168,34.539
-2.4569,32.69
-3.6729,15.263
-0.31937,18.916
-0.31937,18.916
-0.31937,18.916
-7.4844,12.297
14.02,22.427
-3.0054,34.784
13.305,23.495
5.7769,8.493
5.8479,8.4086
5.7793,8.4921
5.8286,8.416
5.8493,8.404
5.7805,8.4882
5.8354,8.4117
5.839,8.4051
5.8373,8.4096
5.7836,8.4896
5.7769,8.493
5.7793,8.4921
5.7792,8.4929
5.8375,8.4098
5.8431,8.4072
-7.4847,12.297
-7.4846,12.297
13.576,21.446
13.565,21.442
13.576,21.443
13.584,21.414
13.565,21.442
12.085,22.959
-1.531,23.642
11.385,22.517
11.461,22.511
-2.4318,34.529
-0.31734,18.918
-1.8045,33.611
-2.9771,33.741
-1.5106,33.759
-3.0206,33.804
13.98,22.749
-0.31439,18.919
-4.346,8.3948
-4.3454,8.3962
10.739,23.839
13.49,22.576
13.445,22.584
13.499,22.566
13.649,22.485
12.219,23.515
-3.0808,15.364
-2.046,15.275
-2.0439,15.274
-4.5903,32.555
-2.9053,34.385
-4.4912,33.026
-2.9606,34.609
-3.0354,33.788
-2.9657,34.535
-1.8664,33.831
-4.4636,32.981
-1.7008,33.301
-1.7484,33.202
-2.1453,33.604
-2.3776,34.736
-3.0178,34.308
-16.801,0.46726
5.5977,8.867
3.9957,10.379
-5.533,33.601
-2.8884,31.911
4.8144,8.6997
4.8059,8.696
4.807,8.703
-2.552,33.493
-2.5075,33.49
-2.5369,33.503
-2.289,33.375
-2.4724,33.462
-2.2766,33.449
-2.4724,33.462
-2.3642,33.314
-2.3677,33.384
-2.5383,33.475
-2.0093,33.364
-2.0093,33.364
-2.3014,33.579
-2.5461,33.522
-2.5189,33.513
-2.4515,33.449
-2.5189,33.513
-2.5461,33.522
-2.8885,31.911
-2.5461,33.522
-2.5461,33.522
-2.4975,33.455
-2.4975,33.455
-2.5244,33.49
-2.4478,33.28
-2.4921,33.37
-2.5523,33.488
-2.5304,33.504
-2.2338,33.298
-2.4426,33.394
-2.5438,33.524
-2.5438,33.524
-2.5173,33.513
-2.4122,33.529
-4.5627,32.507
-4.558,32.506
-4.5273,32.517
-4.4813,32.537
-4.3459,8.3955
-4.3458,8.3948
-0.31678,18.919
-0.30043,18.935
-0.30696,18.933
-0.31679,18.921
-0.32022,18.919
-0.31403,18.926
-0.31862,18.919
-0.31862,18.919
-0.32002,18.919
-0.31862,18.919
-2.9685,17.533
-2.9656,17.536
-2.9666,17.535
-1.0274,18.454
-1.0375,18.453
-23.876,36.206
5.5828,8.8927
5.5953,8.8933
5.5836,8.8733
5.5849,8.8802
5.5924,8.8921
5.5955,8.8821
5.5898,8.8799
5.5929,8.8802
5.5886,8.8715
5.5688,8.8698
5.5688,8.8698
5.5853,8.8725
5.5966,8.8748
5.5904,8.8725
5.5949,8.8832
5.5902,8.895
5.5865,8.8714
5.5851,8.8665
5.5865,8.8679
5.5979,8.8985
5.5979,8.8985
5.575,8.8685
5.5752,8.8677
5.575,8.8685
5.575,8.8685
5.575,8.8685
5.575,8.8685
5.5896,8.8729
5.5688,8.8698
5.5688,8.8698
5.5883,8.8818
5.5953,8.8933
5.5836,8.8733
5.5853,8.8725
5.5857,8.8718
5.579,8.8724
5.6,8.8749
5.5954,8.8743
5.5918,8.8784
5.5868,8.8733
5.5891,8.8741
5.603,8.8625
5.6054,8.8783
5.5994,8.8766
5.5902,8.8655
5.5865,8.8661
5.5897,8.8823
5.5919,8.8881
5.5654,8.8789
5.5886,8.9097
5.5886,8.9097
5.5941,8.8768
5.5908,8.8896
5.5896,8.8875
5.5791,8.8669
5.5886,8.8708
5.5791,8.8669
5.593,8.8683
5.5903,8.8751
5.5882,8.8706
5.5854,8.8651
5.5813,8.8666
5.5849,8.8682
5.5895,8.8679
5.5861,8.8648
5.5843,8.8693
5.5852,8.8625
-13.76,-7.8778
4.8211,8.7086
13.453,21.409
-7.5915,22.973
-6.6649,-8.6131
-6.19,-4.0761
11.86,23.537
13.779,22.193
-4.608,32.487
-4.608,32.487
-1.6454,13.81
3.9929,10.385
-7.5917,22.973
-5.1834,19.606
5.594,8.8763
11.011,22.882
11.752,23.183
-2.7124,34.551
-7.4854,12.296
-4.6081,32.007
-1.7976,32.96
-1.7546,32.925
-1.6502,33.2
-2.3258,34.978
-1.4411,33.269
-1.8596,32.841
-1.6867,32.969
-1.3401,33.191
-5.1974,16.7
-5.651,16.611
-5.6621,16.613
-4.8262,16.092
-7.4846,12.297
5.8455,8.4064
5.8387,8.405
5.8385,8.4119
5.8399,8.4104
5.84,8.4137
5.84,8.4137
5.7829,8.4975
-0.31254,18.924
-0.31141,18.924
-0.31177,18.923
-20.518,34.7
-4.5674,33.399
-4.5723,33.415
-4.5891,33.412
-3.1932,33.851
-2.1913,33.808
-2.4928,33.775
-2.3316,33.836
-2.2505,33.842
-2.0109,34.041
-2.0007,33.507
-2.001,33.695
-1.764,33.786
-1.8264,33.914
-2.9767,33.626
-3.1185,33.836
-2.9737,33.577
-1.8277,34.361
-2.1652,34.232
-2.8228,33.748
-2.6113,33.189
-2.6113,33.189
-2.5706,33.13
-2.6763,33.129
-3.067,33.933
-3.2552,33.935
-3.0158,34.488
-2.4456,34.465
-2.4528,34.595
-2.4392,34.599
-2.4528,34.595
-2.4076,34.63
-2.3605,34.63
-2.3704,34.617
-2.4038,34.594
-2.3617,34.768
-2.4609,34.41
-2.339,35.194
-2.343,34.866
-2.3404,34.881
-2.3404,34.881
-2.3575,34.903
-2.343,34.866
-2.343,34.866
-2.4832,35.008
-2.753,34.768
-2.9577,34.724
-2.9532,34.819
-2.9184,34.736
-2.6421,34.851
-2.712,34.809
-5.7646,32.643
-1.8245,33.909
-3.4365,15.39
-5.2205,16.707
10.017,20.447
10.013,20.444
10.011,20.444
10.019,20.448
11.514,23.125
11.549,23.079
10.016,20.447
10.016,20.447
12.669,20.931
12.662,20.98
12.694,20.935
12.669,20.96
12.674,20.937
12.664,20.974
-7.4843,12.297
-0.3036,18.931
13.854,21.757
-0.30353,18.929
-0.30726,18.928
-24.938,38.093
13.839,21.775
13.799,21.699
10.008,20.442
10.006,20.442
-0.3036,18.931
-0.30832,18.925
9.0538,22.075
9.6333,21.885
-2.2636,33.158
-2.2636,33.158
-2.0923,33.078
-1.2538,33.202
-1.2538,33.202
-2.0917,34.143
-3.1029,33.34
-3.3234,33.484
-3.8917,13.581
-7.4852,12.296
-2.2276,33.167
-23.611,39.143
-0.31182,18.923
-20.575,34.765
-3.0107,33.769
13.377,21.919
13.379,21.93
13.386,21.927
13.382,21.921
-25.106,38.089
-2.3798,34.706
-5.1738,19.63
-3.6726,15.664
-24.868,35.989
-23.363,35.444
-3.2965,30.654
-7.359,12.393
-6.6555,17.108
-0.2526,15.039
-5.9784,17.06
-24.111,38.631
-24.288,38.45
-24.273,38.427
-23.966,38.107
-24.111,38.631
-24.111,38.631
-24.111,38.631
-24.111,38.631
-24.111,38.631
-4.5899,31.9
-5.7912,32.634
-5.1404,32.365
-13.66,-7.9405
-14.904,-6.7942
-1.8835,11.33
-1.8835,11.33
-1.8835,11.33
-1.8835,11.33
13.354,23.371
11.446,22.543
12.365,23.312
12.339,23.311
12.309,23.398
12.58,22.377
-11.11,-2.5582
-6.3716,-11.634
11.79,21.674
11.893,21.816
11.77,21.652
-12.243,-12.56
-6.2687,-10.812
-0.31254,18.924
-0.31141,18.924
-0.31177,18.923
-0.30146,18.932
11.963,22.065
-12.243,-12.56
-6.7052,-11.858
-7.4846,12.297
-7.4846,12.297
-1.7312,33.546
12.326,23.039
-6.939,-11.146
-6.0968,-3.2988
-6.6558,-11.84
-6.6797,-10.445
-14.083,-12.744
-14.083,-12.744
-11.705,-12.957
-13.916,-12.704
-14.083,-12.744
-14.083,-12.744
-7.506,-11.634
-7.4162,-14.188
11.857,22.24
11.733,21.667
11.785,21.673
11.749,21.65
11.746,21.671
11.78,21.667
11.803,21.691
11.816,21.69
-12.243,-12.56
-6.7544,-10.422
-23.633,39.145
-3.8867,13.094
-12.243,-12.56
-0.30668,18.924
-4.5967,32.477
-4.5936,32.484
-4.5658,32.534
-4.6388,32.472
-4.6595,32.472
-4.5774,32.538
-4.5774,32.538
-4.577,32.495
-4.7341,32.426
-4.7034,32.337
-4.7048,32.124
-4.8415,32.305
-4.7159,32.31
-4.6396,31.982
-4.6544,31.986
-4.6292,31.927
-4.6415,31.947
-4.5478,31.987
-4.659,31.918
-4.6694,31.859
-4.3346,32.08
-4.6544,31.91
-4.649,31.899
-6.3709,22.465
-24.255,38.053
-6.6558,-11.84
-10.673,-12.205
-11.702,-11.949
-11.702,-11.949
-8.0772,-12.895
-8.7086,-12.065
-8.1215,-12.964
-8.1306,-12.979
-6.2459,-10.863
-7.2248,-10.45
-7.5808,-10.767
-10.673,-12.205
-2.4171,34.638
13.334,23.453
13.372,23.406
-6.4379,-10.59
-2.7986,33.904
-3.0941,33.818
-12.243,-12.56
-12.243,-12.56
-12.243,-12.56
-12.243,-12.56
-6.9209,-10.396
-5.7614,32.65
-2.3062,32.647
-5.7895,32.638
-5.9786,32.772
-2.4067,32.641
-2.781,32.94
-16.578,-12.849
-16.578,-12.849
-16.578,-12.849
-16.672,-12.884
-15.733,-12.541
-16.578,-12.849
-6.6092,-13.69
-16.578,-12.849
-16.578,-12.849
-7.5832,-10.771
-7.9127,-13.18
-6.2304,-10.905
-7.4844,12.297
-7.484,12.297
-7.4847,12.297
-12.1,-11.929
-12.243,-12.56
-12.072,-11.816
-4.2738,32.338
-4.2606,32.283
-4.0519,15.12
-4.2593,15.01
-4.2598,15.012
-3.8791,-11.033
-3.8791,-11.033
-3.8791,-11.033
-3.8791,-11.033
-0.31348,18.918
13.345,21.815
-23.375,39.076
-23.375,39.076
-23.375,39.076
-23.375,39.076
-24.028,37.858
-23.375,39.076
-23.375,39.076
-24.032,37.862
-23.349,39.119
-23.375,39.076
-23.375,39.076
-23.375,39.076
-23.298,39.197
-7.6878,-11.103
-6.939,-11.146
-7.5933,-7.8798
-5.2729,-12.79
-0.31876,18.921
-2.8838,34.711
-5.5536,-7.9677
-16.345,-5.1927
-5.7868,0.21875
-5.5473,0.19954
21.842,-14.334
-5.5473,0.19954
22.085,-14.258
-5.8683,0.66334
-5.7868,0.21875
-5.5473,0.19954
20.805,-14.586
-5.7666,0.71199
-5.5473,0.19954
-5.5473,0.19954
-5.5473,0.19954
-5.5473,0.19954
-5.5473,0.19954
-5.5473,0.19954
-5.5473,0.19954
-5.7868,0.21875
-5.3879,0.62111
-5.5473,0.19954
-5.5473,0.19954
-5.5473,0.19954
-5.5473,0.19954
-5.5473,0.19954
-5.5473,0.19954
-5.5473,0.19954
-5.7868,0.21875
-5.5473,0.19954
-5.5473,0.19954
-5.5473,0.19954
-5.7868,0.21875
-5.3871,0.61953
-5.5473,0.19954
-5.5473,0.19954
-5.7868,0.21875
-5.9731,0.62396
-5.7868,0.21875
-5.5473,0.19954
-5.7666,0.71199
-5.5473,0.19954
-5.5473,0.19954
-5.5473,0.19954
-5.3888,0.62113
-5.5473,0.19954
-5.3825,0.61807
-5.5473,0.19954
-5.7868,0.21875
-5.5473,0.19954
-5.7868,0.21875
-5.7868,0.21875
-5.7868,0.21875
-5.5473,0.19954
-5.7868,0.21875
13.217,21.931
13.434,21.858
13.429,21.86
-20.512,34.692
-20.512,34.693
-20.512,34.692
-20.513,34.694
-20.516,34.697
-20.512,34.693
-20.512,34.692
-20.515,34.696
-4.7648,-10.685
-17.876,-9.6165
-9.4324,-12.171
-5.7802,-1.3397
-5.7802,-1.3397
-5.4043,-1.7045
-5.7802,-1.3397
-5.7802,-1.3397
-5.7802,-1.3397
-5.7802,-1.3397
-5.7802,-1.3397
-5.7802,-1.3397
-5.7802,-1.3397
-5.4035,-1.7041
-5.7802,-1.3397
-4.975,-1.9229
-5.7802,-1.3397
-5.7802,-1.3397
-5.7802,-1.3397
-5.9408,-2.1207
-5.7802,-1.3397
-6.1171,-1.5702
-5.7802,-1.3397
-5.7802,-1.3397
-5.7802,-1.3397
-5.7802,-1.3397
31.187,-11.203
-5.7802,-1.3397
-5.4031,-1.7038
-5.3474,-1.6864
-5.7802,-1.3397
-5.7802,-1.3397
-5.7802,-1.3397
-5.7802,-1.3397
-5.7802,-1.3397
-5.7802,-1.3397
-5.7802,-1.3397
-6.2696,-1.5904
-5.7802,-1.3397
-5.7802,-1.3397
-5.7802,-1.3397
-5.7802,-1.3397
-5.7802,-1.3397
-5.7802,-1.3397
-5.7802,-1.3397
-5.7802,-1.3397
-5.7802,-1.3397
-5.7802,-1.3397
-5.7802,-1.3397
-6.1184,-1.5683
-1.9021,16.478
-1.902,16.478
-0.61375,18.196
-1.036,18.055
-23.109,39.073
-23.012,39.158
-0.31224,18.93
-14.808,-4.4497
12.289,23.155
22.268,-14.199
22.963,-13.953
11.517,22.41
4.0598,10.311
6.1438,9.2667
-12.81,-0.86522
-12.81,-0.86521
-12.81,-0.86523
-7.6884,-11.116
-27.93,11.665
-0.31421,18.922
-0.31421,18.922
-5.6844,-7.6884
-5.6844,-7.6884
12.223,23.329
12.692,20.942
12.696,20.93
12.694,20.935
12.694,20.935
12.693,20.927
12.694,20.935
12.694,20.935
12.668,20.952
12.694,20.935
12.694,20.935
12.696,20.93
10.01,20.441
10.016,20.448
10.01,20.441
10.012,20.443
-12.046,-12.208
-12.046,-12.208
13.719,22.402
-18.644,-4.959
-15.88,-2.2947
-18.644,-4.959
-15.879,-2.2975
-18.644,-4.959
-14.807,-4.4558
-16.135,-1.552
-3.6651,15.597
-5.2098,16.713
-5.2096,16.713
-5.2096,16.713
-5.2098,16.712
-5.1899,16.706
-5.9809,17.063
-6.6591,17.11
-6.657,17.111
-5.9416,16.166
-5.9416,16.166
-5.9413,16.166
-5.9416,16.166
-3.4565,31.411
-3.6879,15.64
-7.4457,12.328
-7.4456,12.329
-2.5762,30.149
-2.5759,30.147
28.212,-11.752
20.271,-31.028
-0.3128,18.927
-5.6711,-7.831
-12.819,-0.86762
-0.30894,18.927
30.682,-11.212
30.682,-11.212
30.682,-11.212
32.542,-10.716
35.816,-9.9405
30.682,-11.212
30.682,-11.212
30.682,-11.212
30.682,-11.212
30.677,-11.137
32.542,-10.716
30.676,-11.179
30.682,-11.212
-8.1305,-13.954
-8.1313,-13.972
-8.1077,-13.882
-8.124,-13.943
-25.759,15.154
-11.266,-13.97
-11.322,-13.922
-11.322,-13.922
-11.35,-13.883
-11.771,-13.489
-11.771,-13.489
-11.816,-13.605
-11.771,-13.489
5.5869,8.8738
-11.974,-14.301
-11.961,-14.189
-11.983,-14.379
-11.983,-14.379
-11.983,-14.379
-5.5171,33.484
-4.6472,32.413
-4.6187,32.431
-4.644,32.424
-4.6096,32.4
-4.6187,32.431
-4.6187,32.431
-4.5991,32.42
-4.619,32.388
-4.6617,32.406
-4.5991,32.42
-4.6461,32.397
-4.6187,32.431
-4.5991,32.42
-4.6086,32.376
-4.6187,32.431
-4.5984,32.419
-4.6187,32.431
-4.5991,32.42
-4.6617,32.406
-4.6187,32.431
-4.7207,32.417
-4.6187,32.431
-4.6157,32.413
-4.6573,32.43
-4.7207,32.417
-4.6617,32.406
-4.6086,32.376
-4.5991,32.42
-4.5853,32.535
-4.6187,32.431
-4.6187,32.431
-4.577,32.495
-4.5991,32.42
-4.6573,32.43
-4.6073,32.434
-4.644,32.424
-4.6226,32.423
-4.3432,8.3998
-4.6493,32.068
-4.5974,32.036
-4.6562,32.406
-4.5974,32.036
-4.5974,32.036
-4.644,32.424
-4.5974,32.036
-5.7843,32.645
-7.4845,12.297
-7.4847,12.297
17.024,-31.489
-24.867,35.992
-23.366,35.447
-3.507,13.756
-7.4806,12.3
-0.24804,15.037
-4.3914,17.703
-1.6336,13.802
-0.43216,17.942
-1.9044,16.472
-1.1074,18.482
4.0296,10.338
-12.801,-0.87483
-7.5959,22.98
-1.1581,17.903
-2.9951,17.51
-3.0462,17.554
-2.3544,16.889
-3.3832,16.675
-0.88835,16.595
5.4892,8.6376
-3.2869,28.218
-3.6857,15.241
4.0461,9.1042
-5.1824,19.609
-5.8862,22.198
-3.8864,13.096
-3.4707,22.285
-21.673,37.35
-20.515,34.695
-0.31637,18.918
5.76,8.5043
4.7118,9.1119
-2.046,15.275
-3.5087,21.473
3.9929,10.385
-3.6775,15.17
12.668,20.774
-2.1132,14.118
3.9924,10.383
-29.652,14.103
-9.153,-12.623
-28.48,12.859
-26.475,12.792
-6.4866,-11.742
20.871,-14.231
0.80265,-11.258
-2.9135,-12.962
20.002,-29.982
19.22,-32.203
-2.8208,-15.269
-8.9209,-11.304
19.27,-29.696
-3.2812,-13.08
-7.5438,-7.9238
22.815,-14.016
-5.0302,-14.014
-29.652,14.103
17.353,-28.607
-11.36,-5.5469
-29.709,14.489
-26.593,12.754
0.53024,-11.058
17.705,-30.036
16.607,-30.731
-6.2589,-10.833
35.734,-9.9853
30.873,-11.062
-6.6552,-10.454
18.456,-31.567
-27.231,13.523
-9.1537,-12.621
-7.4762,-10.631
17.766,-30.426
-3.1528,-16.335
-7.6885,-11.119
28.165,-11.762
18.301,-32.625
0.53024,-11.058
17.705,-30.036
-27.278,13.326
24.458,-13.433
-6.6995,-10.438
31.088,-11.131
17.371,-30.089
-3.6399,-7.4768
-3.1402,-16.284
26.79,-12.633
17.705,-30.036
-7.2971,-11.804
-26.215,13.038
17.353,-28.607
18.737,-28.503
30.398,-11.562
-27.021,13.754
-27.278,13.326
17.705,-30.036
-26.159,13.368
-7.617,-7.7782
16.391,-28.058
0.86066,-11.161
17.371,-30.089
-27.278,13.325
-7.3176,-11.793
38.405,-8.6288
0.53884,-11.109
-3.6398,-7.4768
-9.1205,-13.611
17.458,-30.466
-6.6471,-10.458
21.755,-14.398
19.27,-29.696
-8.236,-9.6458
28.947,-11.721
19.27,-29.696
-4.9148,-11.306
19.27,-29.696
-6.939,-11.146
16.656,-30.849
-11.362,-5.5459
25.166,-13.179
-25.504,14.606
19.688,-31.662
-7.3288,-10.506
17.371,-30.089
19.688,-31.662
22.628,-14.033
17.353,-28.607
-7.5673,-11.551
17.399,-28.036
16.504,-29.963
35.58,-9.496
38.414,-9.0254
17.024,-31.489
16.353,-31.953
17.371,-30.089
19.858,-31.003
-9.4559,-9.4677
17.766,-30.426
-27.051,12.862
19.104,-32.044
18.737,-28.503
-26.784,13.845
-29.652,14.103
27.843,-11.908
-10.7,-16.4
-26.205,13.533
-7.617,-7.7782
-4.8583,-12.049
-26.574,15.112
18.737,-28.503
17.705,-30.036
19.738,-30.132
19.951,-31.607
-25.469,15.667
-29.652,14.103
-26.207,13.539
-3.2812,-13.079
31.336,-11.043
20.579,-13.809
-7.5602,-10.735
-11.362,-5.5458
-26.784,13.845
-26.475,12.792
31.986,-10.89
-5.0346,-11.508
19.27,-29.696
18.456,-31.567
-11.36,-5.5468
-12.243,-12.56
-5.1113,-9.78
-8.5267,-7.2593
-7.5671,-11.551
38.405,-8.6283
-3.2812,-13.08
-9.1205,-13.611
26.804,-12.63
17.332,-28.081
17.371,-30.089
-27.278,13.322
35.24,-9.6379
-26.475,12.792
24.839,-13.293
-28,14.476
-26.215,13.038
17.371,-30.089
-29.652,14.103
-3.1402,-16.284
-26.237,12.999
17.024,-31.489
17.705,-30.036
19.738,-30.132
-9.1205,-13.611
-7.1138,-13.535
17.458,-30.466
-27.267,13.42
0.53027,-11.058
16.515,-29.856
-6.4943,-11.748
-26.502,15.103
19.27,-29.696
-5.2704,-13.142
-26.867,15.805
22.666,-14.112
27.285,-12.468
-6.4943,-11.748
-8.0984,-9.5672
-6.939,-11.146
15.794,-31.517
17.766,-30.426
34.807,-10.04
30.319,-11.262
-6.2282,-9.2033
34.844,-9.9519
27.954,-12.081
0.53019,-11.058
19.625,-29.261
-26.77,13.847
-3.2812,-13.079
-29.652,14.103
-24.849,13.641
29.562,-11.544
19.903,-31.123
-27.136,12.946
17.767,-30.424
17.705,-30.036
35.045,-9.8214
19.104,-32.044
17.705,-30.036
17.458,-30.466
17.353,-28.607
-7.6864,-13.311
20.796,-15.682
-3.6398,-7.4768
-27.071,13.719
-27.807,15.056
17.059,-28.212
-26.987,12.818
17.705,-30.036
-7.6589,-10.937
-9.1153,-12.666
-9.6761,-9.3413
15.777,-31.241
-26.539,13.828
-26.958,13.79
30.236,-11.863
-26.539,13.828
17.043,-28.22
-8.8825,-11.717
-6.2557,-13.385
-3.2911,-13.078
20.99,-14.596
17.371,-30.089
19.625,-29.261
28.046,-12.423
29.573,-11.494
-4.3708,-11.578
19.104,-32.044
-7.5481,-8.839
18.688,-30.241
19.709,-29.358
25.835,-12.941
17.353,-28.607
17.458,-30.466
19.27,-29.696
38.405,-8.6287
17.705,-30.036
-5.5931,-12.607
-7.6641,-11.328
28.371,-11.729
-2.8445,-15.333
-25.479,15.729
28.051,-12.403
-29.652,14.103
34.524,-10.066
-9.1204,-13.611
-8.5267,-7.2593
0.53027,-11.058
17.705,-30.036
21.52,-14.682
-7.4806,-10.636
37.58,-9.0918
-29.652,14.103
19.27,-29.696
-26.328,12.889
19.831,-29.155
-9.1702,-13.959
-8.5632,-10.017
-5.6845,-7.6884
15.773,-29.634
-12.243,-12.56
18.269,-32.053
19.951,-31.607
0.53026,-11.058
29.945,-11.799
34.396,-10.115
30.319,-11.262
-5.1217,-11.902
17.705,-30.036
-27.232,13.104
-27.997,14.48
30.319,-11.207
-3.1403,-16.284
35.217,-9.6584
25.821,-12.946
19.27,-29.696
17.767,-30.424
-11.36,-5.5469
-8.8636,-10.747
-8.4714,-6.6991
38.525,-8.9987
26.344,-12.79
-5.5319,-12.548
17.766,-30.426
-7.1353,-13.529
-3.2812,-13.08
19.27,-29.696
30.406,-11.51
16.435,-30.657
19.104,-32.044
27.426,-12.429
20.687,-16.202
-7.617,-7.7782
-7.5688,-7.8945
-26.511,12.777
17.766,-30.426
18.426,-32.311
-4.8395,-10.02
38.405,-8.6286
19.738,-30.132
-6.266,-10.818
0.56583,-11.078
16.721,-31.909
-27.661,15.485
-6.7626,-11.875
18.737,-28.503
17.353,-28.607
32.988,-10.581
16.604,-30.726
-26.775,13.846
17.458,-30.466
-6.8625,-11.892
-12.243,-12.56
-3.2812,-13.08
17.024,-31.489
-3.1403,-16.284
-3.1403,-16.284
-27.484,11.054
15.745,-31.2
-6.7626,-11.875
17.453,-30.463
17.371,-30.089
17.458,-30.466
-12.243,-12.56
-7.5026,-10.661
-26.2,13.07
-8.5568,-7.2657
29.522,-11.582
28.023,-12.512
-7.5026,-10.661
-6.2367,-10.887
-2.868,-12.883
-29.652,14.103
-3.2919,-13.163
25.308,-13.143
17.453,-30.463
-7.2458,-6.9418
17.766,-30.426
17.767,-30.424
-26.238,13.596
-26.238,13.596
-10.691,-16.393
-26.238,13.596
18.456,-31.567
19.27,-29.696
38.525,-8.9987
0.56735,-11.079
32.242,-10.802
-3.6796,-11.204
17.353,-28.607
-7.6871,-11.092
34.444,-10.095
-5.822,-13.206
19.27,-29.696
18.456,-31.567
-26.414,13.772
20.181,-14.614
38.405,-8.6285
-3.1467,-16.311
20.079,-28.757
19.738,-30.132
17.705,-30.036
-25.139,15.569
19.27,-29.696
17.371,-30.089
35.063,-9.808
-7.0963,-13.099
17.371,-30.089
-8.4714,-6.6992
-6.7557,-10.421
19.27,-29.696
-8.5281,-8.8843
16.707,-31.886
0.56114,-11.08
16.515,-29.856
-26.55,13.832
17.051,-28.218
18.737,-28.503
-5.5005,-8.9727
19.27,-29.696
-26.165,13.185
-7.6878,-11.103
-5.727,-13.174
-6.939,-11.146
-27.001,12.827
18.462,-31.802
17.458,-30.466
19.104,-32.044
16.299,-28.008
17.532,-30.497
-27.484,11.054
22.58,-14.142
16.435,-30.657
-3.1403,-16.284
-5.2189,-12.065
17.705,-30.036
-26.768,12.745
-6.939,-11.146
-12.243,-12.56
21.516,-14.681
-8.9776,-10.535
19.22,-32.203
22.121,-14.365
19.27,-29.696
-26.429,13.781
-29.652,14.103
19.27,-29.696
-12.243,-12.56
30.319,-11.262
-29.882,13.774
-7.617,-7.7782
-7.4911,-13.031
-28.634,12.092
-6.8482,-9.2128
-8.8733,-13.846
20.298,-29.01
-26.363,13.736
0.53027,-11.058
19.738,-30.132
-7.1023,-11.878
28.023,-12.512
-26.267,13.639
16.143,-29.65
-4.8395,-10.02
-27.158,15.055
-26.267,13.639
19.27,-29.696
-11.36,-5.5468
17.033,-28.232
19.104,-32.044
-13.31,-9.334
20.842,-15.784
-29.652,14.103
-27.93,11.665
16.471,-30.318
23.089,-13.946
-8.7484,-12.014
17.102,-27.442
-26.429,13.781
16.41,-30.188
17.353,-28.607
24.205,-13.542
-7.4734,-13.036
17.371,-30.089
16.601,-30.732
17.371,-30.089
-6.9511,-11.896
-28.48,12.853
19.27,-29.696
38.427,-9.0231
17.353,-28.607
35.734,-9.9856
17.705,-30.036
-26.876,13.823
19.104,-32.044
-7.195,-10.438
17.024,-31.489
17.705,-30.036
-27.184,13.011
22.374,-14.162
-2.8445,-15.333
-9.0976,-11.808
-7.195,-10.438
-7.195,-10.438
17.353,-28.607
32.068,-10.861
-29.652,14.103
16.801,-28.121
-27.088,13.705
-29.657,14.679
-27.088,13.705
19.27,-29.696
-3.6399,-7.4768
-27.661,15.485
-7.5602,-10.735
-28.523,12.462
28.363,-11.756
29.562,-11.544
26.727,-12.665
17.371,-30.089
17.371,-30.089
-10.741,-7.9225
-7.0919,-11.88
-26.867,15.805
0.53026,-11.058
-9.6761,-9.3413
18.969,-27.929
-27.088,13.705
24.258,-13.512
-6.2564,-11.452
-27.173,15.051
19.27,-29.696
-9.0087,-10.433
-29.652,14.103
27.017,-12.547
-6.2564,-11.452
28.686,-11.766
-26.339,12.879
17.353,-28.607
-7.6298,-10.859
-11.647,-8.1489
18.737,-28.503
18.737,-28.503
38.405,-8.6286
-28.206,14.115
18.269,-32.053
-5.2313,-13.18
20.672,-16.478
-27.08,13.711
17.371,-30.089
-5.4641,-8.9825
-7.7297,-9.0633
30.319,-11.262
0.53027,-11.058
19.738,-30.132
-27.278,13.333
-27.676,11.668
0.5303,-11.058
-3.2812,-13.079
35.734,-9.9856
-9.3951,-10.13
16.735,-31.896
25.973,-12.914
21.63,-14.77
-24.472,14.629
20.353,-29.309
17.024,-31.489
-7.7297,-9.0633
17.705,-30.036
-3.2812,-13.08
-6.6799,-10.445
19.27,-29.696
-6.2169,-9.1449
17.767,-30.424
35.734,-9.9853
21.133,-14.286
17.371,-30.089
38.414,-9.0255
-7.4412,-11.701
-7.4412,-11.701
35.234,-10.028
17.766,-30.426
-26.328,12.889
30.321,-11.204
-6.2564,-11.452
-6.3632,-13.051
-13.313,-9.3339
-6.9174,-10.396
16.519,-29.897
0.5303,-11.058
19.27,-29.696
-27.189,13.595
17.325,-28.105
19.793,-31.251
21.477,-14.487
-5.0857,-12.631
-29.652,14.103
-6.4943,-11.748
19.688,-31.662
22.713,-14.042
-29.652,14.103
20.98,-15.291
0.56719,-11.079
-3.2812,-13.08
17.766,-30.426
-8.3297,-5.2677
-26.234,13.588
17.024,-31.489
18.737,-28.503
17.374,-28.099
-4.3563,-9.4989
24.791,-13.31
19.27,-29.696
-3.1403,-16.284
17.705,-30.036
-6.939,-11.146
-8.1634,-12.687
-26.215,13.038
38.063,-8.8168
-2.8445,-15.333
17.371,-30.089
19.27,-29.696
-4.8368,-11.722
-3.1403,-16.284
19.27,-29.696
-29.652,14.103
17.767,-30.424
0.026996,-10.263
-27.661,15.485
-5.5005,-8.9727
17.561,-31.24
22.783,-14.021
-11.362,-5.5456
-6.9132,-8.5223
17.353,-28.607
-6.939,-11.146
35.046,-9.8281
38.405,-8.6286
20.963,-15.367
18.456,-31.567
-8.7432,-10.35
-11.36,-5.5469
24.576,-13.382
-3.1403,-16.284
-27.278,13.329
-3.1403,-16.284
27.95,-12.076
-9.2021,-13.701
18.737,-28.503
-25.523,11.786
0.56714,-11.079
19.683,-30.856
30.662,-11
-3.2812,-13.08
35.58,-9.4974
-7.6252,-11.441
17.371,-30.089
-7.5819,-10.769
16.606,-30.73
-29.652,14.103
30.398,-11.562
17.458,-30.466
20.984,-14.229
-26.782,13.845
20.019,-14.692
16.63,-30.768
16.555,-27.924
0.53026,-11.058
26.728,-12.665
19.27,-29.696
20.13,-30.963
24.576,-13.382
-6.2687,-10.812
-26.165,13.184
35.488,-10.054
-29.652,14.103
17.399,-28.036
-3.2812,-13.08
19.27,-29.696
17.705,-30.036
-25.275,11.927
19.27,-29.696
-3.8233,-13.695
17.353,-28.607
-24.726,13.65
-19.978,-10.626
17.371,-30.089
-6.9394,-10.396
-3.1527,-16.335
32.758,-10.651
-26.782,13.845
17.767,-30.424
-5.0335,-11.499
-26.523,13.823
17.705,-30.036
-27.802,11.753
-5.0118,-14.103
-10.7,-16.4
17.766,-30.426
-27.232,13.102
-11.36,-5.5468
-26.224,13.021
29.688,-11.543
-11.36,-5.5469
-5.8262,-9.5669
-7.5245,-11.611
-7.3934,-10.554
0.48411,-10.619
-8.4395,-9.8662
0.53027,-11.058
22.293,-14.191
-3.2812,-13.08
22.032,-14.406
-3.6399,-7.4768
38.125,-9.0447
35.291,-10.038
-27.278,13.317
16.645,-30.791
25.79,-12.975
30.129,-11.174
-8.2412,-12.62
17.353,-28.607
-8.9069,-10.781
30.319,-11.262
17.371,-30.089
-29.652,14.103
-9.6528,-13.166
-3.2812,-13.08
17.766,-30.426
-11.36,-5.5468
28.56,-12.517
-11.36,-5.5471
-26.224,13.021
32.155,-10.829
15.863,-29.456
17.766,-30.426
-3.2812,-13.08
-27.232,13.102
-10.691,-16.393
17.371,-30.089
26.816,-12.627
-9.1205,-13.611
23.424,-13.797
-25.513,14.614
-3.1528,-16.335
-3.2812,-13.08
20.537,-30.201
-5.2558,-9.969
17.353,-28.607
17.391,-28.084
-12.044,-13.11
-11.874,-12.433
-27.073,13.717
-3.0206,-15.935
38.405,-8.6283
-7.6436,-10.893
-27.231,13.523
17.353,-28.607
17.458,-30.466
-5.1175,-10.497
0.56473,-11.079
29.314,-11.618
-5.6647,-9.698
-3.0088,-15.926
-4.8395,-10.02
-10.691,-16.393
-28.48,12.862
19.594,-29.272
-3.1403,-16.284
-6.266,-10.818
-7.5026,-10.661
-26.224,13.02
17.705,-30.036
-27.802,11.753
-8.5314,-12.309
-29.652,14.103
19.27,-29.696
-26.27,13.643
-6.2727,-11.486
20.914,-15.572
-10.691,-16.393
-26.27,13.643
17.353,-28.607
19.27,-29.696
19.711,-29.399
18.85,-28.167
-6.2727,-11.486
17.029,-32.021
-2.1757,-8.373
17.453,-30.463
-8.5267,-7.2593
-25.646,15.538
-26.339,12.879
-12.243,-12.56
-9.4559,-9.4677
-6.1907,-11.149
18.311,-32.555
29.566,-11.529
-11.361,-5.5465
30.906,-11.174
17.766,-30.426
-7.3383,-10.513
-27.273,13.387
26.907,-12.598
19.501,-14.881
-26.165,13.184
18.456,-31.567
-29.652,14.103
19.793,-31.251
25.974,-12.914
-6.2589,-10.833
16.606,-30.73
-3.1403,-16.284
29.197,-11.656
33.135,-10.542
-6.7557,-10.421
17.767,-30.424
38.513,-9.0025
-25.646,15.538
-5.2619,-12.145
-27.278,13.322
-9.1205,-13.611
17.458,-30.466
18.426,-32.311
18.737,-28.503
22.377,-14.107
-29.652,14.103
35.58,-9.4974
-2.7976,-15.221
-4.9918,-14.17
35.734,-9.9856
38.513,-9.0023
19.27,-29.696
18.737,-28.503
29.341,-11.997
-8.9101,-11.482
30.985,-11.626
-9.7808,-15.163
20.355,-29.313
18.737,-28.503
17.705,-30.036
19.104,-32.044
-3.6398,-7.4768
-28.48,12.853
-26.936,13.8
-29.652,14.103
20.142,-28.78
-25.094,14.031
-24.472,14.629
-2.8162,-15.263
-5.0286,-14.005
-29.652,14.103
-6.2448,-10.866
20.241,-30.186
0.5303,-11.058
-3.1403,-16.284
-6.4379,-10.59
17.705,-30.036
21.044,-15.201
-3.1553,-16.338
-26.865,12.765
-26.867,15.805
20.801,-15.708
28.379,-11.742
32.992,-10.579
17.353,-28.607
-27.061,13.726
-3.1403,-16.284
0.85915,-11.094
-27.277,13.349
21.044,-15.201
0.53029,-11.058
26.594,-12.708
38.405,-8.6283
27.158,-12.803
-26.815,12.753
-26.201,13.524
-8.4597,-6.7394
-7.2074,-10.443
28.887,-12.02
-4.8053,-11.017
-3.1402,-16.284
35.321,-9.5769
-27.195,13.029
-29.652,14.103
-29.794,13.684
-26.509,15.104
17.767,-30.424
-7.6721,-11.295
26.734,-12.662
-29.652,14.103
19.984,-31.286
17.767,-30.424
-7.6699,-11.305
0.5303,-11.058
23.802,-13.578
16.143,-29.65
35.777,-9.9641
17.353,-28.607
28.368,-11.71
-9.2151,-10.492
17.371,-30.089
17.766,-30.426
-7.1138,-13.535
-26.857,13.829
-6.2672,-10.815
20.851,-15.607
-3.1402,-16.284
18.301,-32.625
19.104,-32.044
-26.161,13.382
29.562,-11.535
17.767,-30.424
26.727,-12.541
17.767,-30.424
-7.195,-10.438
17.705,-30.036
-29.652,14.103
-9.7099,-9.3207
-3.1403,-16.284
17.766,-30.426
-29.652,14.103
18.737,-28.503
-26.595,12.753
17.767,-30.424
30.398,-11.562
15.537,-30.159
30.417,-11.56
-26.476,12.791
23.072,-13.901
-4.4321,-11.552
17.458,-30.466
19.27,-29.696
-3.6179,-7.4528
35.321,-9.5769
-3.1403,-16.284
17.458,-30.466
20.836,-15.759
-26.595,12.753
-26.595,12.753
21.284,-14.285
23.5,-13.817
17.705,-30.036
35.734,-9.9856
19.683,-30.856
-7.6645,-11.327
0.5303,-11.058
-26.154,13.31
17.353,-28.607
19.661,-29.323
-3.1402,-16.284
-26.595,12.753
35.044,-9.8137
-26.901,12.777
35.194,-9.6675
-26.474,12.792
17.458,-30.466
30.328,-11.165
-26.867,15.805
27.111,-12.528
-26.977,13.78
-24.472,14.629
18.461,-31.801
-7.4253,-11.715
-25.646,15.538
-7.131,-11.871
-11.36,-5.5469
-5.3555,-12.291
17.705,-30.036
0.53884,-11.109
-13.314,-9.3328
17.348,-28.105
29.073,-11.687
38.405,-8.6289
-24.472,14.629
38.427,-9.0232
17.024,-31.489
-26.33,12.887
-3.1403,-16.284
-29.652,14.103
-9.6761,-9.3412
19.104,-32.044
-11.36,-5.5468
-26.595,12.753
-6.707,-8.6593
19.27,-29.696
21.417,-14.444
17.318,-28.106
-6.939,-11.146
-11.36,-5.5469
-11.361,-5.5459
17.458,-30.466
-28.634,12.092
-5.2564,-13.167
17.353,-28.607
35.734,-9.9853
-11.342,-5.511
-7.6252,-11.441
15.621,-30.57
-7.6287,-10.857
28.763,-12.042
24.546,-13.399
-9.2608,-10.481
-7.6405,-10.885
16.523,-29.872
17.766,-30.426
38.414,-9.0255
21.678,-14.606
21.053,-15.283
16.801,-28.121
34.181,-10.196
27.426,-12.426
-7.617,-7.7782
29.315,-11.628
17.766,-30.426
-3.2812,-13.079
-5.3172,-9.6379
-8.5268,-7.2593
-9.7051,-9.3355
-5.0119,-14.103
-3.2907,-13.077
-6.515,-8.9276
17.766,-30.426
20.405,-29.983
-8.3335,-5.2567
-5.727,-13.174
16.608,-30.733
-7.617,-7.7782
-9.4794,-10.26
19.688,-31.662
19.104,-32.044
16.801,-28.121
19.683,-30.856
26.309,-12.748
-3.1402,-16.284
-3.6398,-7.4768
-26.516,15.105
-11.362,-5.5461
17.458,-30.466
28.041,-12.432
33.925,-10.275
17.333,-28.107
19.857,-29.582
17.767,-30.424
29.562,-11.544
30.319,-11.262
18.737,-28.503
-15.984,-8.7992
17.766,-30.426
32.666,-10.686
-3.2813,-13.08
-26.224,13.021
22.785,-14.018
-7.4109,-11.727
-9.1205,-13.611
-6.6052,-11.817
22.666,-14.112
17.458,-30.466
17.453,-30.463
-26.867,15.805
-5.5868,-9.7671
-26.77,13.847
-26.863,12.764
27.372,-12.174
38.525,-8.9987
-6.939,-11.146
-6.6536,-11.839
23.074,-14.069
17.353,-28.607
-29.652,14.103
-4.7984,-10.002
26.862,-12.62
19.27,-29.696
-27.045,13.738
0.56036,-11.082
23.571,-13.743
-3.1527,-16.335
0.53026,-11.058
-5.0499,-14.097
-26.856,12.762
-29.652,14.103
27.9,-12.035
16.515,-29.856
-7.3239,-10.503
-6.7626,-11.875
19.27,-29.696
18.737,-28.503
15.816,-30.903
16.435,-30.657
24.865,-13.286
33.769,-10.327
17.766,-30.426
28.777,-11.704
-2.8445,-15.333
-27.857,15.139
-27.153,15.057
23.321,-13.791
-27.063,13.725
-5.0118,-14.103
29.855,-11.459
-25.469,15.667
18.301,-32.625
30.398,-11.562
19.27,-29.696
-7.8172,-9.0761
-2.8207,-15.269
-7.5026,-10.661
-26.244,13.605
-4.4007,-11.548
17.332,-28.081
33.142,-10.53
17.024,-31.489
-6.7626,-11.875
19.699,-29.341
20.82,-15.721
-5.9836,-13.661
17.371,-30.089
17.458,-30.466
0.80826,-11.225
38.525,-8.9987
-7.5026,-10.661
21.162,-14.625
17.353,-28.607
16.499,-29.977
-8.6734,-12.119
27.169,-12.247
33.391,-10.449
21.88,-14.33
-4.5915,-10.659
17.024,-31.489
38.405,-8.6288
34.352,-10.148
-6.266,-10.818
19.104,-32.044
17.353,-28.607
-29.652,14.103
-28.634,12.092
19.991,-28.613
-27.93,11.665
17.458,-30.466
17.024,-31.489
17.705,-30.036
-26.328,12.888
22.49,-14.171
30.406,-11.511
17.767,-30.424
-6.9326,-11.896
-6.1907,-11.149
-12.243,-12.56
-26.414,13.772
-5.3172,-9.6379
17.353,-28.607
-29.652,14.103
16.737,-31.9
19.104,-32.044
17.766,-30.426
-27.077,13.714
16.535,-29.879
0.80819,-11.255
31.472,-11.059
20.556,-13.759
-26.826,12.755
-4.5915,-10.659
-3.2905,-13.079
17.371,-30.089
20.632,-13.873
18.301,-32.625
19.104,-32.044
-8.5167,-12.414
19.27,-29.696
-3.2812,-13.08
17.353,-28.607
-5.0118,-14.103
19.683,-30.856
18.456,-31.567
26.86,-12.619
-27.06,13.727
-7.6287,-10.857
-11.36,-5.5468
19.876,-28.361
17.353,-28.607
17.705,-30.036
-7.3058,-10.492
15.683,-30.163
15.886,-31.226
-8.3297,-5.2677
17.458,-30.466
17.705,-30.036
34.31,-10.147
-29.652,14.103
17.371,-30.089
-26.205,13.533
17.353,-28.607
20.839,-15.818
-9.3952,-10.13
-26.16,13.38
-26.946,12.796
18.456,-31.567
-10.698,-16.398
17.371,-30.089
27.202,-12.308
18.737,-28.503
0.56713,-11.079
-27.051,12.862
-26.784,13.845
-27.078,13.713
-29.875,13.766
-6.4379,-10.59
-27.484,11.054
17.353,-28.607
-6.2304,-10.905
17.371,-30.089
-3.0206,-15.935
-6.4379,-10.59
-26.215,13.038
-6.4379,-10.59
26.98,-12.569
-25.646,15.538
-26.783,13.845
-29.652,14.103
-6.305,-9.1507
-3.1403,-16.284
-17.906,-9.5787
-6.4379,-10.59
-3.0085,-15.927
19.854,-29.62
40.242,-8.0732
-6.2662,-11.473
23.329,-13.825
19.697,-29.376
-28.523,12.462
-8.3316,-5.2627
21.136,-15.074
-3.1403,-16.284
-27.136,12.946
-11.36,-5.5469
-6.4379,-10.59
-6.4379,-10.59
38.427,-9.023
18.456,-31.567
17.371,-30.089
-9.3024,-13.761
36.318,-9.4986
17.371,-30.089
-3.1526,-16.334
17.458,-30.466
17.371,-30.089
17.024,-31.489
-26.799,12.75
0.57879,-11.084
0.56715,-11.078
-27.148,15.058
-27.135,12.945
29.212,-11.473
-6.4533,-13.042
19.27,-29.696
-6.939,-11.146
-26.229,13.581
22.582,-14.148
-27.661,15.485
17.371,-30.089
19.045,-28.03
16.483,-30.049
22.335,-14.235
-26.339,12.879
16.501,-29.965
-27.039,13.742
-8.4597,-6.7394
16.432,-30.197
35.028,-9.8413
-2.8445,-15.333
-7.6007,-10.801
-9.1205,-13.611
-27.993,14.487
21.914,-14.21
-9.1205,-13.611
26.498,-12.737
-3.6399,-7.4768
-5.0821,-10.615
-6.939,-11.146
-28.48,12.862
-29.652,14.103
-27.484,11.054
-2.8018,-15.222
16.385,-28.295
-10.7,-16.4
34.971,-9.8716
16.607,-30.732
-7.8206,-9.1636
-26.215,13.038
22.822,-14.005
-26.328,12.889
19.27,-29.696
-9.4559,-9.4677
16.736,-31.899
17.371,-30.089
-12.243,-12.56
-6.266,-10.818
-7.5814,-7.8686
-12.243,-12.56
16.538,-27.942
-8.4597,-6.7394
30.406,-11.51
17.399,-28.036
20.948,-14.272
-27.274,13.38
18.456,-31.567
17.353,-28.607
-6.977,-9.2132
-6.1921,-11.102
-12.243,-12.56
17.371,-30.089
-6.1921,-11.102
-3.6399,-7.4768
-7.4466,-13.043
0.53027,-11.058
17.458,-30.466
19.688,-31.662
17.371,-30.089
-6.1921,-11.102
-6.2459,-12.975
-26.79,13.844
30.278,-11.962
17.326,-28.104
35.217,-9.6566
-6.1921,-11.102
-26.429,13.781
33.769,-10.327
-7.3176,-11.793
17.705,-30.036
18.855,-28.165
17.011,-28.249
15.828,-30.924
-6.0305,-12.906
-27.786,14.775
-3.1403,-16.284
17.371,-30.089
26.913,-12.597
-6.9103,-11.895
-27.195,13.029
-3.1517,-16.336
34.241,-10.173
-26.595,12.753
19.27,-29.696
20.002,-29.982
-7.5602,-10.735
31.25,-11.057
24.917,-13.268
-6.7006,-11.857
19.27,-29.696
-25.2,14.217
19.683,-30.856
-7.4412,-11.701
-7.4412,-11.701
19.104,-32.044
23.889,-13.647
-27.083,13.709
22.079,-14.376
28.241,-12.052
22.442,-14.207
-29.652,14.103
28.051,-12.4
19.27,-29.696
-8.5569,-7.2652
17.767,-30.424
29.071,-11.692
-24.915,12.953
19.68,-29.357
-29.652,14.103
-6.2028,-11.279
28.887,-12.02
-6.2588,-10.833
0.53029,-11.058
-26.192,13.503
29.233,-11.973
27.214,-12.178
15.612,-30.467
-12.243,-12.56
17.353,-28.607
-7.617,-7.7782
17.353,-28.607
-27.263,13.195
19.683,-30.856
17.458,-30.466
17.371,-30.089
22.501,-14.12
17.767,-30.424
26.589,-12.62
-3.6399,-7.4768
-27.278,13.325
34.844,-9.9509
-25.469,15.667
-8.3338,-5.2565
18.456,-31.567
15.537,-30.159
33.901,-10.286
17.705,-30.036
17.371,-30.089
16.558,-32.051
-7.684,-11.058
36.273,-9.5062
-6.4016,-11.666
-9.1532,-12.623
30.968,-11.592
-29.652,14.103
-24.892,13.169
-7.6569,-10.931
-3.2812,-13.08
17.767,-30.424
17.371,-30.089
-25.004,12.741
-27.158,15.056
17.767,-30.424
-7.3168,-11.793
19.27,-29.696
-6.1485,-3.6559
20.402,-30.016
-25.713,15.595
35.734,-9.9853
-27.232,13.103
17.767,-30.424
-6.9511,-11.896
-6.2672,-10.815
18.456,-31.567
17.024,-31.489
-27.676,11.668
-8.35,-12.521
-10.707,-16.402
17.371,-30.089
-6.939,-11.146
-28.523,12.462
-2.8445,-15.333
-5.4774,-8.9958
17.767,-30.424
-11.359,-5.5483
-7.8445,-12.89
-29.652,14.103
-26.526,13.824
-26.783,13.845
-29.652,14.103
-3.6299,-7.4691
15.656,-30.778
19.27,-29.696
16.538,-29.872
-10.7,-16.4
-3.6399,-7.4769
-8.6409,-10.146
-3.2812,-13.08
19.27,-29.696
-27.264,13.431
17.867,-31.989
30.319,-11.207
19.244,-27.889
17.024,-31.489
-29.874,13.766
19.961,-14.873
-26.879,15.884
24.285,-13.479
0.57879,-11.084
25.793,-12.974
26.816,-12.627
23.382,-13.878
17.705,-30.036
27.45,-12.027
22.448,-14.209
19.814,-29.086
-26.822,12.754
-26.523,13.823
20.506,-29.674
30.319,-11.262
-4.273,-11.508
-24.973,13.786
-7.0907,-10.409
38.405,-8.6288
-7.195,-10.438
18.306,-32.557
-24.969,13.786
19.96,-28.21
-12.243,-12.56
-5.1113,-9.78
34.396,-10.115
-26.401,13.764
-2.8198,-15.269
-4.9535,-11.04
-7.0907,-10.409
17.705,-30.036
29.783,-11.498
16.735,-31.898
16.272,-28.417
-3.6399,-7.4768
-27.807,15.056
17.705,-30.036
-3.6148,-7.4541
-24.977,13.803
21.681,-14.434
28.023,-12.512
-8.572,-7.2536
18.301,-32.625
18.467,-31.8
30.319,-11.262
17.353,-28.607
19.27,-29.696
0.53024,-11.058
-5.5005,-8.9727
-3.0206,-15.935
-6.0494,-13.507
-7.6249,-14.404
23.342,-13.774
-26.532,13.826
34.91,-9.8963
-8.8999,-11.692
-26.205,13.534
28.715,-11.745
19.27,-29.696
26.979,-12.221
-27.193,13.027
-3.6299,-7.4681
-6.2564,-11.452
18.737,-28.503
-26.493,15.102
-6.7006,-11.857
17.767,-30.424
29.238,-11.999
-4.4321,-11.552
-27.098,12.905
16.435,-30.657
17.371,-30.089
17.326,-28.105
0.5303,-11.058
21.305,-14.252
19.27,-29.696
20.13,-30.963
17.705,-30.036
30.319,-11.262
21.044,-15.201
-7.6864,-13.311
-27.193,13.027
17.705,-30.036
-12.243,-12.56
19.22,-32.203
-6.939,-11.146
18.426,-32.311
19.758,-29.432
-12.243,-12.56
-26.593,12.754
17.371,-30.089
20.07,-28.671
-27.072,13.718
-9.3545,-13.779
-7.5385,-8.8647
