-47.8,16.632
-128.68,-58.283
-14.525,-47.19
-45.635,12.728
-42.333,-45.023
41.837,-74.785
64.246,10.706
-42.333,-45.023
-40.249,12.825
41.973,-72.114
62.522,-111.16
-44.441,-43.335
-49.702,11.602
98.949,-70.543
76.535,-72.11
-43.051,10.808
-82.263,-26.676
119.2,-64.768
-40.447,-53.221
-32.684,-46.176
96.893,-82.366
-57.359,-45.843
42.103,-69.411
545.58,-17.178
740.74,-0.17655
39.231,-74.798
62.765,8.9119
534.22,3.9277
12.386,-47.871
108.64,27.909
-43.644,12.794
51.288,20.011
62.137,4.6207
185.65,-28.451
36.986,-93.225
35.531,20.616
116.07,-26.847
37.123,-85.663
-42.333,-45.022
-37.558,-42.338
-39.234,-44.127
-40.249,12.825
-40.249,12.824
-29.685,-52.022
106.57,4.9238
152.37,33.28
305.02,13.549
287.45,8.6355
680.26,11.661
111.41,9.3822
50.119,-71.808
120.36,15.234
285.22,18.393
106.4,10.02
80.3,0.31679
68.978,-57.71
97.133,19.875
68.978,-57.71
560.36,8.3858
228.62,15.794
62.386,-53.215
14.302,-103
9.5395,13.492
444.17,-12.291
392.17,0.20154
47.323,-90.003
693.52,6.3426
404.74,-6.8558
-96.555,-35.265
234.52,-35.28
-47.684,8.7856
387.25,12.028
411.57,-0.51874
187.34,5.2002
-38.871,10.798
44.063,-42.391
416.56,-13.022
-82.603,-35.403
187.41,-37.227
-40.249,12.825
-40.249,12.824
-44.429,9.4219
-36.334,-51.176
147.96,1.8499
294.77,15.557
97.429,-39.973
345.55,-5.8448
46.289,-43.504
48.747,-43.121
-9.9897,-89.074
447.66,0.50342
-40.249,12.824
-44.429,9.4219
117.28,21.725
102.82,-77.014
-40.249,12.824
-59.324,14.485
107.4,-0.79832
-37.088,13.484
-42.333,-45.022
-75.104,-41.509
-38.105,-50.865
41.414,-29.688
-40.249,12.824
-40.249,12.825
-39.946,9.5253
-40.249,12.825
294.13,4.622
110.71,-11.421
106.7,-15.59
-40.249,12.825
-38.689,9.9302
-42.568,14.061
-40.249,12.824
-37.088,13.484
-41.059,-47.216
-39.23,-51.827
-40.249,12.824
370.53,10.898
-40.249,12.824
130.67,-39.962
-33.992,-51.898
-13.337,-40.426
252.7,9.5093
-42.441,11.509
-40.249,12.824
339.35,1.9721
135.17,8.6999
405.17,9.133
110.31,-31.945
-114.81,-9.1436
-40.249,12.824
-40.33,-46.637
-40.249,12.824
710.21,9.5464
-40.249,12.824
-40.249,12.824
-40.249,12.824
-20.89,-3.3635
-23.998,-64.82
5.866,-88.279
-22.95,-43.823
46.289,-43.504
-40.249,12.824
-42.333,-45.022
-42.333,-45.022
-42.333,-45.022
-42.333,-45.022
-17.357,-116.4
-42.333,-45.022
-43.267,13.655
-40.249,12.825
115.97,7.1828
436.23,-5.0872
-43.644,12.794
-49.353,14.932
244.99,-21.871
46.289,-43.504
-56.404,16.607
623.12,6.3416
103.53,-33.801
-33.424,-56.2
897.22,11.333
-44.429,9.4219
113.94,17.786
-71.833,-1.2764
142.17,-50.095
95.58,-51.954
346.52,-16.454
6.3521,-82.469
-40.249,12.824
-40.249,12.824
-99.632,-52.432
132.22,-17.575
-43.644,12.794
89.488,15.665
358.07,6.8338
-37.807,13.357
94.134,13.506
758.36,5.6054
-40.249,12.824
585.04,13.9
46.289,-43.504
103.57,41.787
-40.249,12.824
260.03,12.811
-36.178,5.0569
581.62,-1.6376
-42.765,12.873
536.48,-11.862
135.96,32.154
94.337,-49.87
145.43,8.8834
94.522,15.833
149.79,-54.087
288.17,-16.345
89.475,-56.073
53.688,-27.33
600.24,5.9463
268.55,11.19
-40.249,12.824
-49.702,11.602
-40.249,12.824
42.4,16.992
-62.702,33.972
-63.322,31.6
45.015,12.726
-62.702,33.972
21.405,-79.422
109.18,39.456
62.627,24.779
-97.947,4.2435
778.63,11.042
1081.5,16.992
-81.833,-13.024
114.26,-6.9971
46.289,-43.504
-40.249,12.824
-39.297,9.6668
268.44,8.702
330.29,-9.0675
-40.249,12.824
197.19,-10.408
632.13,4.8724
-40.249,12.824
-42.967,14.692
-40.249,12.824
-40.249,12.824
-40.249,12.824
-40.249,12.824
103.65,44.184
-40.249,12.824
-40.249,12.824
-40.249,12.824
-40.249,12.824
324.59,-3.3539
89.475,-56.073
-40.249,12.824
-55.472,12.198
-40.249,12.824
-40.249,12.824
-40.249,12.824
104.15,25.038
-49.353,14.932
-41.132,11.951
-40.249,12.824
357.25,-15.816
-39.095,9.6638
-40.249,12.825
-40.248,12.824
-40.249,12.825
549.67,14.026
-40.249,12.825
-21.593,3.2899
-33.013,20.128
498.67,5.3341
50.875,-48.292
273.75,-18.667
-40.249,12.824
-38.763,22.721
192.28,-19.991
-42.428,11.49
-40.249,12.824
271.75,-7.6273
176.43,-33.824
-42.568,14.061
498.76,3.6885
729.43,-0.04119
-40.249,12.824
48.072,5.0572
49.638,-24.208
-42.333,-45.022
116.4,36.268
190.98,-8.2858
37.734,-32.698
-40.249,12.824
-40.249,12.824
-40.379,-75.217
-40.249,12.824
-40.249,12.824
106.06,-47.213
-39.844,9.5323
-40.249,12.824
-40.379,-75.217
-41.29,-77.634
-40.307,-71.828
-40.249,12.824
-40.249,12.824
-40.379,-75.217
103.53,-33.801
-36.135,-71.781
-40.379,-75.217
102.03,7.7583
-40.5,10.309
-40.379,-75.217
-40.249,12.824
215.93,-25.243
-40.379,-75.217
-43.051,10.808
-38.154,-76.453
430.38,7.2997
-40.379,-75.217
-40.379,-75.217
-40.249,12.824
-40.249,12.824
-40.379,-75.217
-43.46,14.06
-40.379,-75.217
125.37,-61.489
185.28,6.5457
-40.249,12.824
-40.249,12.824
-40.249,12.824
-40.379,-75.217
-40.379,-75.217
-33.683,6.5399
85.37,37.57
-40.216,10.335
-40.379,-75.217
-40.379,-75.217
-40.379,-75.217
46.289,-43.504
-40.249,12.825
-40.249,12.825
108.24,-6.2929
-40.379,-75.217
-40.249,12.824
-42.333,-45.022
-42.333,-45.022
-42.333,-45.022
-42.333,-45.022
-42.333,-45.022
-40.249,12.825
-40.249,12.824
46.289,-43.504
-40.249,12.824
46.289,-43.504
-40.249,12.825
506.96,10.375
-40.249,12.824
-40.249,12.824
-40.249,12.825
-40.249,12.824
122.61,39.282
-40.249,12.824
102.3,19.958
-36.338,22.052
-40.249,12.824
-37.942,12.006
-40.249,12.825
-40.249,12.824
-40.249,12.824
-40.249,12.825
-40.249,12.824
-40.249,12.824
-40.249,12.824
472.94,11.569
351.43,15.025
-140.74,-40.733
-43.051,10.808
-40.249,12.824
-40.249,12.824
196.07,0.68719
595.83,18.341
-5.7983,-107.23
-40.249,12.824
249.07,-34.616
-131.74,-50.393
202.18,7.0638
103.76,31.449
-40.249,12.824
-38.269,11.279
-38.15,15.522
-40.249,12.824
-40.249,12.825
-40.249,12.825
-56.772,2.4224
143.1,32.03
-40.249,12.825
-44.429,9.4219
104.15,25.038
68.415,-40.047
-35.185,20.126
-37.806,13.356
-42.428,11.49
-42.765,12.873
-40.249,12.824
171.1,-43.611
-40.249,12.824
552.49,2.3763
-40.249,12.825
542.95,1.1419
-38.871,10.798
89.475,-56.073
-28.608,-62.126
-43.598,4.7788
587.21,-10.635
-42.568,14.061
-57.134,10.313
501.98,-15.628
0.043258,-89.182
-46.032,6.1974
845.52,9.9099
-37.942,12.006
-40.249,12.824
569.35,15.01
-40.249,12.825
100.19,24.567
359.11,-3.8936
181.81,-44.159
73.77,27.357
390.4,-19.777
46.412,-49.96
-47.684,8.7856
123.34,-13.207
-40.249,12.825
-63.173,7.1049
-42.765,12.873
40.59,-46.493
342,-25.636
-38.142,14.432
-40.249,12.824
-40.249,12.824
178.79,11.65
46.889,-37.247
-42.765,12.873
-40.705,9.5367
801.85,9.3754
-40.249,12.824
316.43,24.911
-40.249,12.824
311.19,21.172
-125.59,-46.547
-40.249,12.824
-41.278,-48.326
-40.33,-46.637
-41.278,-48.326
-44.404,-55.208
279.72,-13.535
333.53,-27.625
-36.931,12.843
-38.948,4.2289
-40.249,12.824
740.56,13.705
49.448,-9.3398
-48.699,18.69
482.27,-17.01
-26.017,-2.0555
-33.162,17.92
-21.024,9.2673
-38.142,14.432
46.289,-43.504
-40.249,12.824
-40.249,12.825
472.6,-19.335
17.432,11.902
140.23,13.101
-39,14.992
116.15,-12.3
-40.249,12.824
-99.418,-23.57
33.441,-110.11
259.31,-28.639
650.51,2.7639
17.907,-93.319
342.47,12.731
-40.473,9.5194
94.997,24.907
-147.71,-18.133
-147.71,-18.133
-147.71,-18.133
18.362,-71.552
-38.743,-41.627
20.289,-57.482
-51.047,-36.808
-39.449,-33.806
20.289,-57.482
-38.743,-41.627
-40.898,-33.588
22.951,-64.189
60.123,-99.962
-54.769,-32.618
-45.154,-42.512
-38.743,-41.627
-53.635,-30.272
19.281,-73.737
-38.743,-41.627
-38.743,-41.627
-51.047,-36.808
-45.154,-42.512
-38.743,-41.627
18.034,-58.5
-51.047,-36.808
22.654,-58.12
-38.743,-41.627
668.95,5.668
875.68,11.221
-40.248,12.824
395.16,-9.3289
46.289,-43.504
-40.249,12.825
528.25,-6.9071
196.07,0.68719
452.96,11.748
219.12,15.084
-31.036,17.457
362.74,16.869
384.07,-3.3934
423.51,-1.9154
515.62,10.484
113.07,31.561
-58.763,-16.164
-45.154,-42.512
-45.154,-42.512
-45.154,-42.512
19.574,-62.917
-45.154,-42.512
-45.154,-42.512
30.598,-39.157
-33.11,-48.382
-45.154,-42.512
20.289,-57.482
-8.2699,-66.469
-40.249,12.824
-39.116,10.591
-42.333,-45.022
-42.948,-47.4
-42.333,-45.022
-76.448,-27.88
82.275,12.91
-42.333,-45.022
-40.249,12.824
-105.75,-48.246
96.258,35.327
-43.838,17.804
-112.35,-25.15
-43.838,17.804
-44.317,-47.328
-114.83,-26.225
-40.064,-44.212
-41.778,-48.49
-8.2699,-66.469
-149.24,-42.326
-27.043,-42.853
223.64,5.9045
471.03,-7.7732
-41.341,-48.868
459.14,2.9706
-44.441,-43.335
125.49,15.438
121,-55.233
222.28,-3.6803
-44.026,-46.695
32.359,-88.63
-40.953,-42.164
-34.744,-54.922
373.51,-7.4385
-44.441,-43.335
539.36,17.266
-41.341,-48.868
378.64,14.889
-41.81,-47.429
-42.333,-45.022
-42.333,-45.022
307.61,1.2537
-44.441,-43.335
-39.431,-47.824
108.19,-71.829
-42.333,-45.022
-4.0838,-100.19
576.94,7.8521
-42.333,-45.022
339.16,-9.1218
128.32,-46.985
-40.366,-43.689
440.71,9.0088
678.16,-2.7974
488,15.282
276.84,9.6103
-39.867,-45.375
-51.047,-36.808
-51.047,-36.808
-51.047,-36.808
-51.047,-36.808
-51.047,-36.808
-51.047,-36.808
-51.047,-36.808
-51.047,-36.808
-51.047,-36.808
-51.047,-36.808
-51.047,-36.808
-51.047,-36.808
-51.047,-36.808
-51.047,-36.808
-51.047,-36.808
-51.047,-36.808
100.18,-47.219
-52.766,-37.718
-51.047,-36.808
-67.489,-28.787
-51.047,-36.808
-49.923,-35.072
-51.047,-36.808
-51.047,-36.808
-53.342,-38.739
-51.047,-36.808
104.35,-26.908
-51.047,-36.808
-54.199,-38.066
-51.047,-36.808
-52.242,-39.148
-51.047,-36.808
-51.047,-36.808
-51.047,-36.808
-48.697,-37.925
-51.047,-36.808
-51.047,-36.808
-53.772,-37.116
-51.047,-36.808
-51.047,-36.808
-51.047,-36.808
-51.047,-36.808
-50.917,-39.204
-51.047,-36.808
-51.047,-36.808
-51.047,-36.808
-51.047,-36.808
-43.704,-53.298
-136.93,-56.863
-91.055,5.1705
114.6,-58.532
-57.134,10.313
85.133,16.004
44.43,-75.037
-42.333,-45.022
716.03,-3.1521
266.02,-0.52138
-48.061,12.956
264.93,-18.315
-39.831,-45.398
199.48,-20.858
638.66,-3.3542
86.237,24.357
95.769,-64.499
326.87,21.978
-33.825,-53.664
-33.992,-51.898
-40.33,-46.637
909.56,11.716
-39.403,-91.624
465.66,8.3785
-43.447,-85.545
369.83,-18.402
41.837,-74.785
53.29,-22.147
107.04,-21.166
-42.333,-45.022
43.888,-55.753
482.7,2.0475
79.822,16.506
-42.333,-45.022
64.246,10.706
458.34,-18.187
41.704,-77.406
-49.295,-47.727
-55.655,-48.207
-55.655,-48.207
702.93,1.0289
143,-5.064
141.25,4.3487
659.97,-3.943
-42.333,-45.022
-42.333,-45.022
-42.333,-45.022
-42.276,-48.32
-39.234,-44.127
-41.349,-42.814
1238,21.832
489.88,3.2606
161.65,-13.277
-35.395,-39.284
-35.395,-39.284
-35.395,-39.284
-35.395,-39.284
-34.903,-41.799
-35.395,-39.284
-35.395,-39.284
-35.395,-39.284
-35.395,-39.284
-35.395,-39.284
-31.398,-38.866
-35.395,-39.284
-69.008,14.43
-35.395,-39.284
-42.333,-45.022
-4.5186,4.2437
-42.333,-45.022
-42.333,-45.022
130.65,29.946
-14.597,2.3264
-42.333,-45.022
45.344,22.767
37.092,16.995
-42.333,-45.022
274.2,23.984
-69.463,3.2719
-9.9954,1.4924
-80.654,-5.7634
-45.123,-44.727
-86.058,2.7591
34.207,24.466
-42.333,-45.022
-45.123,-44.727
-50.782,-75.407
6.0584,9.3149
39.576,20.858
58.295,-83.589
45.344,22.767
-45.123,-44.727
-42.333,-45.022
-53.086,-44.699
-53.086,-44.699
-45.154,-42.512
-48.933,-43.961
-42.333,-45.022
-53.086,-44.699
-45.123,-44.727
-48.255,-48.837
-42.333,-45.022
-42.333,-45.022
-43.782,-43.143
-53.086,-44.699
-14.592,20.72
-42.333,-45.022
-14.592,20.72
34.363,12.112
45.344,22.767
34.363,12.112
-42.333,-45.022
45.344,22.767
34.363,12.112
34.363,12.112
45.344,22.767
32.486,7.5835
32.077,12.851
607.7,10.732
45.344,22.767
-42.333,-45.022
-42.333,-45.022
-42.333,-45.022
-43.769,-42.301
57.888,-25.081
-45.123,-44.727
-42.333,-45.022
-38.743,-41.627
-42.333,-45.022
75.121,-53.221
-38.743,-41.627
-48.933,-43.961
-42.333,-45.022
-42.333,-45.022
-42.333,-45.022
-48.933,-43.961
-48.069,-52.996
-45.033,-48.027
-45.033,-48.027
-42.333,-45.022
84.459,-66.286
-42.333,-45.022
-48.069,-52.996
-42.333,-45.022
-38.743,-41.627
-48.09,-34.324
75.121,-53.221
-42.333,-45.022
-52.388,-49.638
-42.333,-45.022
-48.069,-52.996
-40.788,-43.162
-42.292,-48.966
-45.154,-42.512
-42.333,-45.022
-48.562,-55.878
-45.033,-48.027
-48.933,-43.961
-42.333,-45.022
-42.333,-45.022
-38.743,-41.627
-45.435,-46.51
-43.782,-43.143
-42.333,-45.022
-42.333,-45.022
-51.686,-42.79
-42.333,-45.022
-52.388,-49.638
-42.333,-45.022
-45.033,-48.027
-48.069,-52.996
-45.123,-44.727
-48.933,-43.961
-42.333,-45.022
-48.255,-48.837
-42.333,-45.022
-42.333,-45.022
-48.933,-43.961
-44.16,-43.631
-42.333,-45.022
-42.333,-45.022
-45.435,-46.51
-42.333,-45.022
-45.435,-46.51
-42.333,-45.022
-48.069,-52.996
-45.033,-48.027
-53.086,-44.699
-48.933,-43.961
-45.123,-44.727
-48.069,-52.996
-42.333,-45.022
-48.933,-43.961
-50.887,-70.156
-45.123,-44.727
-48.069,-52.996
-45.435,-46.51
134.82,16.565
-42.333,-45.022
-42.333,-45.022
-48.933,-43.961
-45.033,-48.027
-48.933,-43.961
-48.933,-43.961
-42.333,-45.022
-48.069,-52.996
-42.333,-45.022
-48.933,-43.961
-42.333,-45.022
-53.086,-44.699
-42.333,-45.022
-48.069,-52.996
-42.333,-45.022
-48.933,-43.961
-38.743,-41.627
-45.435,-46.51
-48.933,-43.961
-42.334,-45.022
-45.123,-44.727
-48.933,-43.961
-43.782,-43.143
-42.333,-45.022
-53.086,-44.699
-42.333,-45.022
73.806,-84.893
-43.486,-41.391
-42.333,-45.022
-43.782,-43.143
-42.333,-45.022
-45.435,-46.51
-42.333,-45.022
-48.069,-52.996
-48.933,-43.961
-48.069,-52.996
-42.333,-45.022
-42.333,-45.022
-48.069,-52.996
-42.333,-45.022
-48.933,-43.961
-42.333,-45.022
-48.933,-43.961
-33.878,-49.697
-42.333,-45.022
-42.333,-45.022
-42.333,-45.022
-42.334,-45.022
-42.333,-45.022
-42.333,-45.022
-45.123,-44.727
-42.334,-45.022
-38.743,-41.627
-42.333,-45.022
-43.782,-43.143
-42.333,-45.022
-42.333,-45.022
-48.933,-43.961
-45.033,-48.027
-48.933,-43.961
-48.069,-52.996
-54.153,-55.897
925.76,12.784
263.12,-9.188
214.53,5.5671
65.041,-104.11
282.43,-24.803
57.552,-77.977
591.34,4.4526
428.79,-13.302
73.367,-67.521
129.73,-55.341
60.024,-76.039
68.81,-17.954
89.784,-63.534
-45.123,-44.727
-42.333,-45.022
642.69,11.494
120.02,-35.724
53.307,-92.54
81.475,-87.019
727.93,16.584
561.47,-6.5295
462.92,-7.9185
658.5,12.8
574.57,-11.436
329.75,10.138
258.22,0.14431
71.884,-102.72
290.93,-3.4251
227.43,-29.009
453.91,-7.5204
87.452,6.5882
-67.74,-61.384
87.451,6.5882
-67.74,-61.384
284.9,-7.7193
-67.74,-61.384
-67.74,-61.384
-48.069,-52.996
-67.74,-61.384
87.452,6.5882
87.451,6.5881
-67.74,-61.384
47.509,-115.61
-48.069,-52.996
-67.74,-61.384
-67.74,-61.384
-67.74,-61.384
87.452,6.5882
-67.74,-61.384
-48.933,-43.961
72.849,-79.129
50.019,-28.478
87.451,6.5881
-67.74,-61.384
-67.74,-61.384
-67.74,-61.384
-48.069,-52.996
193.72,-30.173
-67.74,-61.384
-48.069,-52.996
-67.74,-61.384
56.048,-35.292
119.22,-42.008
-48.069,-52.996
-67.74,-61.384
-48.069,-52.996
87.451,6.5882
77.649,-96.559
-48.933,-43.961
-50.125,-55.035
-67.74,-61.384
-48.069,-52.996
72.849,-79.129
155.64,17.327
-50.125,-55.035
-48.069,-52.996
87.451,6.5882
-48.069,-52.996
-67.74,-61.384
-67.74,-61.384
-67.74,-61.384
223.54,-17.894
87.451,6.5881
-48.069,-52.996
87.452,6.5881
-45.435,-46.51
-67.74,-61.384
-48.069,-52.996
-48.069,-52.996
-67.74,-61.384
-48.069,-52.996
-48.069,-52.996
-67.74,-61.384
-48.933,-43.961
-70.237,-61.213
-67.74,-61.384
-67.74,-61.384
-67.74,-61.384
-67.74,-61.384
-48.069,-52.996
87.452,6.5882
35.846,-68.764
-48.069,-52.996
84.951,-49.834
396.08,8.8864
-67.74,-61.385
-67.74,-61.384
-48.933,-43.961
-43.793,-48.239
62.973,-80.622
-43.793,-48.239
-43.793,-48.239
-43.793,-48.239
33.091,-63.746
-43.793,-48.239
-51.938,-51.408
-41.645,-36.283
-67.74,-61.384
-67.74,-61.384
-67.74,-61.384
-67.74,-61.384
-67.74,-61.384
-67.74,-61.384
-41.645,-36.283
-39.961,-44.751
-67.74,-61.384
-67.74,-61.384
-67.74,-61.384
-67.74,-61.384
-67.74,-61.384
-67.74,-61.384
-67.74,-61.384
-41.645,-36.283
-67.74,-61.384
-67.74,-61.384
-67.74,-61.384
-67.74,-61.384
-67.74,-61.384
-67.74,-61.384
-40.911,-26.582
-67.74,-61.384
-67.74,-61.384
-68.766,-63.667
-67.74,-61.384
-41.645,-36.283
-67.74,-61.384
-67.74,-61.384
-67.74,-61.384
-67.74,-61.384
-67.74,-61.384
-67.74,-61.384
-67.74,-61.384
-67.74,-61.384
-67.74,-61.384
-67.74,-61.384
-38.743,-41.627
-67.74,-61.384
-67.74,-61.384
-67.74,-61.384
-67.74,-61.384
-67.74,-61.384
72.045,-15.574
-67.74,-61.384
-41.645,-36.283
-67.74,-61.384
-67.74,-61.384
-67.74,-61.384
-67.74,-61.384
-67.74,-61.384
-42.333,-45.022
-67.74,-61.384
-67.74,-61.384
-67.74,-61.384
-67.74,-61.384
-67.74,-61.384
-67.74,-61.384
-44.632,-46.15
87.451,6.588
-67.74,-61.384
-42.333,-45.022
-67.74,-61.384
-67.74,-61.384
-67.74,-61.384
-41.645,-36.283
130.48,-8.2575
-34.233,-41.641
-35.395,-39.284
-35.395,-39.284
-35.395,-39.284
-35.451,-41.769
130.48,-8.2575
-35.395,-39.284
66.567,-31.965
66.567,-31.965
-45.479,-66.063
-35.395,-39.284
-35.395,-39.284
-35.395,-39.284
66.567,-31.965
-35.93,-41.632
-35.395,-39.284
-35.395,-39.284
68.415,-40.047
-35.395,-39.284
-45.479,-66.063
-34.368,-36.897
66.567,-31.965
-35.395,-39.284
66.567,-31.965
-35.395,-39.284
-45.479,-66.063
-35.395,-39.284
-35.395,-39.284
66.567,-31.965
-35.395,-39.284
66.567,-31.965
66.567,-31.965
-35.395,-39.284
-35.395,-39.284
-35.395,-39.284
70.995,-40.226
77.118,-59.102
-32.904,-40.015
-35.395,-39.284
-35.395,-39.284
-35.395,-39.284
66.567,-31.965
-44.461,-46.065
-35.395,-39.284
-35.395,-39.284
-35.395,-39.284
64.285,-30.911
69.514,-42.582
-35.395,-39.284
-35.395,-39.284
-35.395,-39.284
-35.395,-39.284
-35.395,-39.284
-35.395,-39.284
-42.333,-45.022
130.48,-8.2575
-35.395,-39.284
-35.395,-39.284
66.567,-31.965
-91.182,-43.527
-35.395,-39.284
-35.395,-39.284
70.995,-40.226
-35.395,-39.284
-35.395,-39.284
-35.395,-39.284
130.48,-8.2575
-35.395,-39.284
-35.395,-39.284
-35.395,-39.284
66.567,-31.965
-35.395,-39.284
-45.479,-66.063
-35.395,-39.284
-35.395,-39.284
70.995,-40.226
66.567,-31.965
135.44,-35.293
-35.395,-39.284
82.953,-58.752
66.567,-31.965
66.567,-31.965
104.15,-54.611
-35.395,-39.284
-32.807,-39.758
68.081,-29.958
-30.596,-39.526
-35.395,-39.284
66.567,-31.965
-35.395,-39.284
-35.395,-39.284
-35.395,-39.284
-34.504,-41.731
-35.395,-39.284
-42.333,-45.022
82.495,-61.08
-45.479,-66.063
-35.395,-39.284
66.567,-31.965
130.48,-8.2575
66.567,-31.965
-35.395,-39.284
-35.395,-39.284
-35.395,-39.284
-35.395,-39.284
-35.451,-41.769
66.567,-31.965
-35.395,-39.284
66.567,-31.965
-37.589,-37.971
-35.395,-39.284
-35.395,-39.284
-91.182,-43.527
66.567,-31.965
66.567,-31.965
-35.395,-39.284
70.995,-40.226
130.48,-8.2575
66.567,-31.965
-35.395,-39.284
-61.85,-42.246
-34.368,-36.896
-35.395,-39.284
-35.395,-39.284
-42.333,-45.022
-35.395,-39.284
-91.182,-43.527
-35.395,-39.284
-35.395,-39.284
-39.979,-44.459
-34.368,-36.897
-35.395,-39.284
-35.395,-39.284
-37.589,-37.971
-91.182,-43.527
-35.395,-39.284
-34.941,-33.537
-91.182,-43.527
-34.368,-36.897
-33.318,-40.913
-35.395,-39.284
-35.395,-39.284
-35.395,-39.284
-91.182,-43.527
-34.368,-36.897
-35.395,-39.284
-35.395,-39.284
-35.395,-39.284
-35.395,-39.284
-35.395,-39.284
-35.395,-39.284
-35.395,-39.284
-35.395,-39.284
234.04,-0.50755
-35.395,-39.284
-35.395,-39.284
-91.182,-43.527
-35.395,-39.284
-41.848,-41.979
-35.395,-39.284
-34.844,-41.794
-35.395,-39.284
-34.368,-36.897
-34.368,-36.897
-34.368,-36.897
-35.395,-39.284
-34.368,-36.897
-35.395,-39.284
-19.776,-37.984
-35.395,-39.285
-34.368,-36.897
-35.395,-39.285
-35.395,-39.284
-35.395,-39.284
-34.368,-36.897
-32.751,-39.399
-91.182,-43.527
-35.395,-39.284
-37.589,-37.971
-35.395,-39.284
-35.395,-39.284
-35.395,-39.284
-35.395,-39.284
-33.003,-40.242
-35.395,-39.283
-33.318,-40.913
-35.395,-39.283
-35.395,-39.284
-34.368,-36.897
-34.368,-36.897
-22.116,-33.275
-34.368,-36.897
-35.395,-39.284
-32.4,-34.064
-35.395,-39.284
-35.395,-39.284
-34.368,-36.897
-35.395,-39.284
-91.182,-43.527
-34.368,-36.897
-35.395,-39.284
-35.395,-39.284
-35.395,-39.284
-61.85,-42.246
-35.395,-39.284
-32.717,-38.736
-35.395,-39.284
-35.395,-39.284
-35.395,-39.284
-35.395,-39.284
31.492,21.9
-35.395,-39.284
-35.395,-39.284
-35.395,-39.284
-34.368,-36.897
-34.368,-36.897
-35.395,-39.284
-36.96,-37.08
-35.395,-39.284
-32.717,-38.736
-35.395,-39.284
-35.395,-39.284
-35.395,-39.284
-35.395,-39.284
-91.182,-43.527
-35.395,-39.284
-35.395,-39.284
-35.395,-39.284
-35.395,-39.284
-32.803,-40.661
-35.395,-39.284
-35.395,-39.284
-42.333,-45.022
-33.741,-41.371
-35.395,-39.284
233.88,-3.0199
-42.333,-45.022
-68.857,-80.636
-35.395,-39.284
233.88,-3.0199
-34.368,-36.897
-34.368,-36.897
-35.395,-39.284
-35.395,-39.284
-35.395,-39.284
-91.182,-43.527
-34.368,-36.897
-55.081,-50.971
-35.395,-39.284
-35.395,-39.284
-35.395,-39.284
-35.395,-39.284
-45.154,-42.512
-35.395,-39.284
-35.395,-39.284
-35.395,-39.284
-35.395,-39.284
233.69,-5.5297
-35.395,-39.284
-34.368,-36.897
-35.395,-39.284
-35.395,-39.284
-35.395,-39.284
-35.395,-39.284
-35.395,-39.284
-35.395,-39.284
-35.395,-39.284
-34.368,-36.897
-35.395,-39.284
-35.395,-39.284
-33.741,-41.371
-42.333,-45.022
-35.395,-39.284
-35.395,-39.284
-35.395,-39.284
-34.368,-36.897
-34.368,-36.897
-35.395,-39.284
-35.395,-39.284
-35.395,-39.284
-34.368,-36.897
-35.395,-39.284
-35.395,-39.284
-45.154,-42.512
-35.395,-39.284
-35.395,-39.284
-35.395,-39.284
-34.368,-36.897
-34.368,-36.897
-32.751,-39.399
-34.368,-36.897
-34.368,-36.897
-37.589,-37.971
-35.395,-39.284
-35.395,-39.284
-42.333,-45.022
-35.395,-39.284
-91.182,-43.527
-34.368,-36.897
-55.081,-50.971
-61.85,-42.246
-35.395,-39.284
-35.395,-39.284
-42.333,-45.022
-35.395,-39.284
-35.395,-39.284
-35.395,-39.284
-34.368,-36.897
-34.368,-36.897
-35.395,-39.285
-35.395,-39.284
-35.395,-39.284
-34.368,-36.897
-35.395,-39.284
-35.395,-39.284
-30.777,-35.552
-35.395,-39.284
-35.395,-39.284
-32.717,-38.736
-35.395,-39.284
-35.395,-39.284
-35.395,-39.284
-35.395,-39.284
-35.395,-39.284
-35.395,-39.284
-91.182,-43.527
-35.395,-39.284
-35.395,-39.284
-35.395,-39.284
-34.368,-36.897
-34.368,-36.897
-37.589,-37.971
-35.395,-39.284
-35.395,-39.284
-42.333,-45.022
-35.395,-39.284
-35.395,-39.284
-61.85,-42.246
-35.395,-39.284
-35.395,-39.284
-45.154,-42.512
-35.395,-39.284
-33.052,-40.464
-34.368,-36.897
-35.395,-39.284
-35.395,-39.284
-33.741,-41.371
-91.182,-43.527
-30.596,-39.526
-35.395,-39.284
-35.395,-39.284
-35.395,-39.284
233.88,-3.0199
-32.717,-38.736
-95.01,-61.737
-35.395,-39.284
-35.395,-39.284
-35.395,-39.284
-91.182,-43.527
-34.232,-41.641
-35.395,-39.284
-35.395,-39.284
-35.395,-39.284
-35.395,-39.284
-34.368,-36.897
-36.96,-37.08
-34.368,-36.897
-35.395,-39.284
-34.368,-36.897
-35.395,-39.284
-28.32,-31.65
-35.395,-39.284
-37.589,-37.971
-42.333,-45.022
-35.395,-39.284
-35.395,-39.284
-91.182,-43.527
-34.368,-36.897
-34.368,-36.897
-34.368,-36.897
-42.333,-45.022
-55.081,-50.971
-35.395,-39.284
-35.395,-39.284
-33.88,-33.091
231.42,-20.167
-32.4,-34.064
-35.395,-39.284
-35.395,-39.284
-34.368,-36.897
-35.395,-39.284
-91.182,-43.527
-35.395,-39.284
-35.395,-39.284
-35.395,-39.284
-34.368,-36.897
-35.395,-39.284
-30.596,-39.526
-35.395,-39.284
-35.395,-39.284
-33.318,-40.913
-35.395,-39.284
-34.368,-36.897
-35.395,-39.284
16.269,-52.092
-32.579,-40.057
-42.333,-45.022
-34.368,-36.897
-35.395,-39.284
-35.395,-39.284
-35.395,-39.284
-91.182,-43.527
-35.395,-39.284
-35.395,-39.284
-91.182,-43.527
-34.368,-36.897
-61.85,-42.246
-31.5,-34.869
-35.395,-39.284
-35.395,-39.284
-42.858,-42.669
-35.395,-39.284
-35.395,-39.284
-35.395,-39.284
-35.395,-39.284
-35.395,-39.284
-35.395,-39.284
-34.368,-36.897
-35.395,-39.284
-35.395,-39.284
-35.395,-39.284
-68.857,-80.636
-35.395,-39.284
233.88,-3.0199
-35.395,-39.284
-35.395,-39.284
-31.967,-42.31
-35.395,-39.284
-32.717,-38.736
-34.368,-36.897
-35.395,-39.284
-36.96,-37.08
-33.428,-33.952
-35.395,-39.284
-42.333,-45.022
-43.282,-42.789
-36.314,-53.226
-42.333,-45.022
-67.74,-61.384
-67.74,-61.384
126.86,22.113
-67.74,-61.384
-36.965,-59.298
-67.74,-61.384
-67.74,-61.384
-67.74,-61.384
-67.74,-61.384
-67.74,-61.384
-67.74,-61.384
74.192,-87.317
-67.74,-61.384
-42.454,-59.945
-41.799,-53.473
-42.454,-59.945
-42.454,-59.945
-40.055,-64.806
-42.454,-59.945
-41.21,-62.571
-42.454,-59.945
-42.454,-59.945
-42.454,-59.945
-42.454,-59.945
-42.454,-59.945
-42.395,-64.056
51.334,24.31
-158.89,-34.662
54.469,-73.922
39.258,-103.92
68.415,-40.047
-41.81,-47.429
-42.333,-45.022
147.64,-44.153
67.26,-42.4
-42.333,-45.022
68.415,-40.047
112.33,-66.356
-42.333,-45.022
13.429,-111.34
90.66,-88.34
38.186,-101.7
-42.333,-45.022
68.415,-40.047
68.415,-40.047
-42.333,-45.022
-42.66,-42.594
-42.333,-45.022
13.429,-111.34
68.415,-40.047
-42.333,-45.022
117.36,-50.061
68.415,-40.047
41.837,-74.785
-42.333,-45.022
-39.831,-45.398
-40.145,-42.753
68.415,-40.047
-42.333,-45.022
-42.333,-45.022
-42.333,-45.022
68.415,-40.047
-41.81,-47.429
-42.333,-45.023
68.415,-40.047
68.415,-40.047
-42.333,-45.022
81.388,23.767
-42.333,-45.022
-42.333,-45.022
38.186,-101.7
41.837,-74.785
11,-111.98
19.865,-109.89
68.415,-40.047
-42.333,-45.022
68.415,-40.047
-41.297,-47.503
-42.333,-45.022
68.415,-40.047
93.12,-42.727
-42.333,-45.022
-42.333,-45.023
-42.566,-42.068
-42.333,-45.022
-42.333,-45.022
-42.333,-45.022
-42.333,-45.022
38.186,-101.7
68.415,-40.047
377.65,-23.644
-42.333,-45.022
-42.333,-45.022
15.583,-112.66
-40.33,-46.637
68.415,-40.047
-41.81,-47.429
-42.333,-45.022
66.339,-38.585
-42.333,-45.022
13.429,-111.34
137.21,-33.622
68.415,-40.047
-42.333,-45.022
488.15,-10.277
-41.81,-47.429
-42.333,-45.022
-42.333,-45.022
68.415,-40.047
-42.333,-45.022
-42.333,-45.022
67.26,-42.4
-42.333,-45.022
91.285,34.39
134.41,-49.337
-67.74,-61.384
-67.74,-61.384
-67.74,-61.384
-67.74,-61.384
-67.74,-61.384
-67.74,-61.384
-67.74,-61.384
-67.74,-61.384
-67.74,-61.384
-67.74,-61.384
-67.74,-61.384
-67.74,-61.384
-67.74,-61.384
-65.56,-60.049
-67.74,-61.384
-67.74,-61.384
-67.74,-61.384
-67.74,-61.384
78.93,10.314
-67.74,-61.384
-67.74,-61.384
-67.74,-61.384
-67.74,-61.384
-67.74,-61.384
-67.74,-61.384
-67.74,-61.384
-67.74,-61.384
-67.74,-61.384
-67.74,-61.384
-65.56,-60.049
-67.74,-61.384
-67.74,-61.384
-67.74,-61.384
-67.74,-61.384
-67.74,-61.384
-67.74,-61.384
-67.74,-61.384
-67.74,-61.384
54.039,-99.107
-67.74,-61.384
-67.74,-61.384
-67.74,-61.384
-67.74,-61.384
-67.74,-61.384
-54.769,-32.618
-54.769,-32.618
-54.769,-32.618
-54.769,-32.618
-54.769,-32.618
-54.769,-32.618
-54.769,-32.618
-54.769,-32.618
34.666,-47.27
-54.769,-32.618
-54.769,-32.618
-53.635,-30.272
-54.769,-32.618
-62.257,-25.994
-54.769,-32.618
-54.769,-32.618
-54.769,-32.618
-54.769,-32.618
-54.769,-32.618
88.03,30.773
-54.769,-32.618
-57.156,-31.325
-54.769,-32.618
-54.769,-32.618
-54.769,-32.618
-54.769,-32.618
-54.769,-32.618
-54.769,-32.618
-54.769,-32.618
-54.769,-32.618
-54.769,-32.618
-57.465,-32.442
-54.769,-32.618
-54.769,-32.618
-54.769,-32.618
-54.769,-32.618
-54.769,-32.618
-54.769,-32.618
-54.769,-32.618
-54.769,-32.618
-54.769,-32.618
-54.769,-32.618
-53.635,-30.272
28.207,-62.481
-57.213,-33.657
50.253,-4.4401
-56.419,-30.462
-54.769,-32.618
-54.769,-32.618
-54.769,-32.618
-54.769,-32.618
-54.769,-32.618
-55.375,-29.954
-54.769,-32.618
138.16,-57.488
256.94,-14.155
-42.333,-45.022
-39.831,-45.398
107.97,-59.346
-41.297,-47.503
-33.992,-51.898
-42.333,-45.022
101.89,-60.138
-41.81,-47.429
-40.33,-46.637
347.35,4.8018
720.62,8.7645
-33.825,-53.664
-38.896,-47.029
-53.629,-86.701
-39.831,-45.398
151.15,11.724
596.14,-7.4867
-44.026,-46.695
-39.831,-45.398
-41.81,-47.429
149.33,24.64
-41.81,-47.429
-43.987,-62.284
-119.05,-58.034
-40.599,-43.369
-40.599,-43.369
-132.61,-43.566
67.093,-4.9207
44.091,-64.511
76.226,13.409
13.763,-15.771
28.028,19.856
208.74,-17.069
3.9879,16.805
3.9879,16.805
3.9879,16.805
3.9879,16.805
3.9879,16.805
3.9879,16.805
88.429,-20.955
695,21.455
208.49,-9.7456
129.99,12.748
81.199,-53.406
133.63,-27.867
101.75,36.262
15.871,-17.569
46.289,-43.504
110.54,44.808
569.39,-0.30701
252.8,-21.555
-40.249,12.824
46.29,-43.504
521.23,0.84412
90.756,-17.552
-40.249,12.824
96.57,-5.6544
90.756,-17.552
163.2,-11.261
476.25,-1.7188
159.57,-18.39
102.57,25.525
417.24,8.4949
238.98,-15.63
366.89,1.5515
90.756,-17.552
168.14,-0.47305
-40.248,12.824
163.2,-11.261
163.07,-2.5437
-42.333,-45.022
-40.162,-44.009
-42.333,-45.022
10.513,-17.426
-42.333,-45.022
-42.333,-45.023
-42.333,-45.022
-38.917,-44.495
-42.333,-45.022
-38.518,-45.372
-38.142,14.432
-42.333,-45.022
-44.458,-46.069
-39.972,-43.313
-38.142,14.432
-42.333,-45.022
-42.333,-45.022
-38.142,14.432
-42.333,-45.022
-42.333,-45.022
-42.333,-45.022
-31.298,-55.976
-36.372,15.737
-42.333,-45.022
-38.142,14.432
-42.333,-45.022
-42.333,-45.022
-122.1,-69.353
-122.1,-69.353
88.665,-9.9761
515.96,-10.286
90.756,-17.552
612.64,-1.686
294.19,-22.181
550.73,-8.2444
208.49,-9.7456
815.83,8.8062
377.12,2.4988
862.89,10.427
301.28,5.2312
126.48,7.5257
161.39,4.2628
-10.368,-100.38
-38.339,-60.723
-42.333,-45.022
39.501,-112.83
79.678,5.4174
-40.249,12.825
25.595,-100.49
-38.917,-46.052
6.5969,-59.307
-42.333,-45.022
-38.917,-46.052
45.987,8.4707
45.889,-29.046
-10.828,-65.877
2.1079,-76.916
72.977,10.318
108.62,34.495
67.12,19.812
50.122,-104.34
-91.363,-29.448
44.154,-84.658
-42.333,-45.022
38.433,-6.8471
-9.9228,-3.8617
-95.048,-56.279
-23.693,-58.391
48.189,-20.296
-42.333,-45.022
60.538,13.905
56.017,-46.282
-30.152,-74.131
71.074,18.998
-4.1644,-84.904
-5.8526,-67.602
-8.2699,-66.469
43.942,4.6776
-32.487,-80.912
-8.2699,-66.469
72.048,14.778
-10.815,-67.201
52.529,-58.779
-8.2699,-66.469
-32.748,-89.753
68.878,-64.91
53.61,11.801
-10.815,-67.201
-29.009,-48.119
-33.313,-58.685
9.5028,-71.644
-35.786,-85.145
65.432,0.31088
-39.172,-54.743
11.64,-66.673
-23.693,-58.391
-42.333,-45.022
-8.2699,-66.469
42.112,-10.688
-8.2699,-66.469
-39.172,-54.743
36.388,-28.077
-23.935,-97.2
-38.917,-46.052
44.235,-16.291
79.108,-4.2978
-42.333,-45.022
186.16,-16.002
45.489,-108.59
23.393,7.2806
-117.02,-13.318
-42.334,-48.319
-91.268,-66.674
62.426,-7.8774
-42.333,-45.022
39.162,-20.874
56.638,-105.76
20.788,-103.75
-42.333,-45.022
-8.2699,-66.469
50.592,-86.086
-42.433,-41.292
16.309,-78.663
-5.8526,-67.602
69.294,-1.52
-8.2699,-66.469
98.503,46.631
71.314,-95.269
-5.7761,-0.23608
-5.4423,-65.658
-8.2699,-66.469
-42.333,-45.022
300.11,23.718
-42.333,-45.022
33.541,-117.38
-42.333,-45.022
-101.96,-38.019
-42.333,-45.023
6.4568,-93.936
-42.433,-41.292
93.162,47.221
52.014,-36.007
496.06,-4.0377
-38.917,-46.052
-33.313,-58.685
6.5969,-59.307
70.543,23.558
67.753,15.561
-119.75,-41.039
1.0142,-121.45
-23.583,-22.16
65.842,5.2078
-3.4521,-70.163
79.132,35.423
-8.5977,-75.802
-11.393,-64.62
-42.333,-45.022
-31.358,-85.363
53.444,-67.824
28.672,-120.89
-42.333,-45.022
55.09,22.955
-8.2699,-66.469
-42.333,-45.022
-38.917,-46.052
60.006,-61.528
-42.333,-45.022
7.0492,-105.77
-41.124,-50.565
-101.84,-17.417
-41.124,-50.565
0.94282,-70.695
42.49,-4.7201
-42.333,-45.022
-42.948,-47.4
-40.249,12.824
89.131,-2.6729
-39.603,-43.665
76.524,2.5431
-8.2699,-66.469
-27.919,-89.703
-5.8526,-67.602
58.792,25.922
120.01,3.7489
36.282,-41.954
51.784,-17.864
-1.9786,-67.49
11.08,-92.517
-122.84,-5.7362
55.709,-53.73
-8.2699,-66.469
-32.175,-50.286
-91.363,-29.448
22.877,-49.572
111.85,-17.129
115.89,12.73
-50.221,-48.631
-8.2699,-66.469
-42.786,-48.015
88.397,44.332
-6.5259,-64.485
40.535,-25.212
-92.408,-16.026
90.756,-17.552
238.59,14.838
365.15,-10.235
507.84,-4.7181
219.66,-11.006
124.88,-26.219
351.9,-25.441
402.33,-18.491
335.31,16.608
766.44,15.834
382.31,-13.39
96.57,-5.6544
90.756,-17.552
92.289,-19.626
155.42,-13.237
162.08,1.3322
125.44,-23.786
163.2,-11.261
247.56,17.574
13.763,-15.771
9.8661,-78.304
-15.049,-2.8371
63.112,20.577
10.32,-122.8
-40.249,12.824
-91.363,-29.448
-36.923,12.868
181.85,22.597
-91.363,-29.448
12.295,-26.848
40.014,3.6723
-91.363,-29.448
118.93,-2.3014
-91.363,-29.448
-94.838,-4.4615
66.55,23.968
15.871,-17.569
75.333,17.679
-103.1,-15.325
10.341,8.9511
-140.17,-15.589
36.6,-60.886
25.763,-43.981
-13.088,-7.8813
287.24,-33.043
163.79,-8.7587
770.83,-0.46272
165.33,17.112
159.61,-47.554
352.2,-4.1363
90.756,-17.552
124.71,27.988
163.2,-11.261
183.1,-3.6228
331.77,0.91296
163.2,-11.261
94.617,-10.675
110.45,50.904
165.51,-10.168
363.08,-26.088
207.86,11.502
245.61,3.2801
479.09,17.665
163.2,-11.261
89.104,-15.57
252.07,-4.3564
269.94,-28.921
90.756,-17.552
219.54,-33.857
90.756,-17.552
156.56,-6.7714
163.2,-11.261
88.217,-17.086
163.2,-11.261
160.66,-11.298
163.2,-11.261
605.28,-8.2152
90.756,-17.552
208.49,-9.7456
335.84,-16.398
163.2,-11.261
165.43,-3.8124
90.756,-17.552
90.756,-17.552
22.919,-9.2683
240.1,-28.233
-113.11,-40.745
163.2,-11.261
90.756,-17.552
-41.132,11.951
-8.0401,-90.801
13.763,-15.771
55.476,18.98
112,57.996
59.057,21.824
-40.98,-47.964
37.32,6.831
42.131,-0.04724
57.184,-20.739
109.81,14.468
13.128,-61.427
32.588,-33.844
76.872,31.155
13.921,-82.894
50.292,9.0658
117.23,42.468
49.428,-32.58
18.215,-39.105
65.625,28.23
-89.153,-72.896
120.19,31.183
99.961,14.658
50.645,-77.163
47.049,-60.747
21.067,-43.862
80.271,41
11.312,-14.691
46.035,-2.6298
63.605,-16.275
55.749,-12.584
52.258,16.056
13.763,-15.771
57.67,-8.2911
111.96,23.554
15.871,-17.569
88.558,-18.816
248.9,-13.759
124.88,-26.219
90.756,-17.552
171.2,-11.22
208.49,-9.7456
90.756,-17.552
183.92,-5.9593
90.756,-17.552
163.2,-11.261
163.2,-11.261
92.433,-15.584
938.49,12.565
616.32,13.698
163.8,-13.74
90.756,-17.552
208.47,-7.2523
1099.7,17.594
90.761,-14.973
208.49,-9.7456
163.2,-11.261
163.2,-11.261
269.94,-28.921
145.61,-14.083
90.756,-17.552
90.756,-17.552
124.88,-26.219
163.2,-11.261
163.2,-11.261
163.2,-11.261
124.88,-26.219
90.756,-17.552
90.756,-17.552
124.88,-26.219
163.2,-11.261
161.6,-9.2863
163.2,-11.261
90.756,-17.552
163.2,-11.261
163.2,-11.261
527.81,12.527
163.2,-11.261
163.2,-11.261
163.2,-11.261
90.756,-17.552
163.2,-11.261
90.756,-17.552
90.756,-17.552
163.2,-11.261
208.49,-9.7456
33.849,3.6322
124.75,-39.507
105,-9.9264
13.641,-74.05
180.96,-22.755
104.8,50.821
130.62,3.4483
47.809,-81.445
203.13,-28.281
200.2,-37.002
12.128,-54.448
11.312,-14.691
61.171,-20.252
47.837,16.964
-102.88,2.0563
-77.449,-0.2478
-85.526,-8.1622
40.092,11.699
35.624,35.369
-113.58,62.349
-82.768,42.594
-108.26,60.413
-2.6728,79.269
-72.535,35.84
-21.765,36.834
-136.99,7.1583
-74.119,39.448
-86.299,34.345
-124.42,69.206
-69.827,23.642
17.907,18.56
20.443,18.331
17.907,18.56
-118.67,15.021
-153.17,24.3
-104.3,19.858
-125.74,13.263
-120.54,13.636
-125.74,13.263
-105.79,17.804
-105.79,17.804
-85.328,14.448
-102.01,18.635
-104.3,19.858
-104.3,19.858
-104.3,19.858
-104.3,19.858
-106.14,21.68
-102.78,21.945
-143.01,0.30263
-98.046,24.758
-127.45,11.543
-125.74,13.263
-104.3,19.858
-171.15,-7.1407
-166.35,-1.9111
70.101,64.231
-105.54,51.951
-17.034,41.954
-73.72,13.068
32.12,108.45
-155.71,-1.1119
-155.78,5.0697
-153.1,1.0893
-161.14,-5.9477
-148.35,-3.6677
-132.95,3.8774
-130.24,5.6757
-130.24,5.6757
-78.815,11.405
-82.659,6.2481
-111.24,0.69716
-115.96,0.10108
-139.97,10.937
-29.24,36.804
-2.6367,17.93
-5.4163,14.371
-5.4163,14.371
-159.67,10.058
-0.61261,12.501
35.956,28.456
43.67,30.192
-148.02,23.122
-131.12,15.995
-86.498,28.696
-163.63,-13.571
19.372,70.016
26.906,67.939
5.2661,78.543
28.518,30.071
-2.3621,43.456
76.462,44.773
58.093,39.478
-25.936,78.599
-151.57,57.152
-100.45,50.533
32.26,91.764
15.418,18.436
15.418,18.436
15.418,18.436
26.568,12.018
-83.955,-1.6433
15.418,18.436
15.418,18.436
15.418,18.436
-74.421,3.3152
12.988,17.955
-135.52,-8.3616
-102.02,7.2874
-107.15,4.8516
-96.252,8.1893
-109.4,4.5368
-83.663,10.595
-3.2004,8.9128
-151.1,36.282
-90.133,67.053
-43.385,50.752
-3.8448,75.62
68.411,68.977
95.723,75.126
-21.409,70.941
50.972,124.51
-28.826,66.221
-41.169,52.539
-4.0061,99.43
-111.57,39.162
-44.114,93.004
-73.163,141.22
17.774,50.177
20.246,56.819
67.226,41.069
-3.8005,48.934
-40.369,41.97
13.65,41.779
14.052,36.584
-15.913,27.629
-69.256,41.401
-78.758,40.607
-65.782,43.867
-86.202,40.587
-114.87,77.786
-119.04,76.15
55.222,43.455
-23.34,44.348
-92.073,9.9232
-88.591,11.703
-97.35,93.523
-10.88,80.526
32.023,73.126
-56.591,124.61
15.943,73.043
43.526,68.255
22.772,67.306
-104.38,88.673
-15.211,40.241
-17.034,41.954
-15.211,40.241
-12.918,37.74
-15.211,40.241
-17.034,41.954
-72.061,28.848
-72.061,28.848
-52.587,36.633
-75.581,32.475
-145.72,-10.791
-140.09,-10.417
-82.274,31.588
-80.129,32.274
-56.591,124.61
-103.11,100.03
-89.4,88.553
52.721,91.617
-124.42,69.206
-141.18,62.256
-139.11,63.483
-40.948,97.785
-108.38,64.896
-96.784,62.267
-125.01,95.219
-112.37,-3.7049
72.362,40.433
50.867,73.897
64.533,64.545
11.379,110.13
-120.56,6.0499
-120.56,6.0499
-120.56,6.0499
-122.99,6.0392
-17.034,41.954
-17.034,41.954
-17.034,41.954
-17.034,41.954
-17.034,41.954
-17.034,41.954
-17.034,41.954
-17.034,41.954
-17.034,41.954
-17.034,41.954
-17.034,41.954
-17.034,41.954
-17.034,41.954
-17.034,41.954
-17.034,41.954
-17.034,41.954
-17.034,41.954
-17.034,41.954
-17.034,41.954
-120.61,-0.5307
-17.034,41.954
-17.034,41.954
-17.034,41.954
-17.034,41.954
-17.034,41.954
-17.034,41.954
-17.034,41.954
-17.034,41.954
-17.034,41.954
-17.034,41.954
-17.034,41.954
-17.034,41.954
-17.034,41.954
-17.034,41.954
-17.034,41.954
-17.034,41.954
-82.466,37.179
-165.89,50.65
7.8955,22.393
-77.533,20.827
-89.429,120.42
-81.364,112.25
-79.262,113.76
-16.454,65.746
68.874,76.58
-124.42,69.206
-126.79,68.548
-124.42,69.206
64.533,64.545
-7.7092,77.798
-81.364,112.25
-80.831,109.47
-80.188,105.92
-79.554,115.85
-81.212,121.42
-82.327,124.13
15.403,28.037
-9.6936,22.166
-6.8042,19.399
76.35,50.219
20.42,73.939
61.459,81.245
66.345,36.059
61.335,61.245
-13.178,95.669
39.149,50.422
-87.198,92.285
43.763,58.201
40.431,52.85
51.837,60.485
82.957,77.313
-34.735,48.963
-22.094,59.647
-22.094,59.647
-112.59,103.35
0.75887,76.612
-23.023,74.565
-88.631,57.686
-91.292,61.693
-27.349,73.735
-35.911,70.626
-55.992,43.503
-77.074,50.837
-18.54,73.699
-55.796,40.866
-61.535,47.061
12.745,76.149
-17.219,77.049
-45.862,49.907
-55.992,43.503
-72.892,50.645
-41.169,52.539
-43.503,48.106
-96.309,69.744
-16.529,70.254
-58.703,42.69
-30.493,70.431
-41.169,52.539
-32.713,73.715
-75.258,43.16
-53.468,43.701
-33.71,67.012
-55.992,43.503
-87.481,70.943
-83.36,58.122
-38.965,53.711
-28.826,66.221
-81.364,112.25
-81.364,112.25
-81.364,112.25
-140.86,83.656
40.431,52.85
48.268,56.187
48.234,52.028
40.431,52.85
42.892,54.159
-81.364,112.25
40.431,52.85
40.505,55.499
40.505,55.499
39.149,50.422
36.2,57.489
-86.048,102.93
-105.83,125.98
47.223,60.103
-67.373,137.71
-46.578,141.11
-108.05,117.62
25.115,26.841
-136.69,93.738
71.932,54.66
-20.333,141.28
-52.955,140.53
40.431,52.85
-125.89,1.1168
-94.487,19.301
-94.487,19.301
-94.487,19.301
-137.84,22.792
-150.49,18.422
-148.76,13.697
-136.74,29.71
-144.58,19.327
-137.84,22.792
-81.854,49.073
-38.527,46.487
-9.6135,61.709
-30.387,77.034
13.38,91.31
9.4533,93.903
1.0608,97.74
11.416,129.38
-38.901,137.65
-50.69,110.61
-39.508,107.01
-89.148,75.621
-46.776,96.533
-44.382,129.76
-45.528,124.07
-101.13,70.573
-18.741,65.409
-3.8622,62.575
-26.219,62.161
-21.078,65.929
-23.44,65.808
-0.58959,60.677
-99.248,66.209
-34.895,62.869
-7.3734,64.832
39.515,70.298
27.987,72.02
-21.078,65.929
-30.722,61.849
-45.368,39.743
-2.9724,95.574
-151.1,36.282
71.932,54.66
16.444,133.71
6.5385,55.187
51.766,45.55
15.939,58.866
-6.076,112.21
41.264,35.013
-132.22,26.403
90.468,88.997
-15.839,86.938
-113.94,120.56
-85.658,107.51
-137.76,101.2
-25.215,139.81
-25.215,139.81
-25.215,139.81
-28.428,132.77
-22.3,95.607
10.117,53.216
62.249,69.307
87.329,82.608
58.283,121.77
73.764,108.94
-71.407,117.77
-69.645,119.64
-65.548,117.2
-33.02,129.24
3.5478,53.049
14.898,68.335
0.89774,6.2856
1.7508,8.4674
3.591,58.229
-56.268,76.574
-54.876,63.935
-55.837,65.053
-54.697,73.532
-55.17,69.775
-52.119,71.293
-52.119,71.293
-52.119,71.293
-52.119,71.293
-56.526,67.331
-55.726,64.5
-58.327,69.277
-60.395,71.616
-58.327,69.277
-60.395,71.616
-58.327,69.277
-58.327,69.277
-58.327,69.277
-58.327,69.277
-55.17,69.775
-55.17,69.775
-55.17,69.775
-58.327,69.277
-58.327,69.277
-58.327,69.277
-55.17,69.775
-55.17,69.775
-55.17,69.775
-60.784,94.27
-40.572,71.014
-55.762,85.063
-55.17,69.775
-54.697,73.532
-54.697,73.532
-58.327,69.277
-58.327,69.277
-58.327,69.277
-58.327,69.277
-58.327,69.277
-58.327,69.277
-58.327,69.277
-58.327,69.277
-65.249,91.224
-65.249,91.224
-56.526,67.331
-53.572,68.5
-56.526,67.331
-56.526,67.331
-56.526,67.331
-56.526,67.331
-56.526,67.331
-53.572,68.5
-56.526,67.331
-56.526,67.331
-56.526,67.331
-53.572,68.5
-54.96,65.356
-54.96,65.356
-56.526,67.331
-56.526,67.331
-56.526,67.331
-56.526,67.331
-56.526,67.331
-55.17,69.775
-55.17,69.775
-56.526,67.331
-49.743,69.613
-19.775,59.765
24.279,40.845
24.279,40.845
24.279,40.845
23.364,43.174
23.364,43.174
22.405,45.755
30.007,35.566
27.379,35.289
62.402,42.389
45.329,42.243
24.279,40.845
29.985,38.084
24.279,40.845
24.279,40.845
24.279,40.845
21.046,35.509
21.046,35.509
24.279,40.845
24.279,40.845
24.279,40.845
24.279,40.845
24.279,40.845
24.279,40.845
29.987,43.333
17.291,32.522
-42.259,102.88
11.669,72.151
-56.488,45.985
0.10022,51.177
-25.936,78.599
-20.957,105.07
-92.247,95.341
-58.623,118.21
-77.573,126.92
-87.36,97.411
-85.001,97.07
-36.949,119.85
-74.787,69.025
-8.5831,97.535
-128.47,80.152
59.344,49.727
-56.974,64.858
-56.974,64.858
-2.3796,136.96
-158.15,32.726
-0.017271,130.72
3.3987,145.39
84.306,95.121
-38.965,53.711
80.04,102.78
78.44,58.243
16.785,45.718
14.975,46.963
-39.254,125.82
14.466,79.712
-121.36,115.62
-92.712,13.877
61.269,55.194
61.269,55.194
66.842,58.681
66.842,58.681
-78.326,5.9376
-115.88,18.856
-48.098,117.02
43.179,72.636
-146.04,71.915
-52.331,53.022
-52.331,53.022
-52.331,53.022
-52.331,53.022
-36.429,75.698
-35.156,106.37
-153.35,79.655
-56.526,67.331
-104.53,79.618
-74.645,122.62
-37.657,144.23
-40.103,144.12
-81.364,112.25
-80.917,114.73
-96.48,127
-87.777,113.16
-84.232,112.47
-130.84,108.16
-82.42,136
-64.637,124.43
-62.945,122.72
-74.387,96.92
-107.29,103.79
-130.03,91.544
-70.308,106.4
44.275,48.963
42.481,51.098
42.481,51.098
42.481,51.098
-107.46,40.27
-85.134,54.017
49.548,41.625
59.262,45.119
33.98,45.762
18.86,80.97
46.42,34.024
-50.496,134.77
-110.12,88.605
0.10968,64.555
21.455,103.21
8.6736,75.604
-6.5796,93.696
0.78629,93.453
-167.79,40.669
-148.05,63.8
-97.355,54.72
-106.29,35.97
-117.61,30.427
-131.05,98.209
37.26,125.75
45.789,129.36
26.831,49.787
23.696,71.161
-69.783,9.3044
49.948,87.45
52.064,69.246
28.416,83.32
-23.461,91.466
42.859,84.58
45.225,88.456
46.549,114.37
54.055,100.37
68.212,81.248
39.269,117.14
-86.854,62.675
41.742,111.84
76.52,77.904
30.426,87.864
-26.851,96.033
34.021,104.02
-10.405,91.816
65.865,116.91
64.239,94.153
-20.964,78.553
-17.1,81.019
47.334,83.49
1.6054,80.645
72.502,73.67
-22.521,82.425
40.175,97.153
5.246,91.905
39.548,103.02
-7.1503,89.154
9.1067,89.592
-9.6706,84.477
-13.887,83.358
-3.0828,91.075
58.499,77.443
63.701,99.141
58.844,114.51
41.434,76.7
59.243,108.26
64.845,89.342
40.198,88.723
-15.09,91.009
-1.9663,87.234
-49.13,46.226
80.758,82.301
31.896,79.803
53.084,111.76
71.353,102.63
70.309,91.576
16.937,88.174
11.803,82.686
15.924,83.951
64.306,77.293
76.593,85.93
55.771,95.629
66.263,110.22
77.921,73.216
37.836,107.78
33.939,95.907
26.209,78.986
-38.521,80.608
51.974,82.775
-40.46,85.026
40.528,80.813
56.598,82.338
53.869,77.956
-23.513,86.825
-76.263,47.021
89.24,76.534
-39.249,92.898
65.029,84.61
30.903,100.01
76.585,97.174
59.014,90.859
-30.61,81.909
69.864,96.996
8.685,85.109
55.351,73.394
-19.72,88.857
24.601,86.493
36.415,80.192
37.554,92.915
89.234,64.435
87.364,62.943
48.788,102.86
42.573,92.683
35.406,88.554
45.243,96.677
70.69,86.392
43.493,106.6
49.425,78.736
5.6562,82.536
-18.83,92.974
54.919,87.12
13.217,55.875
-77.376,36.339
-123.94,88.706
-123.94,77.554
-27.35,115.78
-39.254,125.82
-35.203,94.991
23.225,82.145
53.553,105.93
5.2705,87.389
76.519,91.432
1.9334,84.864
50.055,97.185
33.606,84.184
-26.681,83.663
58.997,102.3
44.912,79.637
-19.165,84.502
83.409,72.014
-109.16,69.465
-89.254,52.888
-101.82,54.62
101.73,71.803
3.7625,138.69
-66.439,55.06
44.079,101.23
17.987,92.24
12.682,87.019
21.591,89.655
38.029,84.679
28.416,83.32
-94.175,76.95
48.176,108.7
-104.53,67.743
58.092,95.277
73.245,81.374
-94.243,58.463
67.385,52.705
-89.149,23.148
7.3958,71.794
-102.91,62.459
47.916,92.411
34.617,76.416
9.3749,79.606
29.424,76.352
-37.913,88.845
82.944,88.405
88.796,70.591
-67.834,102.26
-28.543,124.86
-79.888,95.066
-77.539,92.68
-37.795,115.05
38.969,123.99
1.8628,33.252
32.205,60.066
51.909,50.028
-124.95,33.172
39.295,66.121
-12.085,65.005
32.309,17.943
-13.178,95.669
-154.15,12.157
-103.13,39.633
53.101,56.49
38.014,39.395
19.495,61.435
18.11,97.473
20.459,97.824
13.876,95.688
9.2783,98.268
25.572,99.723
18.11,97.473
28.683,104.24
12.889,100.31
-65.885,58.904
-62.764,60.278
-62.764,60.278
-65.885,58.904
-65.885,58.904
-62.764,60.278
-56.526,67.331
-56.526,67.331
-74.787,69.025
-53.378,65.157
-64.93,85.582
-74.787,69.025
-74.992,66.477
-74.787,69.025
-72.678,67.454
-56.526,67.331
-56.526,67.331
-74.787,69.025
-56.526,67.331
-56.526,67.331
-72.513,70.265
-74.787,69.025
-74.787,69.025
-56.526,67.331
-56.526,67.331
-56.526,67.331
-75.244,62.543
-56.526,67.331
-53.929,66.75
-54.261,64.741
-59.832,65.253
-59.196,66.516
-56.526,67.331
-59.196,66.516
-47.042,65.496
-72.763,74.79
-59.196,66.516
-56.526,67.331
-74.787,69.025
-56.526,67.331
-69.847,70.463
-74.787,69.025
-58.152,65.687
-60.266,67.657
-56.526,67.331
-77.15,69.947
-59.701,60.675
-61.52,57.749
-59.701,60.675
-60.959,81.634
-61.52,57.749
-69.847,70.463
-59.773,77.112
-56.526,67.331
-56.526,67.331
-56.526,67.331
-56.526,67.331
-61.52,57.749
-58.37,64.688
-64.512,67.202
-72.513,70.265
-65.995,69.531
-56.526,67.331
-74.787,69.025
-56.526,67.331
-74.787,69.025
-63.58,54.702
-56.526,67.331
-69.847,70.463
-74.787,69.025
-56.526,67.331
-56.526,67.331
-56.526,67.331
-56.974,64.858
-56.526,67.331
-56.526,67.331
-56.526,67.331
-58.37,64.688
-56.526,67.331
-52.985,55.723
-56.526,67.331
-74.787,69.025
-59.196,66.516
-48.805,91.076
-63.359,64.473
-59.196,66.516
-52.985,55.723
-56.526,67.331
-74.992,66.477
-70.451,54.67
-56.526,67.331
-61.52,57.749
-56.526,67.331
-74.787,69.025
-56.526,67.331
-56.526,67.331
-56.526,67.331
-56.526,67.331
-56.526,67.331
-69.847,70.463
-74.787,69.025
-56.526,67.331
-56.526,67.331
-57.214,63.629
-56.526,67.331
-56.526,67.331
-58.37,64.688
-56.526,67.331
-56.526,67.331
-74.787,69.025
-72.513,70.265
-56.526,67.331
-74.787,69.025
-74.787,69.025
-74.787,69.025
-74.787,69.025
-74.787,69.025
-74.787,69.025
-74.787,69.025
-74.787,69.025
-74.787,69.025
-78.519,63.536
-74.787,69.025
-74.787,69.025
-74.787,69.025
-74.787,69.025
-74.787,69.025
-74.787,69.025
-74.787,69.025
-74.787,69.025
-74.787,69.025
-74.787,69.025
55.621,47.86
-116.77,71.846
-164.34,33.445
-172.09,13.737
-164.26,25.161
-164.26,25.161
-165.86,19.482
-174.26,5.2903
-157.55,27.291
-172.93,22.247
-171.17,30.649
-161.02,45.186
-149.97,28.774
-159.12,39.031
-157.64,18.338
-157.64,18.338
-157.64,18.338
-156.36,51.046
-157.55,58.741
-156.36,51.046
-165.18,12.278
16.622,103.1
-10.933,58.057
-2.0097,83.137
57.185,69.505
-63.131,101.31
-107.66,84.397
23.364,43.174
-34.453,58.811
19.717,29.315
-53.637,118.94
-93.711,90.202
-28.492,44.968
47.866,45.772
54.794,52.601
31.118,48.685
-52.365,95.053
-105.09,27.988
-137.79,1.6173
17.616,24.813
-23.691,100.36
-13.624,100.5
-96.113,50.514
-87.119,47.083
-87.119,47.083
-87.119,47.083
-87.119,47.083
-100.28,120.54
26.617,90.266
32.249,64.54
35.151,66.843
21.783,77.941
-97.447,74.185
-65.248,146.26
-135.76,87.412
1.8628,33.252
1.8628,33.252
1.8628,33.252
1.4207,30.8
21.286,25.76
0.36922,22.212
40.473,27.089
28.592,24.648
1.8628,33.252
1.8628,33.252
1.4207,30.8
1.4207,30.8
1.8628,33.252
1.8628,33.252
1.8628,33.252
1.8628,33.252
1.8628,33.252
1.8628,33.252
1.8628,33.252
1.8628,33.252
1.8628,33.252
1.8628,33.252
1.8628,33.252
1.8628,33.252
1.8628,33.252
1.8628,33.252
1.8628,33.252
1.8628,33.252
1.8628,33.252
1.8628,33.252
1.8628,33.252
1.8628,33.252
1.8628,33.252
1.8628,33.252
1.8628,33.252
1.8628,33.252
1.8628,33.252
-136.74,74.397
-136.74,74.397
-138.67,75.893
-152.32,72.623
-156.75,66.626
-156.75,66.626
-106.39,72.86
-130.2,74.89
-31.426,87.789
-30.315,89.971
-30.315,89.971
-30.315,89.971
-30.315,89.971
-30.315,89.971
-30.315,89.971
-30.315,89.971
36.26,62.484
-91.335,28.411
-127.59,29.642
-6.6296,45.224
-130.62,21.294
24.931,55.2
-128.66,35.782
-131.75,32.221
-138.89,39.963
-120.69,33.654
65.202,48.089
65.202,48.089
65.202,48.089
65.202,48.089
-133.23,10.783
-122.38,18.62
-151.35,-9.8983
-147.37,3.5002
-156.33,-17.333
-114.35,13.163
-56.132,33.591
-26.812,48.944
12.782,24.501
-13.127,147.35
-46.078,111.5
-69.271,130.22
-29.676,120.12
-25.547,128.66
-52.985,147.91
-33.269,135.88
-97.522,104.55
59.964,86.112
-119.59,93.369
-33.6,123.66
10.528,47.63
10.528,47.63
-6.9471,26.237
-10.134,30.681
-12.181,54.429
-4.1695,53.571
-16.02,56.627
-7.8752,55.174
-102.1,32.841
-100.46,34.586
-100.46,34.586
-100.46,34.586
-56.526,67.331
-32.156,102.77
-50.383,123.09
-10.007,5.8741
29.999,54.174
29.999,54.174
29.999,54.174
23.715,30.67
15.718,63.055
15.112,125.18
75.456,64.296
-91.592,39.727
-112.15,30.585
-93.678,41.128
-122.48,23.931
-100.85,28.041
-89.966,37.894
-119.18,21.472
-114.05,26.435
-116.13,25.405
-93.784,43.673
-91.592,39.727
-93.678,41.128
-95.807,39.697
-118.48,25.623
-107.47,31.368
1.2204,35.664
1.8628,33.252
9.9187,68.21
5.9586,66.974
3.6788,66.705
18.947,65.654
5.9586,66.974
1.5528,89.391
-161.88,3.4565
54.642,65.336
24.938,75.031
-97.883,99.379
24.089,59.533
-93.557,85.324
-113.8,92.297
-53.342,90.414
-102.18,84.086
22.943,63.444
34.093,40.754
-103.3,12.047
-81.496,16.033
98.091,64.198
-69.268,47.34
-104.98,57.349
-71.309,46.163
-45.262,43.987
95.067,82.013
-35.879,37.242
-9.074,50.643
-15.504,52.34
31.122,135.5
-17.014,114.83
2.7954,105.85
-91.246,80.245
-115.76,86.661
-134.21,81.338
-63.04,129.82
-18.474,101.13
-129.49,85.73
-102.16,74.931
-48.098,117.02
-15.094,109.28
-57.854,91.051
-105.56,-8.8123
-79.945,45.305
-143.06,-5.9382
23.459,104.32
28.167,95.195
-143.81,13.979
-145.44,8.924
-150.62,8.0484
-71.932,111.99
-80.831,109.47
-78.632,109.98
-74.756,134.04
-91.968,109.18
-126.29,102.65
-91.968,109.18
-122.69,108.69
-97.852,110.99
-79.038,111.57
-59.895,105.75
-59.895,105.75
-117.1,106.37
-81.364,112.25
-83.278,110.08
-107.38,109.89
-83.278,110.08
-81.364,112.25
28.167,95.195
-81.364,112.25
-81.364,112.25
-59.665,135.07
-59.665,135.07
-84.232,112.47
-102.82,114.2
-95.112,116.99
-77.229,118.38
-77.814,112.76
-78.876,99.658
-113.26,112.2
-82.968,114.7
-82.968,114.7
-84.893,117.63
-88.974,129.11
-4.8195,146.23
-28.88,143.56
-27.072,141.55
-44.821,149.92
-89.094,16.784
-114.2,4.5581
28.114,58.682
3.5999,48.778
79.875,53.651
37.548,52.393
41.232,61.422
42.788,63.274
40.431,52.85
40.431,52.85
38.15,54.404
40.431,52.85
71.815,49.007
89.328,51.308
84.637,53.032
-28.453,53.425
3.2222,43.662
-107.09,9.5845
-117.77,66.511
-111.48,55.69
-139.97,55.539
-143.31,44.424
-145.1,33.036
-131.22,63.77
-116.68,57.61
-127.72,40.984
-138.32,49.804
-104.33,45.91
-104.33,45.91
-133.12,39.126
-140.68,35.056
-113.35,68.096
-148.63,44.473
-143.42,25.842
-129.16,57.196
-132.04,49.787
-133.17,53.546
-142.28,27.959
-142.28,27.959
-120.83,45.215
-121.4,47.766
-120.83,45.215
-120.83,45.215
-120.83,45.215
-120.83,45.215
-133.29,44.821
-104.33,45.91
-104.33,45.91
-124.06,38.031
-111.48,55.69
-139.97,55.539
-133.12,39.126
-144.34,39.475
-143.77,49.521
-114.33,50.933
-110.24,43.836
-149.4,50.445
-146.11,55.977
-115.33,41.074
-113.83,46.002
-99.431,58.614
-97.898,46.427
-92.996,54.322
-92.541,48.901
-138.4,45.031
-134.88,59.851
-119.49,38.281
-115.3,35.085
-115.3,35.085
-109.96,49.072
-109.52,54.373
-136.01,34.487
-122.11,50.9
-119.59,51.845
-122.11,50.9
-122.71,54.789
-120.11,62.092
-125.62,56.522
-125.26,54.105
-127.79,54.077
-122.38,57.914
-126.29,51.306
-128.43,45.924
-126.06,59.753
-130.82,52.115
-107.44,-4.4702
-140.05,17.314
-49.491,41.071
-151.1,36.282
-43.476,-51.273
-35.931,-64.719
46.488,75.226
-3.6027,66.623
-7.7269,129.88
-7.7269,129.88
-21.18,29.571
-116.65,9.2556
-151.1,36.282
35.624,35.369
-113.58,62.349
35.335,70.937
-5.7003,85.514
-54.661,107.86
31.915,27.331
16.05,112.34
-33.06,116.55
-11.581,104.53
-42.619,115.62
11.202,104.31
-48.68,106.14
-42.207,120.33
9.7082,122.83
1.3202,101.77
-31.442,56.445
0.33967,46.532
-5.9389,40.263
-112.08,17.017
1.8628,33.252
-96.439,29.352
-109.44,26.586
-90.052,32.739
-126.7,25.045
-94.267,33.078
-94.267,33.078
-99.458,41.847
58.887,55.578
-14.703,60.963
22.059,51.53
-24.096,51.655
6.2027,132.77
10.363,136.18
38.338,134.09
-23.691,100.36
-54.891,130.63
-92.707,100.82
-72.58,90.586
-71.299,92.551
-53.987,114.02
-73.235,101.82
-115.63,98.084
-82.775,90.491
-102.5,106.75
-61.75,114.42
-50.346,99.381
-40.966,111.17
-44.413,135.22
-69.544,97.603
-96.528,82.034
-108.93,96.758
-108.93,96.758
-106.79,93.661
-112.58,82.459
-30.97,107.55
-8.0163,101.85
-30.676,112.38
-99.513,78.976
-100.18,93.26
-98.516,87.134
-100.18,93.26
-57.812,99.816
-64.94,97.006
-44.323,107.04
-55.462,99.777
-85.512,78.662
-120.74,100.32
-37.617,102.41
-25.401,108.64
-82.031,83.623
-82.031,83.623
-83.801,85.25
-25.401,108.64
-25.401,108.64
-46.473,101.64
-16.245,104.91
-2.9259,103.56
7.1994,105.32
14.923,107.27
-22.584,113.87
-19.462,110.01
5.1393,96.171
-58.099,111.5
-68.162,19.194
-85.569,18.955
99.765,58.055
50.016,32.57
70.543,36.328
62.67,37.861
47.687,70.486
38.125,74.427
42,39.617
45.421,38.073
4.3477,74.766
-41.169,52.539
-10.674,71.515
-39.134,59.172
-0.92791,72.847
-102.91,62.459
9.5594,27.367
-0.15987,55.965
2.9014,71.243
13.587,51.375
7.0618,50.742
-118.94,81.452
31.036,68.728
56.366,60.823
51.544,28.366
60.68,34.108
-0.15987,55.965
41.589,43.722
105.03,65.356
47.862,28.665
-65.112,109.47
-65.112,109.47
-77.746,87.922
10.083,116.25
10.083,116.25
-59.427,142.59
-123.65,83.904
-74.717,84.231
-106.76,-0.27681
37.941,24.487
-148.02,85.85
-50.341,59.636
37.464,43.588
-72.889,17.912
-118.01,87.376
7.4582,59.437
8.4273,63.082
12.134,60.458
9.7113,57.79
-145.28,78.561
-69.782,86.357
-110.28,34.832
-122.61,28.84
-141.77,5.4724
-156.63,-10.54
-167.55,5.6413
-10.474,11.815
13.165,31.185
-93.925,25.382
-134.6,18.764
-53.929,66.75
-50.058,64.876
-63.285,76.169
-56.078,63.66
-53.929,66.75
-53.929,66.75
-53.929,66.75
-53.929,66.75
-53.929,66.75
19.597,108.2
-34.873,99.084
23.146,124.28
-80.654,-5.7634
28.152,7.9832
-33.484,42.995
-33.484,42.995
-33.484,42.995
-33.484,42.995
46.915,65.85
17.4,76.853
20.219,85.296
64.993,104.48
60.607,73.495
-13.46,77.674
-64.653,23.36
-42.333,-45.022
-93.907,65.774
50.555,64.523
-80.775,52.774
-45.123,-44.727
-42.333,-45.022
58.887,55.578
-14.703,60.963
22.059,51.53
73.013,60.479
73.217,68.862
-45.123,-44.727
-42.333,-45.022
8.5565,33.434
1.8628,33.252
-88.689,83.829
-11.692,87.866
-42.333,-45.022
-45.154,-42.512
-42.333,-45.022
-42.333,-45.022
-53.086,-44.699
-53.086,-44.699
-48.255,-48.837
-48.933,-43.961
-53.086,-44.699
-53.086,-44.699
-42.333,-45.022
-43.782,-43.143
-6.3311,81.49
83.361,66.658
-92.258,71.602
-111.93,73.659
78.452,68.31
-38.206,65.42
-34.022,79.491
-35.446,84.123
-45.123,-44.727
-42.333,-45.022
-46.911,61.683
55.194,27.169
-45.123,-44.727
-28.304,58.62
-20.953,126.48
-14.246,123.98
-19.502,132.69
-16.776,123.91
6.9068,110.45
-17.059,133.18
-17.059,133.18
-11.858,123.1
5.1659,126.53
27.365,120.86
29.539,126.79
19.812,128.78
25.594,131.41
45,120.26
32.966,120.57
25.839,108.49
31.924,115.78
28.817,112.08
51.819,117.75
35.943,112.56
12.48,143.03
22.249,112.16
25.518,116.12
-126.51,19.992
-48.334,86.612
-42.333,-45.022
-51.556,-61.319
-55.866,-74.509
-55.866,-74.509
-42.111,-48.426
-15.728,-22.129
-46.858,-57.979
-17.481,-91.874
-42.333,-45.022
-42.333,-45.022
-42.333,-45.022
-51.556,-61.319
-57.491,97.862
58.962,65.3
94.392,68.714
-42.333,-45.022
-143.46,91.967
-52.504,103.79
-45.123,-44.727
-45.123,-44.727
-45.123,-44.727
-45.123,-44.727
-42.333,-45.022
-17.724,97.159
-35.4,111.05
-40.948,97.785
-43.33,88.624
-38.35,132.01
-49.679,128.63
-41.645,-36.283
-41.645,-36.283
-41.645,-36.283
-40.911,-26.582
-38.743,-41.627
-41.645,-36.283
-44.632,-46.15
-41.645,-36.283
-41.645,-36.283
-42.333,-45.022
-39.961,-44.751
-42.333,-45.022
33.163,31.583
57.947,30.578
6.7604,37.985
-58.197,-48.54
-45.123,-44.727
-99.411,-65.027
-33.002,150.91
-20.741,150.23
64.245,32.398
61.604,29.129
74.605,35.181
-42.38,-42.612
-42.38,-42.612
-42.38,-42.612
-42.38,-42.612
-25.295,55.985
-33.361,53.141
-48.108,76.463
-48.108,76.463
-48.108,76.463
-48.108,76.463
-45.523,75.817
-48.108,76.463
-48.108,76.463
-46.06,78.348
-48.834,77.063
-48.108,76.463
-48.108,76.463
-48.108,76.463
-48.467,79.294
-42.333,-45.022
-42.333,-45.022
-36.314,-53.226
-43.282,-42.789
74.228,55.313
-27.763,103.13
-41.799,-53.473
28.519,15.837
-54.769,-32.618
-54.769,-32.618
28.316,-78.73
-54.769,-32.618
34.666,-47.27
-56.419,-30.462
-54.769,-32.618
-54.769,-32.618
50.253,-4.4401
-53.635,-30.272
-54.769,-32.618
-54.769,-32.618
-54.769,-32.618
-54.769,-32.618
-54.769,-32.618
-54.769,-32.618
-54.769,-32.618
-54.769,-32.618
-57.465,-32.442
-54.769,-32.618
-54.769,-32.618
-54.769,-32.618
-54.769,-32.618
-54.769,-32.618
-54.769,-32.618
-54.769,-32.618
-54.769,-32.618
-54.769,-32.618
-54.769,-32.618
-54.769,-32.618
-54.769,-32.618
-57.213,-33.657
-54.769,-32.618
-54.769,-32.618
-54.769,-32.618
-56.502,-34.546
-54.769,-32.618
-54.769,-32.618
-53.635,-30.272
-54.769,-32.618
-54.769,-32.618
-54.769,-32.618
-55.375,-29.954
-54.769,-32.618
-57.156,-31.325
-54.769,-32.618
-54.769,-32.618
-54.769,-32.618
-54.769,-32.618
-54.769,-32.618
-54.769,-32.618
-54.769,-32.618
-54.769,-32.618
12.054,64.604
-4.4376,58.132
-6.3705,59.194
-111.89,8.809
-73.697,22.429
-97.967,12.852
-81.437,20.445
-10.453,16.694
-77.171,16.517
-97.967,12.852
-109.69,12.949
-40.366,-43.689
-37.558,-42.338
-39.234,-44.127
-51.047,-36.808
-51.047,-36.808
-52.242,-39.148
-51.047,-36.808
-51.047,-36.808
-51.047,-36.808
-51.047,-36.808
-51.047,-36.808
-51.047,-36.808
-51.047,-36.808
-53.342,-38.739
-51.047,-36.808
-69.044,-33.84
-51.047,-36.808
-51.047,-36.808
-51.047,-36.808
-48.697,-37.925
-51.047,-36.808
-52.766,-37.718
-51.047,-36.808
-51.047,-36.808
-51.047,-36.808
-51.047,-36.808
100.18,-47.219
-51.047,-36.808
-50.917,-39.204
-53.328,-36.228
-51.047,-36.808
-51.047,-36.808
-51.047,-36.808
-51.047,-36.808
-51.047,-36.808
-51.047,-36.808
-51.047,-36.808
-53.772,-37.116
-51.047,-36.808
-51.047,-36.808
-51.047,-36.808
-51.047,-36.808
-51.047,-36.808
-51.047,-36.808
-51.047,-36.808
-51.047,-36.808
-51.047,-36.808
-51.047,-36.808
-51.047,-36.808
-49.923,-35.072
93.158,59.869
93.684,57.549
70.983,44.756
-4.0855,22.795
-106.57,78.398
-108.97,78.163
80.136,62.695
-91.646,5.2143
23.129,93.803
36.986,-93.225
38.502,-83.736
65.863,72.635
-84.472,23.252
-67.092,27.369
24.142,22.095
24.142,22.095
-14.04,7.9927
-42.333,-45.021
-39.867,10.338
27.722,63.373
27.722,63.373
-41.81,-47.429
-41.81,-47.429
36.197,99.693
-25.522,70.147
-8.2218,71.163
-10.674,71.515
-10.674,71.515
-5.6558,70.853
-10.674,71.515
-10.674,71.515
-61.172,41.417
-10.674,71.515
-10.674,71.515
-8.2218,71.163
52.919,35.739
49.303,37.357
56.782,34.896
53.163,39.823
-50.386,-46.978
-50.386,-46.978
-0.48953,68.891
-62.702,33.972
24.539,16.463
-62.702,33.972
41.125,16.074
-63.322,31.6
-81.493,-12.535
45.015,12.726
-48.026,36.011
-30.637,49.691
-20.322,54.082
-20.322,54.082
6.4218,45.879
8.9766,42.52
-136.32,14.212
-69.564,33.046
-112.2,21.969
-77.72,26.637
-77.72,26.637
-82.025,26.384
-77.72,26.637
-164.45,58.611
3.7153,62.091
-11.25,26.244
-14.421,14.186
-134.36,68.133
-141.27,68.804
58.342,-50.286
2.3555,-100.1
83.545,58.742
-83.326,-78.153
-7.2144,8.9947
16.697,54.08
93.606,-28.127
93.606,-28.127
93.606,-28.127
110.73,-51.685
171.22,12.428
93.606,-28.127
93.606,-28.127
93.606,-28.127
93.606,-28.127
98.901,2.1836
110.73,-51.685
94.492,-31.737
93.606,-28.127
68.41,32.11
-147.52,-26.163
-113.04,-59.005
-128.33,-35.496
-38.945,15.975
-87.951,-13.056
-155.87,-25.785
-155.87,-25.785
-159.32,-25.061
-83.094,-52.846
-83.094,-52.846
-84.836,-56.067
-83.094,-52.846
-154.24,44.07
-146.56,-32.459
-148.53,-33.978
-140.26,-28.393
-140.26,-28.393
-140.26,-28.393
5.8787,100.88
-7.3829,116.64
-5.3259,114.73
-4.4744,117.48
-6.8286,109.61
-5.3259,114.73
-5.3259,114.73
-6.076,112.21
-20.281,118.9
-2.5811,119.95
-6.076,112.21
3.9292,118.22
-5.3259,114.73
-6.076,112.21
-22.566,119.92
-5.3259,114.73
1.3304,110.76
-5.3259,114.73
-6.076,112.21
-2.5811,119.95
-5.3259,114.73
-9.3714,139.68
-5.3259,114.73
-2.7501,113.21
21.961,138.86
-9.3714,139.68
-2.5811,119.95
-22.566,119.92
-6.076,112.21
-14.7,133.96
-5.3259,114.73
-5.3259,114.73
-11.858,123.1
-6.076,112.21
21.961,138.86
-8.3499,114.86
-4.4744,117.48
-2.5372,115.2
-116.87,-4.7675
37.26,125.75
18.085,118.31
-6.325,120.47
18.085,118.31
18.085,118.31
-4.4744,117.48
18.085,118.31
-30.267,98.47
54.056,31.592
38.531,31.185
11.312,-14.691
-155.71,-1.1119
-148.35,-3.6677
-78.815,11.405
-29.24,36.804
-86.498,28.696
-163.63,-13.571
43.67,30.192
28.518,30.071
76.462,44.773
58.093,39.478
-138.95,-3.7065
-102.02,7.2874
-124.42,69.206
67.226,41.069
-3.8005,48.934
-40.369,41.97
13.65,41.779
14.052,36.584
-15.913,27.629
-69.256,41.401
-82.466,37.179
-74.171,8.0382
-94.487,19.301
21.046,35.509
-132.22,26.403
-86.886,7.558
-167.79,40.669
-89.149,23.148
7.8955,22.393
20.246,56.819
-67.488,37.283
-41.493,36.975
-9.074,50.643
-148.05,63.8
-120.56,6.0499
-81.134,1.9825
14.898,68.335
41.264,35.013
-134.39,-2.8211
-40.942,15.351
-39.085,-56.761
-39.116,10.591
-40.249,12.825
-42.333,-45.023
32.41,-52.499
-115.33,-46.3
3.4525,-114.71
17.93,-10.078
4.2413,-7.119
-129.15,-19.763
-39.148,-58.587
15.665,-13.831
-40.33,-46.637
-40.755,-54.832
38.908,-64.884
-37.638,-55.751
-40.942,15.351
15.871,-17.569
-94.838,-4.4615
-39.002,18.946
-40.249,12.824
-8.2699,-66.469
13.763,-15.771
13.638,-18.342
-42.333,-45.023
163.2,-11.261
104.6,14.675
-42.333,-45.022
12.528,-13.044
-40.249,12.824
-31.93,-54.226
-42.333,-45.022
13.763,-15.771
-109.99,-26.288
-42.333,-45.023
84.322,-1.7125
-68.586,-8.8402
-8.2699,-66.469
13.763,-15.771
-40.249,12.824
50.535,-63.7
-42.333,-45.022
103.12,1.3143
13.763,-15.771
-23.386,-80.416
-112.35,-25.15
55.235,-40.672
13.763,-15.771
-42.333,-45.022
-40.249,12.825
15.871,-17.569
18.394,-15.554
89.721,-72.667
-40.249,12.825
-40.249,12.824
13.763,-15.771
-40.249,12.824
-40.372,-48.235
25.621,-21.069
-116.07,-51.847
13.763,-15.771
-40.249,12.824
-42.333,-45.022
315.58,-29.729
-5.8526,-67.602
-23.386,-80.416
-42.948,-47.4
13.763,-15.771
-42.333,-45.022
27.455,-72.056
15.665,-13.831
-44.468,-46.038
78.418,-25.041
15.665,-13.831
-41.948,-48.975
15.665,-13.831
-42.333,-45.023
10.004,-15.694
-95.9,-6.7735
63.475,-3.7177
-41.279,10.515
7.3653,-7.3361
-42.333,-45.022
13.763,-15.771
7.3653,-7.3361
61.574,0.17068
15.871,-17.569
-42.333,-45.022
18.467,-19.121
10.165,-16.325
165.5,-12.365
299.14,-10.208
11.312,-14.691
36.93,0.90185
13.763,-15.771
25.385,-24.428
-44.299,-46.442
13.763,-15.771
-40.249,12.824
7.6792,-9.9747
18.394,-15.554
-40.249,12.824
-40.942,15.351
82.271,32.167
-126.87,-8.3099
-40.249,12.825
-40.372,-48.235
-44.018,-46.71
-37.374,11.166
18.394,-15.554
13.763,-15.771
15.864,-11.06
-54.228,-6.8087
-31.56,14.409
-40.942,15.351
-40.249,12.825
-40.33,-46.637
102.79,-40.585
19.475,-84.172
-42.333,-45.022
-93.056,-6.3124
-40.249,12.824
-40.249,12.825
108.59,-37.365
-41.114,-42.942
15.665,-13.831
12.528,-13.044
-94.838,-4.4615
-45.123,-44.727
-41.819,-41.419
-45.999,-95.631
-42.333,-45.022
312.09,-9.7347
-40.33,-46.637
-42.948,-47.4
63.781,-67.104
17.944,-21.968
13.763,-15.771
-40.249,12.825
155.03,-40.227
-40.249,12.825
79.985,28.316
-41.726,10.764
-40.249,12.824
13.763,-15.771
-40.942,15.351
-112.35,-25.15
-40.249,12.824
11.312,-14.691
13.763,-15.771
15.864,-11.06
-42.948,-47.4
-46.166,-46.008
13.763,-15.771
-40.249,12.824
-8.2699,-66.469
12.93,-18.127
-42.333,-45.022
-41.591,10.681
15.665,-13.831
-43.837,-48.874
-42.789,12.129
32.401,-74.606
66.217,-75.919
-42.333,-45.022
-41.85,-41.978
-42.333,-45.022
32.425,-1.5347
13.763,-15.771
132.57,22.564
90.756,-17.552
-39.933,-44.523
136.16,0.98963
64.028,-26.134
-8.2699,-66.469
19.891,-13.138
-40.249,12.824
-40.33,-46.637
-40.942,15.351
-43.447,11.812
85.778,-38.927
-99.858,-29.346
-40.249,12.824
13.763,-15.771
13.763,-15.771
142.99,-38.232
7.6793,-9.9747
13.763,-15.771
13.763,-15.771
15.871,-17.569
-43.769,-42.301
27.84,-52.326
-23.386,-80.416
-40.249,12.824
-37.125,14.151
14.722,-21.469
-40.249,12.824
13.763,-15.771
-42.333,-45.023
-42.786,-48.015
-42.615,-56.107
28.722,2.3524
-40.249,12.825
-40.249,12.824
96.094,5.7461
-40.249,12.824
19.217,-20.392
-49.235,-58.657
-44.742,-47.044
-35.662,-49.977
30.431,-104.28
13.763,-15.771
19.891,-13.138
61.533,-42.074
92.219,20.877
-145.74,-50.396
7.6793,-9.9747
-21.96,-69.949
16.301,-15.455
17.971,-12.484
59.091,-93.683
15.871,-17.569
13.763,-15.771
15.665,-13.831
318.49,-20.627
13.763,-15.771
8.3335,-100.09
-42.333,-45.022
92.383,39.754
-129.33,-22.396
-23.748,14.469
65.734,-40.665
-40.942,15.351
124.88,-29.929
-42.948,-47.4
-45.999,-95.631
-8.2699,-66.469
13.763,-15.771
31.063,-98.248
-42.333,-45.022
245.51,0.79964
-40.942,15.351
15.665,-13.831
-40.249,12.824
20.109,-8.6078
-108.36,-47.844
-30.523,-57.834
-41.81,-47.429
23.234,-6.048
-45.123,-44.727
35.592,-11.593
-54.228,-6.8087
-8.2699,-66.469
97.932,10.112
125.44,-23.786
90.756,-17.552
-44.158,-43.63
13.763,-15.771
-40.249,12.824
-38.059,11.611
93.311,-17.628
-112.35,-25.15
152.27,-30.538
55.159,-30.892
15.665,-13.831
13.763,-15.771
-94.838,-4.4615
-38.642,-45.068
6.1815,-48.788
317.05,-27.71
62.608,-71.799
-43.282,-42.789
13.763,-15.771
-30.14,-53.869
-40.33,-46.637
15.665,-13.831
90.756,-17.552
11.33,-16.463
7.6792,-9.9747
71.423,-73.178
46.23,1.2998
-40.372,-48.235
-38.619,-53.224
-40.249,12.824
13.763,-15.771
10.917,-6.1412
-43.884,-47.449
318.11,8.0595
15.864,-11.06
-42.333,-45.022
-8.931,-69.524
13.858,-5.6589
-37.161,11.957
-42.333,-45.022
18.394,-15.554
15.871,-17.569
113.93,-44.641
13.627,-18.337
-40.249,12.824
13.763,-15.771
-42.333,-45.022
-45.123,-44.727
-40.33,-46.637
11.312,-14.691
-112.35,-25.15
-112.35,-25.15
-42.698,13.611
-126,-40.598
-42.333,-45.022
13.763,-15.771
13.763,-15.771
13.763,-15.771
-45.123,-44.727
-42.333,-45.022
-40.249,12.825
-43.59,-96.661
87.2,-82.234
85.37,37.57
-42.333,-45.022
-42.333,-45.022
-15.934,-106.07
-40.942,15.351
-37.707,-51.852
51.365,-53.478
13.763,-15.771
-135.05,-38.027
13.763,-15.771
13.763,-15.771
-40.249,12.824
-40.249,12.824
-124.35,-7.9011
-40.249,12.825
12.528,-13.044
15.665,-13.831
317.05,-27.71
-7.8159,-63.463
109.65,-26.68
-139.81,-21.003
15.871,-17.569
-42.333,-45.022
127.98,36.781
-40.064,-44.212
15.665,-13.831
12.528,-13.044
-40.248,12.824
54.74,7.7521
323.82,-31.163
-113.09,-24.127
13.585,-97.219
15.864,-11.06
13.763,-15.771
-25.284,18.152
15.665,-13.831
13.763,-15.771
140.43,-16.352
-40.154,-44.044
13.763,-15.771
6.1815,-48.788
-42.333,-45.022
15.665,-13.831
-38.917,-46.052
12.799,-7.4019
-10.118,-64.853
12.93,-18.127
-40.249,12.824
15.973,-21.902
18.394,-15.554
-43.68,-46.991
15.665,-13.831
-40.249,12.824
-42.333,-45.022
-42.941,-42.687
-42.333,-45.022
-40.249,12.824
5.1076,-13.542
13.763,-15.771
7.6793,-9.9747
18.741,6.8341
13.763,-15.771
-42.698,13.611
41.982,-60.365
11.33,-16.463
-112.35,-25.15
-41.095,-42.037
13.763,-15.771
-40.249,12.824
-42.333,-45.022
-45.123,-44.727
30.321,-93.828
-40.283,-43.8
4.3026,-10.407
55.298,-4.7941
15.665,-13.831
-40.249,12.824
-40.942,15.351
15.665,-13.831
-45.123,-44.727
90.756,-17.552
-40.951,19.538
-40.372,-48.235
-42.347,-41.831
-38.252,10.247
-39.359,-47.688
-43.704,-53.298
12.343,-41.356
-40.249,12.824
-8.2699,-66.469
15.864,-11.06
-42.333,-45.022
85.37,37.57
-40.249,12.824
9.8511,-19.579
-43.884,-47.449
-40.702,10.339
-40.249,12.825
15.665,-13.831
-94.838,-4.4615
13.578,-22.183
7.6793,-9.9747
-86.248,-21.014
69.632,27.751
-40.942,15.351
-39.867,10.338
12.798,-18.929
41.286,-51.981
-40.857,-42.264
25.331,-36.924
-40.249,12.825
10.934,-18.006
15.871,-17.569
68.996,11.656
-41.742,-42.67
13.763,-15.771
11.742,-17.204
13.763,-15.771
-42.333,-45.022
-42.028,10.978
15.665,-13.831
302.87,-35.677
15.871,-17.569
163.2,-11.261
13.763,-15.771
-40.249,12.824
7.6792,-9.9747
-42.333,-45.022
11.312,-14.691
13.763,-15.771
-40.249,12.824
45.189,-24.836
-129.33,-22.396
-37.327,-57.51
-42.333,-45.022
-42.333,-45.022
15.871,-17.569
112,-2.6407
-40.942,15.351
20.259,-18.496
-40.249,12.824
-41.403,18.53
-40.249,12.824
15.665,-13.831
-23.386,-80.416
-37.161,11.957
-42.333,-45.022
-37.752,12.76
68.232,-89.922
85.778,-38.927
71.632,-5.169
13.763,-15.771
13.763,-15.771
-104.84,-13.677
-42.333,-45.022
-42.789,12.129
-8.2699,-66.469
-42.615,-56.107
38.214,-2.8386
-40.249,12.824
53.444,-81.551
-42.333,-45.022
-40.494,10.308
15.665,-13.831
-44.618,-57.681
-40.942,15.351
75.25,-12.294
-42.333,-45.022
90.407,26.12
-40.249,12.824
15.871,-17.569
-42.333,-45.022
-110.46,-7.9799
18.394,-15.554
18.394,-15.554
318.11,8.0595
-39.026,15.014
35.592,-11.593
-98.279,-72.324
80.823,48.658
-40.249,12.824
13.763,-15.771
-61.055,-88.536
-39.108,-45.168
90.756,-17.552
-8.2699,-66.469
15.864,-11.06
-40.249,12.824
-41.932,10.023
-8.2699,-66.469
-40.33,-46.637
163.2,-11.261
-39.939,-45.143
6.5399,-17.534
64.913,-62.174
54.703,2.8599
-38.142,14.432
-63.343,-2.1396
11.312,-14.691
-39.108,-45.168
13.763,-15.771
-40.33,-46.637
-42.333,-45.022
15.665,-13.831
-27.521,-52.692
13.763,-15.771
163.2,-11.261
24.312,-75.501
13.763,-15.771
295.89,-30.395
-42.333,-45.022
-42.333,-45.022
144.22,-27.242
13.763,-15.771
-40.249,12.824
90.508,-20.077
-42.333,-45.022
-44.688,-47.031
-88.375,-22.107
-42.333,-45.022
12.196,-19.121
-8.2699,-66.469
15.665,-13.831
-40.249,12.825
15.626,-20.813
11.45,-3.4042
36.915,-52.453
-40.788,-43.162
-40.942,15.351
-42.333,-45.022
7.3653,-7.3361
40.357,-36.47
-40.942,15.351
24.213,-94.542
-9.6334,-63.863
-40.33,-46.637
13.763,-15.771
-93.508,-18.302
-40.249,12.824
11.312,-14.691
18.394,-15.554
16.506,-20.32
-39.104,-47.385
59.388,-15.7
15.665,-13.831
-112.35,-25.15
13.763,-15.771
-42.333,-45.022
-43.224,-41.296
-40.249,12.825
281.67,2.2882
-129.33,-22.396
13.763,-15.771
15.665,-13.831
-43.842,-46.85
-112.35,-25.15
15.665,-13.831
-40.942,15.351
13.763,-15.771
16.506,-88.503
-37.161,11.957
-43.68,-46.991
13.849,-18.53
45.808,-99.859
-89.441,-1.9792
-44.432,-43.336
15.871,-17.569
-42.333,-45.022
138.92,-21.185
318.11,8.0595
28.568,-48.026
12.528,-13.044
-40.48,-42.622
-94.838,-4.4615
68.815,2.7798
-112.35,-25.15
-40.249,12.824
-112.35,-25.15
70.705,-24.059
-101.5,-44.385
18.394,-15.554
-42.428,11.49
-7.0798,-69.215
13.745,-10.644
116.86,48.917
-40.33,-46.637
163.2,-11.261
-42.333,-45.022
13.763,-15.771
-42.333,-45.022
13.722,-19.244
-40.942,15.351
89.721,-72.667
13.763,-15.771
53.644,-1.0511
-40.249,12.824
22.911,-69.461
10.375,-16.928
28.571,-20.621
-8.2699,-66.469
71.13,-9.4612
15.665,-13.831
18.636,-4.5733
64.001,-12.355
-42.333,-45.022
-40.249,12.824
159.2,25.437
-40.942,15.351
18.467,-19.121
-40.33,-46.637
15.665,-13.831
13.763,-15.771
-42.967,14.692
15.665,-13.831
-130.31,-0.77211
15.871,-17.569
-46.893,20.221
-134.76,-14.129
13.763,-15.771
-42.333,-45.022
-111.38,-27.577
113.13,-22.556
-40.249,12.824
13.763,-15.771
-41.114,-42.942
-40.249,12.824
13.763,-15.771
-37.608,10.839
-42.974,-48.861
-126.87,-8.3099
13.763,-15.771
-40.249,12.824
-94.838,-4.4615
-40.249,12.824
94.027,-0.10643
-94.838,-4.4615
-43.975,-41.536
-42.333,-45.022
-42.333,-45.022
-3.4464,-75.506
-40.959,-43.039
-8.2699,-66.469
39.013,-56.754
-40.33,-46.637
48.278,-15.757
-23.386,-80.416
278.29,-2.436
143.99,-29.696
-40.249,12.824
12.269,-17.773
57.557,-57.643
97.899,40.607
-41.972,-42.635
15.871,-17.569
-26.666,-47.666
90.756,-17.552
13.763,-15.771
-40.942,15.351
-151.71,-42.034
-40.33,-46.637
13.763,-15.771
-94.838,-4.4615
93.429,29.976
-95.182,-1.9241
-40.249,12.824
108.69,-42.614
11.443,-31.745
13.763,-15.771
-40.33,-46.637
-40.249,12.824
-124.35,-7.9011
13.763,-15.771
62.587,-87.215
-42.948,-47.4
47.816,-67.607
-42.048,11.011
-113.29,-27.565
-40.33,-46.637
-110.1,-12.705
-38.782,-44.72
15.871,-17.569
16.847,-21.142
-167.66,-20.942
-48.852,-46.913
-40.249,12.824
-119.34,-28.197
318.77,-9.7263
-42.333,-45.022
-40.249,12.824
15.871,-17.569
13.763,-15.771
-41.475,-42.758
-10.472,-68.557
76.81,-16.719
-42.934,-41.259
-122.05,-27.978
-43.884,-47.449
-124.35,-7.9011
-41.281,9.6823
16.866,-9.4687
-112.35,-25.15
-42.333,-45.022
-42.333,-45.022
-40.249,12.824
13.763,-15.771
-37.608,10.839
-39.491,-43.738
-40.942,15.351
15.665,-13.831
-40.249,12.824
-42.333,-45.022
34.015,-56.966
-124.35,-7.9011
-40.249,12.825
15.871,-17.569
15.665,-13.831
17.5,-11.935
22.623,-14.91
-42.333,-45.022
14.637,-7.8923
-91.363,-29.448
13.763,-15.771
-45.999,-95.631
-38.816,15.415
-40.249,12.824
-45.123,-44.727
-44.299,-46.442
-42.333,-45.022
-71.283,-14.759
82.266,-38.744
-92.492,-3.4099
100.25,-13.615
13.763,-15.771
-42.333,-45.022
-40.249,12.824
67.713,-70.184
19.781,-121.88
-40.249,12.825
12.528,-13.044
-40.942,15.351
11.45,-3.4042
69.293,7.518
-42.333,-45.022
13.066,-19.329
-112.35,-25.15
75.878,-21.64
114.15,-38.15
-42.333,-45.022
13.763,-15.771
310.6,-9.0466
-38.816,15.415
-42.799,-41.822
-40.249,12.824
-42.948,-47.4
13.763,-15.771
10.917,-6.1412
18.394,-15.554
59.681,17.865
-40.942,15.351
163.2,-11.261
-131.02,-27.924
-52.74,-54.398
163.2,-11.261
307.44,-24.559
15.665,-13.831
18.394,-15.554
84.14,-93.714
-35.272,-60.528
103.63,-66.007
-147.71,-18.133
-2.877,-10.075
18.394,-15.554
13.763,-15.771
7.6793,-9.9747
-23.386,-80.416
-42.028,10.978
-40.249,12.824
-40.942,15.351
18.092,-47.742
-38.494,11.05
-38.142,14.432
-129.97,-24.977
-53.072,-52.664
-40.942,15.351
-42.333,-45.022
-15.96,-10.004
-8.2699,-66.469
-112.35,-25.15
-42.333,-45.022
13.763,-15.771
24.679,-89.197
-114.81,-24.073
-40.249,12.824
-42.789,12.129
25.996,-53.79
93.066,42.019
116.42,27.153
15.871,-17.569
-40.249,12.825
-112.35,-25.15
-123.02,-52.592
-40.249,12.824
24.679,-89.197
-8.2699,-66.469
74.917,-7.348
312.09,-9.7347
94.364,52.27
-40.249,12.824
-40.249,12.824
4.7028,-50.771
-42.333,-45.022
80.625,-78.572
-51.716,-57.395
-112.35,-25.15
160.7,-27.885
-40.249,12.824
-40.942,15.351
-42.509,18.093
-39.418,10.437
13.763,-15.771
-42.333,-45.022
72.468,-7.3973
-40.942,15.351
-78.256,-18.846
13.763,-15.771
-42.333,-45.022
-8.2699,-66.469
59.986,-11.499
9.8511,-19.579
166.88,-18.374
15.871,-17.569
99.588,52.048
-26.046,-50.243
13.763,-15.771
13.763,-15.771
-46.166,-46.008
-40.249,12.825
-42.333,-45.022
26.366,-108.44
-112.35,-25.15
-68.586,-8.8402
7.6793,-9.9747
-40.249,12.824
86.702,-41.251
13.763,-15.771
62.918,-57.561
13.763,-15.771
-42.333,-45.022
13.763,-15.771
-40.942,15.351
-50.361,-80.621
-112.35,-25.15
13.763,-15.771
-40.942,15.351
18.394,-15.554
-40.249,12.824
13.763,-15.771
89.721,-72.667
4.2683,-20.633
91.19,-74.657
-40.248,12.824
58.421,3.1111
-43.166,-41.983
13.763,-15.771
15.665,-13.831
-138.68,-47.354
160.7,-27.885
-112.35,-25.15
13.763,-15.771
19.533,-98.463
-40.248,12.824
-40.249,12.824
35.681,-37.607
41.902,-89.399
13.763,-15.771
163.2,-11.261
13.745,-10.644
-42.333,-45.022
-8.2699,-66.469
-40.249,12.824
15.871,-17.569
19.861,-11.724
-112.35,-25.15
-40.249,12.824
139.77,23.289
-40.249,12.824
145.3,18.134
-40.249,12.825
13.763,-15.771
83.844,-13.92
-42.789,12.129
75.8,7.4725
-40.249,12.824
-38.142,14.432
10.781,-9.727
-42.333,-45.022
-38.816,15.415
-42.333,-45.022
-94.838,-4.4615
-40.642,-42.542
13.763,-15.771
-5.8526,-67.602
-84.979,-18.055
14.987,-22.879
78.33,-22.272
327.43,-17.882
-38.142,14.432
300.54,-14.328
11.312,-14.691
-40.249,12.824
-112.35,-25.15
-40.942,15.351
-42.615,-56.107
7.6793,-9.9747
-94.838,-4.4615
-40.249,12.824
-30.998,-48.551
15.665,-13.831
53.505,-8.774
20.516,-20.281
-42.333,-45.022
-94.838,-4.4615
-97.337,-3.9859
13.763,-15.771
-38.252,10.247
-47.1,-59.896
15.871,-17.569
163.2,-11.261
56.352,15
-42.333,-45.022
6.8257,-24.116
-42.333,-45.022
78.449,-65.639
57.719,-70.462
-26.637,-70.693
-42.333,-45.022
11.569,-18.647
13.763,-15.771
298.5,-7.6433
30.627,-43.596
85.746,48.32
20.259,-18.496
121.45,9.4151
67.695,-81.991
-40.372,-48.235
76.28,-19.147
13.763,-15.771
-40.33,-46.637
-41.31,-41.759
-45.999,-95.631
-57.848,-80.804
-42.974,-48.861
-35.199,-48.545
-44.581,-47.087
13.763,-15.771
29.194,-14.512
14.121,10.448
-42.941,-42.687
11.976,-17.499
-40.372,-48.235
-32.369,-63.445
7.3653,-7.3361
7.6792,-9.9747
20.259,-18.496
13.745,-10.644
74.242,22.096
-112.35,-25.15
-23.386,-80.416
-42.269,10.409
-99.525,-8.9924
13.763,-15.771
63.604,-45.809
119.29,-8.2465
18.04,-20.566
18.538,-12.993
13.763,-15.771
85.778,-38.927
90.756,-17.552
18.394,-15.554
-12.358,-82.485
13.763,-15.771
111.31,3.7992
-40.33,-46.637
-40.249,12.825
43.562,-95.153
-42.333,-45.022
-42.948,-47.4
-42.333,-45.022
32.401,-74.606
13.763,-15.771
13.763,-15.771
-42.789,12.129
-43.293,-42.792
-40.249,12.824
-40.249,12.824
65.497,-20.153
317.05,-27.71
-42.333,-45.022
-42.333,-45.022
72.432,31.499
15.871,-17.569
-40.942,15.351
-30.343,-50.251
72.619,0.87447
15.665,-13.831
-40.249,12.824
-8.0364,-68.968
49.266,-95.578
-110.97,-22.89
-8.2699,-66.469
-36.108,-55.867
-40.249,12.824
-40.942,15.351
87.966,56.582
12.93,-18.127
-42.333,-45.022
-42.333,-45.022
15.665,-13.831
18.394,-15.554
15.488,-2.6335
11.33,-16.463
55.726,-88.132
118.13,-18.029
13.763,-15.771
73.113,-61.966
-129.33,-22.396
-41.551,22.822
-39.418,10.437
55.5,-16.869
-40.249,12.825
-42.974,-48.861
89.263,-47.149
-31.56,14.409
-68.586,-8.8402
89.721,-72.667
15.665,-13.831
-31.553,-52.071
-131.86,-21.793
-42.333,-45.022
-40.248,12.824
-77.248,-34.994
17.944,-21.968
115.33,1.0258
11.312,-14.691
-42.333,-45.022
19.267,-10.635
26.13,-113.63
-8.2586,-121.17
13.763,-15.771
13.763,-15.771
-104.51,-60.441
317.05,-27.71
-42.333,-45.022
29.831,-58.438
15.871,-17.569
14.087,-19.071
-28.522,-55.297
75.464,-2.082
115.72,-32.266
41.12,-120.54
-39.972,-43.313
11.312,-14.691
317.58,5.6287
125,1.1455
-42.333,-45.022
7.6792,-9.9747
15.871,-17.569
-40.942,15.351
-38.252,10.247
-4.374,-114.29
-39.867,10.338
13.763,-15.771
11.312,-14.691
13.763,-15.771
-40.248,12.824
83.243,44.36
90.756,-17.552
13.763,-15.771
-42.333,-45.022
-42.333,-45.022
-45.123,-44.727
-40.249,12.824
-41.31,-41.759
15.871,-17.569
-40.942,15.351
7.21,-14.357
7.6792,-9.9747
13.763,-15.771
-40.249,12.825
12.302,-17.767
-109.11,-54.771
102.76,-4.1372
46.196,-12.06
-40.249,12.824
-39.972,-43.313
-37.058,-50.201
13.763,-15.771
50.203,0.93395
-68.586,-8.8402
7.6792,-9.9747
-40.637,-43.316
15.665,-13.831
-40.33,-46.637
15.871,-17.569
-42.974,-48.861
13.745,-10.644
12.528,-13.044
72.538,4.854
-40.249,12.825
-42.333,-45.022
-94.838,-4.4615
0.42359,-93.952
15.871,-17.569
13.763,-15.771
-42.333,-45.022
3.0107,-17.335
25.953,-13.541
-93.508,-18.302
13.763,-15.771
13.763,-15.771
123.42,-4.6638
-40.942,15.351
13.763,-15.771
-40.249,12.824
15.871,-17.569
51.8,5.1668
-39.939,-45.143
-40.249,12.825
-40.249,12.824
12.528,-13.044
-122.27,-9.557
13.763,-15.771
67.648,-52.45
18.394,-15.554
-8.646,-64.013
-40.249,12.824
-40.249,12.824
-40.249,12.824
-42.531,19.19
-42.333,-45.022
-42.698,13.611
15.871,-17.569
-42.333,-45.022
13.763,-15.771
-119.34,-28.197
-42.333,-45.022
-40.249,12.824
-42.333,-45.022
78.426,20.663
-38.816,15.415
-40.249,12.825
-40.942,15.351
-38.797,-46.885
-112.35,-25.15
-30.983,-45.361
-42.333,-45.022
-120.22,-30.942
15.746,-9.3475
621.1,-7.8835
-42.333,-45.022
48.168,-56.361
17.449,-11.227
-37.752,12.76
-95.162,-20.145
27.095,-66.961
-112.35,-25.15
-40.249,12.824
-94.838,-4.4615
-42.333,-45.022
-42.333,-45.022
299.64,-11.846
12.528,-13.044
13.763,-15.771
-110.62,-65.443
197.03,14.903
13.763,-15.771
-112.94,-22.482
13.763,-15.771
13.763,-15.771
11.312,-14.691
-40.249,12.824
-6.5259,-64.485
-9.4814,-68.617
-41.036,10.423
-40.249,12.824
105.39,58.404
-41.785,-42.661
15.665,-13.831
-42.333,-45.022
-40.249,12.825
63.885,16.333
-37.161,11.957
13.763,-15.771
-97.233,-14.203
11.135,-17.379
34.141,-80.315
-40.249,12.824
11.506,-18.071
-40.249,12.824
4.7028,-50.771
12.145,-18.472
138.1,-23.452
-129.33,-22.396
-42.333,-45.022
-42.948,-47.4
-40.974,10.404
57.689,-0.99719
-42.948,-47.4
68.193,-13.349
-23.386,-80.416
-41.348,-42.815
-42.333,-45.022
-41.281,9.6823
-40.942,15.351
-42.698,13.611
-138.97,-34.432
41.372,7.9182
-126.87,-8.3099
138.39,-10.192
11.735,-17.198
-39.264,-44.72
-40.249,12.824
44.133,-33.268
-40.249,12.824
15.665,-13.831
-44.299,-46.442
6.3063,-15.772
13.763,-15.771
-45.123,-44.727
-42.333,-45.022
-37.478,-54.199
-45.123,-44.727
30.127,-11.575
4.7028,-50.771
90.756,-17.552
18.467,-19.121
43.826,-20.714
-40.249,12.824
12.528,-13.044
15.871,-17.569
-43.976,-41.534
-42.333,-45.022
-45.123,-44.727
13.763,-15.771
-42.333,-45.022
-23.386,-80.416
-41.989,-42.628
-8.2699,-66.469
13.763,-15.771
7.3653,-7.3361
13.763,-15.771
-42.333,-45.022
-43.826,-41.879
-40.249,12.825
98.316,30.704
19.537,-21.646
151.34,-32.858
-42.333,-45.022
-40.249,12.825
118.13,-18.029
-42.333,-45.022
13.763,-15.771
22.938,-16.692
17.319,-19.943
9.137,-23.52
-55.551,-53.733
-37.942,12.006
-112.35,-25.15
13.763,-15.771
64.872,-95.755
-42.333,-45.022
-40.249,12.824
-109.83,-24.41
121.95,21.161
-40.249,12.824
15.665,-13.831
17.93,-10.078
-42.333,-45.022
108.23,19.494
55.204,-62.846
-42.333,-45.022
15.665,-13.831
-34.585,9.2926
13.745,-10.644
-42.333,-45.022
-42.333,-45.022
7.6793,-9.9747
53.86,-112.23
-40.249,12.824
30.478,-83.925
83.291,-6.1656
58.629,7.1112
-40.942,15.351
69.301,-37.668
15.665,-13.831
-48.588,-95.417
13.763,-15.771
75.947,-24.4
-38.268,11.28
18.364,-11.427
-40.942,15.351
-42.333,-45.021
80.625,-78.572
-42.333,-45.022
-8.2699,-66.469
-40.249,12.824
81.572,-71.356
77.09,25.219
9.1981,-26.502
-45.123,-44.727
15.871,-17.569
-40.372,-48.235
15.871,-17.569
-40.249,12.824
13.745,-10.644
13.763,-15.771
13.763,-15.771
31.377,-68.434
13.763,-15.771
84.441,28.173
-23.386,-80.416
-40.249,12.824
137.13,-1.2262
-31.56,14.409
22.147,12.361
12.528,-13.044
4.2683,-20.633
122.57,-47.362
13.763,-15.771
13.763,-15.771
23.248,2.2892
-42.333,-45.022
188.63,16.208
-42.333,-45.022
-40.58,-56.885
96.788,-58.209
-40.942,15.351
-37.827,13.401
-42.333,-45.022
-40.33,-46.637
13.763,-15.771
13.763,-15.771
-42.7,14.553
-38.109,11.499
13.763,-15.771
-42.333,-45.022
15.665,-13.831
-52.752,-47.625
-60.077,-7.8305
-31.539,10.764
163.2,-11.261
-40.249,12.824
13.763,-15.771
-42.333,-45.022
-42.333,-45.022
12.528,-13.044
11.312,-14.691
-41.932,10.023
-35.396,-57.669
-129.38,-8.8013
13.763,-15.771
-42.333,-45.022
-37.752,12.76
-129.33,-22.396
-45.556,-56.456
13.763,-15.771
-101.96,-3.3077
-41.638,-42.699
-40.942,15.351
-40.249,12.824
-40.249,12.824
-40.942,15.351
-21.009,-81.35
4.3229,-23.905
15.665,-13.831
10.601,-16.151
-126.87,-8.3099
-23.386,-80.416
-39.952,-44.624
-40.33,-46.637
15.665,-13.831
-40.249,12.824
29.939,-5.8089
93.311,-17.628
16.668,-66.952
11.312,-14.691
-40.144,18.741
45.596,-7.4937
-44.729,21.442
66.557,-9.0408
-6.5259,-64.485
59.019,-66.015
62.587,-87.215
76.369,39.155
13.763,-15.771
79.221,-9.5108
51.609,-13.103
22.374,-11.672
-40.249,12.824
-40.249,12.824
49.61,13.009
90.756,-17.552
-15.589,-13.195
-37.83,13.403
-42.333,-45.022
317.58,5.6287
-42.333,-45.022
-74.203,-11.328
-41.397,10.573
1.2879,-107.88
-45.123,-44.727
-41.819,-41.419
125.44,-23.786
-40.249,12.824
-126.78,-22.237
-44.464,-46.066
-42.333,-45.022
13.763,-15.771
85.252,-33.266
15.862,-6.0702
40.177,-15.788
-23.386,-80.416
-37.125,14.151
13.763,-15.771
-12.104,-15.032
-38.494,11.05
25.28,-82.713
85.37,37.57
-46.596,-98.33
-68.586,-8.8402
11.229,-8.4058
90.756,-17.552
15.871,-17.569
15.665,-13.831
-8.2699,-66.469
-43.68,-46.991
-119.34,-28.197
-36.551,-48.878
-75.55,-4.8454
59.616,-4.5597
-40.249,12.824
137.53,-43.212
-45.798,-47.14
-40.249,12.824
80.258,-47.117
15.665,-13.831
83.258,19.987
-40.249,12.825
-23.88,-82.924
-42.333,-45.022
18.394,-15.554
-37.795,12.531
-42.333,-45.022
13.763,-15.771
87.899,20.332
-43.166,-41.983
-40.249,12.824
11.33,-16.463
13.763,-15.771
16.66,-23.03
-8.2699,-66.469
57.776,10.995
15.665,-13.831
18.636,-4.5733
13.763,-15.771
90.756,-17.552
24.679,-89.197
-43.769,-42.301
-40.249,12.825
13.763,-15.771
-45.123,-44.727
4.7143,-8.8557
-42.333,-45.022
10.917,-6.1412
18.874,-12.174
-45.123,-44.727
-40.249,12.824
13.763,-15.771
11.107,-86.838
-40.249,12.824
-113.25,-65.972
-28.286,-50.278
