-58.667,4.6194
-19.564,-32.901
-25.469,-35.937
-58.106,4.6156
-21.73,-33.069
-3.0914,-22.359
-2.8895,-22.33
-22.005,-32.697
-56.545,5.9874
-3.0892,-22.359
-1.7231,-22.161
-24.79,-33.603
-58.09,4.147
63.093,-8.8256
57.466,-11.29
-56.075,5.1221
-26.561,-37.141
67.069,-8.6655
-22.8,-35.148
-25.609,-35.541
62.995,-9.2009
-20.788,-31.163
-3.0722,-22.356
572.14,7.4612
572.97,7.6457
-3.0937,-22.359
-2.9373,-22.337
572.14,7.4608
-25.456,-35.734
62.994,-9.1933
-58.17,4.7046
-19.609,-29.419
-3.0223,-22.349
153.18,-5.4902
-4.3769,-22.543
-29.527,29.381
68.033,-8.4668
-3.3141,-22.391
-22.998,-31.533
-25.802,-35.132
-24.636,-30.683
-56.51,6.8182
-58.451,7.1212
-25.06,-32.412
65.407,-9.0097
152.13,-5.5239
292.36,-1.352
291.14,-1.3889
572.89,7.6286
65.948,-8.8973
-2.8063,-22.318
67.131,-8.6527
291.14,-1.3888
65.102,-9.0765
57.317,-11.212
55.927,-10.797
57.646,-11.278
55.927,-10.797
572.25,7.4849
289.79,-1.4294
55.969,-10.81
-26.078,-37.023
-29.212,29.717
571.48,7.3166
293.41,-1.3206
-1.6799,-22.155
572.93,7.6381
293.49,-1.3182
-25.426,-33.929
289.84,-1.4278
-56.425,4.3569
293.38,-1.3216
293.6,-1.3148
153.11,-5.4923
-57.197,4.856
-1.6575,-22.152
571.22,7.2621
-25.398,-36.682
153.45,-5.4815
-57.545,7.1055
-57.894,5.7923
-56.221,4.8968
-21.762,-27.824
152.11,-5.5244
292.13,-1.359
63.974,-9.2899
292.81,-1.3385
-1.657,-22.152
-1.6604,-22.152
-26.017,-28.443
571.49,7.3194
-57.772,6.5059
-56.221,4.8968
66.97,-8.6861
63.063,-8.8784
-57.405,5.2839
-58.399,4.0363
65.734,-8.9375
-56.716,7.835
-23.315,-31.839
-25.953,-36.206
-22.173,-27.91
-4.2586,-22.531
-56.848,7.2977
-56.976,6.6211
-58.92,5.5142
-56.76,5.5811
292.07,-1.3608
66.059,-8.8732
65.061,-9.0688
-56.857,5.505
-58.905,7.2966
-57.563,4.611
-57.364,6.7125
-56.716,7.835
-22.091,-29.698
-21.009,-28.495
-58.354,6.4039
293.31,-1.3234
-58.134,6.7242
68.419,-8.3889
-20.708,-29.742
-25.434,-36.276
290.04,-1.4217
-58.842,5.3435
-58.543,5.6681
292.64,-1.3437
68.462,-8.3806
293.49,-1.3182
66.034,-8.8791
-57.157,4.2173
-58.112,5.9936
-22.198,-28.224
-57.388,6.2519
572.95,7.6415
-58.698,5.9568
-57.303,5.3232
-56.65,5.7111
-56.417,4.2849
-26.272,-36.761
-58.772,3.823
-25.448,-36.701
-1.657,-22.152
-57.7,7.1009
-21.944,-32.586
-22.928,-32.602
-22.653,-31.741
-22.541,-32.511
-20.562,-35.024
-22.808,-33.059
-58.556,5.0915
-57.289,7.5191
67.118,-8.6555
571.47,7.3143
-58.17,4.7046
-57.459,4.3699
289.96,-1.4242
-1.657,-22.152
-58.637,4.0504
572.69,7.5843
65.01,-9.0607
-20.711,-31.939
573.02,7.658
-56.221,4.8968
66.046,-8.8768
-57.204,3.7112
151.63,-5.54
63.071,-8.8428
293.02,-1.3324
-59.016,4.5221
-56.705,7.1245
-57.409,5.282
-22.972,-29.175
68.571,-8.3593
-58.17,4.7046
60.797,-10.149
293.15,-1.3284
-58.153,7.8317
60.266,-10.349
573,7.6521
-57.799,6.4409
572.53,7.5474
-1.6571,-22.152
63.035,-8.8865
-58.477,7.1591
290.13,-1.4193
-56.057,7.3354
572.48,7.5375
-59.091,5.0984
572.14,7.4606
68.567,-8.3599
63.091,-8.8197
151.83,-5.5334
60.266,-10.35
152.08,-5.5253
291.39,-1.3813
62.989,-8.8201
-1.6558,-22.152
572.57,7.5578
290.76,-1.4002
-58.143,6.1058
-58.09,4.147
-57.832,7.6069
-38.493,-11.264
-37.564,-10.934
-37.564,-10.934
-38.384,-11.203
-37.564,-10.934
-6.4504,-22.926
63.072,-9.1543
-59.376,4.0744
-23.991,-34.314
573,7.6528
573.02,7.6578
-38.884,-11.721
66.879,-8.7042
-1.657,-22.152
-58.781,6.1366
-57.427,7.8477
290.76,-1.4002
292.35,-1.3526
-56.562,6.9135
289.19,-1.4474
572.7,7.5864
-57.846,7.6031
-57.55,4.9114
-58.166,6.1486
-58.777,6.8638
-57.566,7.178
-57.226,7.4991
63.024,-8.9039
-58.302,5.4356
-57.7,5.7752
-58.728,6.0438
-58.681,6.9703
292.38,-1.3515
62.989,-8.8199
-57.54,6.6295
-57.939,4.0088
-58.303,6.2576
-56.44,6.5475
-57.4,6.6667
62.994,-9.1922
-57.459,4.3699
-56.767,5.1733
-57.657,6.9231
293.12,-1.3293
-58.597,7.7003
-56.785,5.5582
-57.418,5.2787
-57.232,5.8336
572.15,7.4635
-56.873,6.1994
-58.297,4.7075
-59.001,5.3776
571.81,7.3893
-1.659,-22.152
290.91,-1.3958
-57.416,5.7721
-56.675,5.3461
153.7,-5.4738
-58.982,7.6376
-58.823,6.7863
290.78,-1.3995
153.06,-5.4939
-57.563,4.611
571.81,7.3886
572.96,7.6447
-57.699,5.2219
-55.489,4.3356
-3.3995,-22.404
-22.179,-31.483
66.092,-8.8678
153.52,-5.4796
-5.1321,-22.66
-58.065,5.2874
-57.409,5.8297
-23.332,-36.183
-56.73,7.1556
-56.746,5.5939
64.593,-9.146
-57.528,7.8509
-57.593,6.2288
-23.332,-36.183
-23.301,-36.264
-23.143,-35.857
-56.791,7.2188
-58.56,5.6464
-23.827,-35.984
65.01,-9.0607
-26.434,-28.842
-23.826,-35.984
63.289,-8.768
-56.442,7.2865
-23.332,-36.183
-56.461,6.2929
289.57,-1.4359
-23.332,-36.183
-56.075,5.1221
-26.492,-28.81
571.34,7.287
-23.827,-35.984
-23.827,-35.984
-57.771,6.5032
-58.096,5.9288
-23.827,-35.984
-57.891,4.9553
-23.332,-36.183
68.164,-8.4402
153.07,-5.4936
-57.291,7.1781
-56.44,6.5511
-58.04,5.276
-23.827,-35.984
-23.332,-36.183
-57.155,4.784
57.443,-11.599
-58.905,7.2975
-23.827,-35.984
-23.332,-36.183
-23.827,-35.984
-1.6571,-22.152
-57.733,7.6174
-56.928,6.776
65.672,-8.9534
-23.826,-35.984
-58.076,6.869
-21.779,-32.315
-22.037,-32.619
-22.335,-30.97
-23.502,-30.549
-23.892,-30.781
-58.26,6.7427
-58.559,5.6846
-1.657,-22.152
-57.192,5.3572
-1.6571,-22.152
-58.864,6.3272
571.84,7.3963
-57.766,5.793
-57.14,6.8327
-58.2,6.701
-57.792,5.2237
67.113,-8.6565
-56.954,6.1764
62.989,-9.2011
-58.973,5.5506
-57.175,6.5017
-55.98,6.1083
-58.822,6.7918
-57.2,5.3569
-58.016,7.1199
-57.053,6.8
-58.447,7.1472
-56.936,6.3219
-57.827,7.0687
571.65,7.3542
293.1,-1.3298
-20.166,-33.96
-56.075,5.1221
-56.92,7.3446
-57.824,6.3024
153.71,-5.4736
572.55,7.5535
-55.453,4.846
-56.824,5.5289
290.02,-1.4225
-32.513,-40.6
153.84,-5.4692
62.992,-9.1949
-58.198,6.7046
-59.153,5.9337
-58.602,5.0497
-57.72,6.2849
-58.822,6.238
-57.755,6.3304
-55.436,5.4095
151.97,-5.5289
-56.438,6.4884
-56.221,4.8968
62.994,-9.1922
57.52,-11.319
-55.966,6.2556
-58.366,7.7341
-58.982,7.6376
-59.091,5.0984
-58.219,7.3504
152.86,-5.5002
-58.121,5.9015
572.22,7.4803
-57.799,5.2243
572.14,7.4619
-57.197,4.856
62.989,-8.8199
-20.311,-34.111
-55.875,5.3178
572.54,7.5509
-57.563,4.611
-57.906,3.8713
571.82,7.3911
-26.328,-27.993
-55.728,5.3367
573.01,7.6558
-55.98,6.1083
-56.678,5.6661
572.41,7.5216
-57.642,6.6046
62.99,-9.1988
293.17,-1.3279
153.37,-5.4842
-1.6628,-22.153
293.39,-1.321
-1.6603,-22.152
-56.425,4.3569
67.939,-8.4862
-56.951,5.4516
-55.79,5.3208
-59.091,5.0984
-1.6578,-22.152
292.49,-1.3483
-59.788,6.6391
-57.252,6.0242
-57.88,7.5961
153.08,-5.4934
-1.6586,-22.152
-59.091,5.0984
-59.095,5.7664
573,7.6542
-58.659,5.8156
292.31,-1.3537
-57.096,6.8735
292.31,-1.3537
-19.851,-34.201
-58.081,5.8713
-21.957,-29.834
-22.198,-28.224
-21.957,-29.834
-20.472,-31.414
291,-1.393
292.38,-1.3516
-58.995,7.0903
-59.543,5.9458
-57.395,5.7743
572.97,7.6459
-6.3084,-23.005
-59.203,6.0732
571.7,7.3639
-58.852,7.6043
-59.275,5.8841
-60.025,6.3657
-59.696,7.0837
-1.6571,-22.152
-58.859,6.693
-57.343,6.1442
571.66,7.3553
-59.275,5.8841
151.74,-5.5365
-59.172,6.2317
67.165,-8.6457
-58.221,5.3685
-24.836,-33.622
-5.7606,-22.78
290.16,-1.4183
572.79,7.6067
-6.3428,-22.816
292.8,-1.339
-58.536,7.7018
60.248,-10.358
-24.405,-29.848
-24.405,-29.848
-24.405,-29.848
-7.3056,-23.291
-27.326,-34.289
-7.1697,-23.253
-38.886,-18.265
-27.611,-34.256
-7.1698,-23.253
-27.329,-34.288
-27.897,-34.778
-44.259,-15.983
-1.4304,-22.118
-44.911,-14.679
-25.86,-29.917
-27.329,-34.288
-44.668,-14.76
-7.2815,-23.28
-27.636,-34.745
-27.636,-34.745
-38.886,-18.265
-25.86,-29.917
-27.636,-34.745
-7.3774,-23.352
-38.886,-18.265
-6.8042,-23.077
-27.067,-34.488
572.88,7.6274
573.02,7.6566
-58.689,5.8765
293.45,-1.3193
-1.6569,-22.152
-56.746,5.5937
572.13,7.4592
153.71,-5.4736
571.54,7.331
289.58,-1.4356
-58.999,7.4037
293.17,-1.3276
293.37,-1.3217
571.27,7.2729
571.94,7.4179
65.723,-8.9414
-25.762,-29.278
-25.643,-29.625
-25.86,-29.917
-25.358,-29.314
-25.266,-37.593
-25.86,-29.917
-25.358,-29.314
-7.5612,-23.441
-25.545,-29.164
-25.86,-29.917
-7.1697,-23.253
-16.385,-35.962
-57.47,5.7721
-56.863,5.0183
-21.321,-32.528
-25.636,-32.77
-21.914,-33.278
-24.753,-33.23
57.592,-10.986
-23.459,-32.896
-58.229,5.3719
-26.025,-32.459
58.734,-11.045
-58.01,9.8436
-19.078,-26.947
-58.01,9.8436
-24.252,-30.373
-19.129,-26.943
-24.932,-31.373
-23.066,-29.976
-16.385,-35.962
-26.135,-32.499
-28.155,-34.577
289.67,-1.4329
571.65,7.3546
-22.03,-29.79
571.61,7.3451
-24.79,-33.603
68.265,-8.4199
68.111,-8.4512
289.63,-1.4343
-23.572,-29.75
-4.1628,-22.512
-20.793,-31.664
-24.274,-29.691
293.33,-1.3229
-24.79,-33.603
572.15,7.4632
-22.03,-29.79
293.35,-1.3223
-23.737,-34.844
-23.594,-31.972
-21.377,-32.67
292.31,-1.3537
-24.79,-33.603
-20.83,-32.247
65.027,-9.0866
-22.403,-33.004
-24.548,-35.547
572.45,7.5305
-24.305,-32.519
292.67,-1.3428
68.257,-8.4215
-23.57,-29.754
571.47,7.3152
572.89,7.6282
571.72,7.3688
291,-1.3931
-21.196,-33.377
-38.886,-18.265
-38.886,-18.265
-38.886,-18.265
-38.886,-18.265
-38.886,-18.265
-38.886,-18.265
-38.886,-18.265
-38.886,-18.265
-38.886,-18.265
-38.886,-18.265
-38.886,-18.265
-38.886,-18.265
-38.886,-18.265
-38.886,-18.265
-38.886,-18.265
-38.886,-18.265
64.023,-9.3733
-38.887,-18.247
-38.886,-18.265
-38.891,-18.261
-38.886,-18.265
-38.888,-18.26
-38.886,-18.265
-38.886,-18.265
-38.889,-18.263
-38.886,-18.265
64.037,-9.369
-38.886,-18.265
-38.889,-18.256
-38.886,-18.265
-38.887,-18.265
-38.886,-18.265
-38.886,-18.265
-38.886,-18.265
-38.583,-18.575
-38.886,-18.265
-38.886,-18.265
-38.889,-18.261
-38.886,-18.265
-38.886,-18.265
-38.886,-18.265
-38.886,-18.265
-38.887,-18.264
-38.886,-18.265
-38.886,-18.265
-38.886,-18.265
-38.886,-18.265
-20.272,-29.426
-28.6,-31.305
-38.849,-11.656
66.933,-8.6936
-57.906,3.8713
57.474,-11.55
-3.0954,-22.36
-21.244,-31.775
572.95,7.6427
290.71,-1.4017
-58.923,4.6445
290.64,-1.4038
-20.917,-30.329
153.82,-5.4701
572.78,7.6044
57.503,-11.316
63.141,-9.085
292.4,-1.351
-24.245,-29.52
-20.708,-29.742
-21.194,-28.477
573.02,7.6579
-21.402,-34.857
571.63,7.3492
-26.177,-32.954
293.32,-1.3234
-3.0914,-22.359
-3.0978,-22.36
65.708,-8.9465
-21.618,-32.183
-3.0817,-22.357
571.7,7.3649
57.493,-11.538
-21.293,-31.433
-2.8894,-22.33
571.59,7.3408
-3.0983,-22.36
-28.087,-31.442
-22.811,-34.141
-22.811,-34.141
572.94,7.6402
151.88,-5.532
151.3,-5.5509
572.84,7.6163
-21.265,-31.547
-21.549,-32.891
-21.749,-31.922
-21.321,-33.384
-24.636,-30.683
-21.819,-33.756
573.02,7.6577
571.8,7.3865
152.69,-5.5058
-34.405,-42.896
-33.883,-42.139
-33.889,-42.049
-33.417,-41.755
-34.672,-42.869
-33.824,-41.229
-33.67,-41.785
-33.745,-41.882
-33.941,-42.432
-34.47,-42.089
-32.075,-42.375
-33.666,-43.273
-29.909,29.678
-32.591,-42.15
-21.76,-31.594
-43.66,-15.135
-21.994,-30.61
-23.192,-30.434
68.405,-8.3918
-43.66,-15.135
-22.095,-31.038
-29.448,29.42
-29.147,29.824
-21.496,-32.836
290.88,-1.3966
-43.66,-15.135
-43.66,-15.135
-28.973,-30.856
-28.127,-30.806
-29.189,29.755
-29.482,29.405
-24.218,-31.191
-28.459,-31.331
-27.946,-30.832
-39.017,-11.633
-29.512,29.379
55.433,-10.615
-29.448,29.42
-28.229,-31.302
-21.811,-31.427
-30.62,-31.755
-30.62,-31.755
-25.86,-29.917
-30.564,-31.723
-22.121,-32.014
-30.62,-31.755
-28.127,-30.806
-28.923,-30.98
-22.108,-31.658
-22.468,-30.918
-25.374,-30.857
-30.62,-31.755
-29.226,29.711
-22.761,-30.368
-29.226,29.711
-29.102,-30.318
-29.448,29.42
-29.102,-30.318
-23.788,-32.54
-29.448,29.42
-29.102,-30.318
-29.102,-30.318
-29.448,29.42
-29.111,-30.312
-29.102,-30.318
572.63,7.5716
-29.448,29.42
-21.242,-31.825
-22.555,-31.916
-23.191,-30.429
-22.625,-29.973
-1.7306,-22.162
-28.127,-30.806
-22.268,-31.64
-26.906,-34.882
-23.848,-32.447
58.074,-11.104
-27.329,-34.288
-30.564,-31.723
-23.816,-31.521
-22.67,-31.278
-23.124,-33.028
-30.564,-31.723
-23.986,-27.462
-23.543,-28.98
-23.849,-29.079
-23.196,-30.919
60.317,-10.356
-22.11,-30.542
-24.45,-27.649
-23.911,-32.313
-27.067,-34.488
-38.977,-18.402
58.074,-11.104
-22.389,-30.418
-25.865,-31.641
-21.407,-31.163
-24.475,-27.588
-21.537,-30.162
-22.185,-33.911
-25.643,-29.625
-21.93,-30.65
-23.845,-27.557
-23.543,-28.98
-30.564,-31.723
-21.363,-31.261
-24.17,-32.891
-26.906,-34.882
-25.594,-31.405
-25.374,-30.857
-21.382,-31.21
-24.35,-31.566
-30.567,-31.719
-22.299,-32.643
-25.865,-31.641
-22.341,-30.435
-23.543,-28.98
-23.986,-27.462
-28.127,-30.806
-30.564,-31.723
-21.769,-31.534
-28.923,-30.98
-23.197,-30.431
-21.961,-31.169
-30.564,-31.723
-24.162,-30.4
-23.902,-31.699
-22.446,-30.927
-25.594,-31.405
-21.243,-32.201
-25.594,-31.405
-24.257,-31.28
-24.468,-27.614
-23.849,-29.079
-30.62,-31.755
-30.564,-31.723
-28.459,-31.331
-24.444,-27.658
-22.055,-32.816
-30.564,-31.723
-28.124,-30.238
-28.127,-30.806
-24.298,-27.346
-25.594,-31.405
68.736,-8.3286
-22.815,-30.369
-24.393,-32.139
-30.564,-31.723
-23.848,-29.078
-30.564,-31.723
-30.564,-31.723
-22.313,-30.445
-23.985,-27.467
-21.261,-31.57
-30.564,-31.723
-24.395,-32.122
-30.62,-31.755
-23.463,-30.533
-23.986,-27.462
-21.291,-31.44
-30.564,-31.723
-26.906,-34.882
-25.594,-31.405
-30.564,-31.723
-24.007,-33.098
-28.127,-30.806
-30.564,-31.723
-25.374,-30.857
-23.892,-30.781
-30.62,-31.755
-24.345,-31.548
58.51,-11.173
-23.513,-33.86
-22.14,-30.526
-25.374,-30.857
-24.383,-31.7
-25.594,-31.405
-23.409,-31.009
-24.305,-27.348
-30.564,-31.723
-23.986,-27.462
-24.213,-31.181
-24.394,-32.13
-24.467,-27.618
-23.777,-30.7
-30.564,-31.723
-24.292,-32.566
-30.564,-31.723
-25.399,-29.189
-23.691,-30.649
-21.509,-32.85
-24.398,-32.097
-23.293,-30.464
-23.439,-30.523
-22.536,-30.895
-28.127,-30.806
-22.673,-30.369
-27.636,-34.745
-24.061,-30.941
-25.374,-30.857
-24.061,-30.941
-21.609,-30.878
-30.564,-31.723
-23.543,-28.98
-30.564,-31.723
-23.986,-27.462
-24.024,-29.053
573.02,7.6579
290.63,-1.4043
289.59,-1.4352
55.415,-10.589
291.09,-1.3904
55.478,-10.602
572.56,7.5552
571.36,7.2908
57.258,-11.05
68.301,-8.4128
55.554,-10.611
55.768,-10.66
60.429,-10.56
-28.459,-31.331
-23.545,-31.076
572.79,7.6056
67.829,-8.509
55.148,-10.543
59.034,-10.947
572.96,7.6446
572.37,7.5137
571.62,7.3471
572.84,7.6169
572.44,7.5276
292.38,-1.3516
290.35,-1.4124
55.713,-10.659
291.42,-1.3803
289.79,-1.4294
571.55,7.3327
58.413,-11.213
-92.256,-19.375
58.413,-11.213
-92.257,-19.376
291.16,-1.3882
-92.04,-19.805
-92.086,-19.808
-24.443,-27.659
-92.007,-19.31
58.413,-11.214
58.413,-11.213
-91.936,-19.343
-2.9246,-22.335
-24.11,-27.695
-92.31,-19.653
-92.33,-19.546
-91.861,-19.419
58.413,-11.213
-92.295,-19.683
-30.564,-31.723
58.562,-11.167
-2.5849,-22.286
58.413,-11.213
-92.33,-19.546
-92.257,-19.376
-92.304,-19.665
-24.086,-27.679
153.5,-5.48
-92.322,-19.616
-23.986,-27.462
-91.843,-19.651
55.559,-10.614
67.398,-8.5977
-24.45,-27.65
-91.915,-19.75
-23.986,-27.462
58.413,-11.213
57.505,-11.229
-30.564,-31.723
-24.528,-27.763
-92.31,-19.653
-24.466,-27.621
58.562,-11.167
152.28,-5.5189
-24.528,-27.763
-24.11,-27.695
58.413,-11.213
-24.468,-27.614
-92.041,-19.805
-91.984,-19.318
-92.104,-19.806
289.65,-1.4335
58.413,-11.213
-24.444,-27.658
58.413,-11.214
-25.594,-31.405
-92,-19.312
-24.468,-27.614
-23.986,-27.462
-92.208,-19.337
-23.986,-27.462
-23.986,-27.462
-92.208,-19.337
-30.564,-31.723
-92.276,-19.325
-92.274,-19.713
-91.856,-19.678
-91.915,-19.75
-91.83,-19.611
-24.466,-27.619
58.413,-11.213
-2.9255,-22.335
-23.986,-27.462
60.249,-10.392
293.48,-1.3186
-92.273,-19.393
-91.968,-19.325
-30.564,-31.723
-22.551,-34.481
55.818,-10.753
-22.551,-34.481
-22.551,-34.481
-22.551,-34.481
-4.1692,-22.513
-22.551,-34.481
-22.399,-34.603
-27.228,-35.883
-92.04,-19.805
-92.016,-19.307
-91.881,-19.714
-92.325,-19.601
-92.178,-19.321
-92.31,-19.653
-27.541,-35.791
-20.829,-30.946
-91.984,-19.79
-92.086,-19.808
-92.303,-19.667
-92.273,-19.393
-92.012,-19.799
-92.286,-19.411
-91.852,-19.436
-27.228,-35.883
-92.152,-19.312
-91.838,-19.638
-91.843,-19.651
-92.236,-19.751
-92.289,-19.416
-92.248,-19.741
-27.028,-35.871
-91.915,-19.749
-92.31,-19.653
-92.287,-19.293
-91.829,-19.608
-27.228,-35.883
-91.977,-19.321
-91.881,-19.393
-91.86,-19.685
-91.834,-19.626
-92.311,-19.649
-91.981,-19.319
-91.882,-19.391
-92.04,-19.805
-92.193,-19.329
-91.841,-19.46
-26.906,-34.882
-92.303,-19.667
-92.208,-19.337
-92.273,-19.393
-91.981,-19.319
-91.981,-19.319
58.305,-11.129
-92.321,-19.62
-27.54,-35.791
-92.235,-19.356
-91.926,-19.758
-92.198,-19.331
-92.31,-19.457
-92.04,-19.805
-21.734,-30.771
-92.29,-19.418
-91.847,-19.446
-91.988,-19.791
-92.233,-19.753
-91.977,-19.321
-92.253,-19.736
-20.671,-32.61
58.413,-11.213
-92.046,-19.302
-22.782,-33.083
-91.827,-19.597
-91.83,-19.611
-92.037,-19.805
-27.541,-35.791
68.439,-8.385
-34.634,-42.885
-32.584,-42.327
-34.19,-43.092
-33.63,-42.73
-33.442,-43.495
68.439,-8.3849
-33.915,-42.253
57.461,-11.768
57.461,-11.768
-32.141,-41.752
-32.606,-42.047
-34.559,-42.509
-34.559,-42.509
57.461,-11.768
-33.302,-43.499
-33.876,-42.619
-32.973,-43.021
57.52,-11.319
-33.467,-41.719
-32.141,-41.752
-36.12,-45.938
57.461,-11.768
-34.048,-43.175
57.461,-11.768
-34.559,-42.509
-32.141,-41.752
-33.467,-41.719
-33.763,-41.909
57.461,-11.768
-33.131,-41.255
57.461,-11.768
57.461,-11.768
-34.338,-42.97
-33.138,-42.07
-34.343,-41.777
57.506,-11.317
57.572,-11.824
-33.06,-43.391
-33.607,-42.733
-33.208,-43.174
-33.146,-41.25
57.461,-11.768
-24.695,-33.062
-34.559,-42.522
-33.192,-41.944
-32.593,-42.141
57.454,-11.777
57.51,-11.32
-33.824,-41.229
-33.476,-43.261
-33.581,-43.273
-33.487,-42.746
-33.594,-42.746
-34.145,-41.509
-22.164,-31.646
68.439,-8.385
-32.888,-42.945
-33.249,-42.403
57.461,-11.768
-35.662,-41.773
-33.831,-41.23
-32.605,-42.051
57.506,-11.317
-32.744,-41.585
-32.63,-42.6
-33.393,-41.199
68.439,-8.3849
-34.345,-41.782
-32.583,-42.272
-33.316,-42.653
57.461,-11.768
-32.756,-42.807
-32.141,-41.752
-34.339,-41.77
-34.559,-42.501
57.506,-11.317
57.461,-11.768
68.52,-8.3688
-34.467,-42.081
60.205,-10.389
57.461,-11.768
57.461,-11.768
65.71,-8.9461
-34.315,-41.733
-33.766,-43.454
57.47,-11.768
-32.024,-42.471
-33.14,-41.252
57.461,-11.768
-33.49,-41.718
-32.884,-42.941
-33.666,-43.273
-34.632,-42.917
-34.559,-42.521
-22.752,-30.857
60.206,-10.389
-32.141,-41.752
-33.393,-41.2
57.461,-11.768
68.439,-8.385
57.461,-11.768
-32.884,-42.94
-33.8,-41.218
-32.609,-42.025
-34.559,-42.497
-33.442,-43.495
57.461,-11.768
-34.042,-43.178
57.461,-11.768
-34.716,-41.205
-33.767,-41.942
-33.08,-41.277
-35.662,-41.772
57.461,-11.768
57.461,-11.768
-33.818,-41.227
57.506,-11.317
68.439,-8.385
57.461,-11.768
-34.339,-41.771
-34.568,-40.746
-36.12,-45.937
-34.063,-41.409
-33.958,-42.369
-22.067,-33.392
-34.558,-42.557
-35.662,-41.773
-33.159,-42.236
-33.225,-42.436
-24.663,-32.623
-36.12,-45.937
-32.731,-41.608
-34.28,-43.023
-34.716,-41.205
-35.662,-41.772
-32.583,-42.276
-36.117,-45.934
-35.662,-41.772
-36.12,-45.937
-32.887,-43.36
-32.732,-41.606
-34.063,-41.409
-34.149,-41.513
-35.662,-41.773
-36.12,-45.937
-33.591,-43.273
-32.746,-41.581
-33.879,-42.147
-33.753,-41.898
-33.628,-42.73
-34.558,-42.554
-34.559,-42.516
-34.465,-42.075
289.8,-1.4291
-33.283,-42.556
-32.745,-41.583
-35.662,-41.772
-33.162,-41.244
-24.9,-31.896
-33.878,-42.618
-34.007,-43.329
-33.943,-42.437
-36.12,-45.937
-36.119,-45.937
-36.12,-45.937
-34.49,-42.156
-36.12,-45.938
-34.422,-42.874
-33.713,-43.516
-32.627,-42.592
-36.119,-45.937
-33.67,-41.785
-32.977,-41.334
-33.911,-42.56
-36.12,-45.938
-32.684,-41.133
-35.662,-41.773
-34.322,-42.985
-34.716,-41.205
-34.475,-42.104
-33.196,-41.949
-33.229,-41.895
-34.558,-42.494
-34.601,-42.914
-33.489,-42.726
-32.887,-43.36
-33.415,-43.249
-32.958,-43.009
-36.12,-45.937
-36.12,-45.937
-32.041,-42.377
-36.12,-45.937
-34.374,-41.834
-36.117,-45.933
-33.141,-42.133
-33.451,-43.256
-36.12,-45.937
-33.936,-42.484
-35.662,-41.772
-36.119,-45.937
-34.05,-43.174
-33.368,-41.203
-34.152,-41.517
-34.568,-40.746
-33.21,-43.175
-32.393,-43.182
-33.249,-42.409
-34.315,-41.733
-33.248,-42.482
-33.16,-42.285
-29.473,29.402
-34.05,-43.174
-33.157,-41.246
-32.862,-42.919
-36.12,-45.937
-36.12,-45.937
-32.627,-42.592
-33.303,-40.738
-33.779,-43.26
-32.393,-43.182
-33.224,-42.369
-32.685,-42.71
-33.341,-41.207
-33.539,-42.229
-35.662,-41.772
-32.935,-42.989
-34.395,-41.878
-33.164,-43.151
-33.266,-42.599
-34.634,-42.828
-34.049,-43.175
-34.05,-43.174
-21.29,-31.444
-33.696,-40.854
-32.748,-41.578
289.8,-1.4291
-24.403,-31.838
-25.957,-36.219
-32.642,-41.871
289.8,-1.4291
-36.12,-45.937
-36.12,-45.937
-33.841,-41.236
-33.931,-42.51
-33.105,-43.115
-35.662,-41.772
-36.12,-45.938
-24.857,-30.338
-33.817,-41.226
-34.395,-41.877
-33.665,-42.169
-33.722,-41.857
-25.358,-29.314
-33.16,-42.007
-32.64,-42.621
-34.315,-41.733
-33.935,-42.49
289.8,-1.4291
-34.465,-42.075
-36.119,-45.938
-34.145,-41.509
-34.558,-42.494
-34.542,-42.36
-34.345,-41.782
-34.419,-42.879
-34.489,-42.156
-32.584,-42.35
-36.119,-45.937
-33.946,-42.434
-34.418,-41.935
-33.696,-40.854
-22.946,-30.379
-32.959,-43.01
-32.622,-42.578
-33.899,-42.579
-36.12,-45.938
-36.12,-45.937
-33.967,-41.316
-33.798,-42.047
-32.973,-43.021
-36.12,-45.938
-33.908,-42.235
-33.249,-42.403
-25.358,-29.314
-32.742,-41.588
-32.606,-42.047
-32.612,-42.013
-36.12,-45.938
-36.12,-45.938
-32.684,-41.133
-36.12,-45.937
-36.12,-45.938
-34.716,-41.205
-32.627,-42.592
-34.317,-42.989
-22.067,-33.392
-32.643,-42.63
-35.662,-41.772
-36.12,-45.937
-24.857,-30.338
-34.568,-40.746
-34.22,-41.6
-33.347,-41.206
-21.499,-31.006
-33.403,-41.198
-34.47,-42.091
-33.509,-43.266
-36.12,-45.938
-36.12,-45.937
-33.687,-42.718
-33.266,-42.599
-33.864,-42.097
-36.12,-45.937
-33.023,-41.306
-33.267,-41.86
-36.123,-45.942
-33.486,-42.746
-32.871,-41.423
-32.393,-43.182
-32.745,-41.584
-33.158,-42.259
-33.322,-42.659
-33.449,-41.728
-33.893,-43.235
-33.623,-42.73
-35.662,-41.772
-33.134,-42.085
-32.97,-41.341
-33.857,-41.243
-36.12,-45.938
-36.12,-45.938
-34.716,-41.205
-34.058,-41.404
-33.385,-41.2
-21.907,-30.664
-32.669,-42.682
-34.332,-42.975
-34.568,-40.746
-33.069,-43.092
-33.491,-41.718
-25.358,-29.314
-33.485,-42.746
-33.174,-43.439
-36.12,-45.937
-33.13,-42.144
-34.063,-41.409
-33.696,-40.854
-35.662,-41.772
-32.024,-42.471
-32.65,-42.645
-33.312,-43.216
-33.745,-41.882
289.8,-1.4291
-32.393,-43.182
-34.472,-43.628
-32.745,-41.583
-33.831,-41.23
-33.601,-42.231
-35.662,-41.772
-33.763,-43.506
-32.732,-41.607
-34.226,-41.61
-33.491,-41.718
-33.784,-43.259
-36.12,-45.938
-33.303,-40.738
-36.12,-45.938
-33.973,-43.208
-36.12,-45.938
-32.966,-41.344
-36.14,-45.968
-33.083,-41.276
-34.716,-41.205
-21.615,-30.873
-33.288,-42.585
-32.65,-42.645
-35.662,-41.772
-36.12,-45.937
-36.12,-45.938
-36.12,-45.937
-21.633,-30.854
-24.857,-30.338
-32.582,-42.254
-32.65,-41.836
-36.116,-45.932
289.7,-1.432
-36.117,-45.933
-34.467,-42.081
-33.449,-41.728
-36.12,-45.937
-34.321,-42.987
-35.662,-41.772
-34.49,-42.157
-33.604,-42.218
-32.645,-41.859
-36.12,-45.937
-32.628,-41.93
-32.024,-42.471
-33.391,-41.2
-33.92,-42.144
-32.887,-43.36
-33.781,-43.259
-36.119,-45.938
-32.872,-41.422
-36.15,-45.984
-33.649,-40.9
-24.17,-32.891
-36.12,-45.938
-33.149,-42.047
-32.593,-42.141
-33.824,-41.229
-35.662,-41.772
-32.584,-42.225
-32.745,-41.583
-35.662,-41.772
-36.12,-45.937
-34.568,-40.746
-36.121,-45.94
-33.824,-41.229
-33.824,-41.229
-22.554,-33.937
-33.158,-42.272
-34.223,-43.068
-34.05,-43.174
-34.558,-42.556
-32.627,-42.593
-32.733,-42.778
-36.12,-45.937
-33.305,-43.214
-34.145,-41.509
-34.223,-43.068
-25.957,-36.219
-33.87,-42.627
289.8,-1.4291
-33.279,-41.846
-33.279,-41.846
-33.128,-43.499
-33.593,-42.205
-32.393,-43.182
-36.12,-45.938
-34.49,-42.157
-33.303,-40.738
-36.117,-45.933
-33.903,-42.575
-22.367,-31.36
-21.918,-33.949
-20.725,-34.103
-23.738,-31.286
-91.841,-19.46
-92.286,-19.411
68.316,-8.4097
-92.329,-19.569
-24.824,-31.831
-92.311,-19.459
-92.191,-19.78
-92.046,-19.302
-92.256,-19.375
-91.843,-19.651
-92.219,-19.345
58.497,-11.174
-92.33,-19.546
-24.669,-34.588
-22.7,-35.306
-24.669,-34.588
-25.051,-34.261
-24.629,-34.619
-25.051,-34.261
-24.65,-34.603
-25.051,-34.261
-25.051,-34.261
-25.051,-34.261
-24.67,-34.587
-24.669,-34.588
-24.65,-34.603
-29.504,29.371
-21.987,-27.694
54.861,-10.459
-3.9999,-22.489
57.52,-11.319
-23.737,-34.844
-22.637,-31.759
151.93,-5.5305
57.521,-11.322
-22.722,-32.064
57.52,-11.319
65.965,-8.8932
-23.135,-33.534
-7.9833,-23.692
60.171,-10.401
-4.0226,-22.493
-23.182,-33.521
57.52,-11.319
57.52,-11.319
-22.991,-33.14
-22.814,-29.912
-22.688,-33.092
-7.9833,-23.692
57.52,-11.319
-22.74,-32.598
67.159,-8.6471
57.52,-11.319
-3.0915,-22.359
-23.399,-32.348
-20.917,-30.329
-20.775,-32.717
57.52,-11.319
-23.248,-32.508
-22.2,-33.474
-22.991,-33.14
57.52,-11.319
-23.737,-34.844
-22.399,-33.008
57.52,-11.319
57.52,-11.319
-22.576,-33.037
57.495,-11.532
-22.579,-33.038
-23.567,-32.285
-4.0227,-22.493
-3.0915,-22.359
-7.9324,-23.665
-7.9875,-23.693
57.52,-11.319
-22.997,-32.031
57.52,-11.319
-23.592,-34.21
-23.163,-31.946
57.52,-11.319
62.569,-9.2138
-23.19,-31.975
-22.194,-33.469
-24.667,-31.115
-23.298,-32.21
-22.902,-33.586
-22.734,-32.735
-23.512,-32.468
-4.0224,-22.493
57.52,-11.319
293.37,-1.3218
-21.816,-33.176
-23.332,-31.622
-7.9408,-23.667
-22.198,-28.224
57.52,-11.319
-23.244,-34.917
-23.011,-32.429
57.527,-11.323
-23.16,-33.526
-7.9833,-23.692
68.52,-8.369
57.52,-11.319
-23.155,-33.527
571.74,7.3733
-23.737,-34.844
-22.781,-32.131
-22.969,-32.144
57.52,-11.319
-22.607,-33.607
-21.93,-33.297
57.521,-11.322
-22.828,-32.698
57.545,-11.309
68.488,-8.3751
-91.859,-19.423
-91.827,-19.597
-92.016,-19.307
-92.085,-19.808
-92.086,-19.808
-91.984,-19.318
-91.832,-19.618
-92.193,-19.779
-91.882,-19.391
-91.984,-19.318
-91.83,-19.611
-92.191,-19.78
-92.046,-19.302
-91.683,-19.568
-92.321,-19.62
-91.843,-19.455
-91.915,-19.75
-92.29,-19.69
57.611,-11.295
-91.936,-19.343
-91.882,-19.391
-91.881,-19.392
-92.321,-19.618
-91.842,-19.648
-92.138,-19.8
-91.882,-19.391
-92.082,-19.808
-92.31,-19.653
-91.904,-19.368
-91.683,-19.568
-92.095,-19.807
-92.082,-19.808
-91.874,-19.706
-92.078,-19.808
-92.258,-19.731
-91.988,-19.791
-92.09,-19.807
-92.135,-19.307
-2.1366,-22.22
-91.837,-19.636
-92.287,-19.413
-92.325,-19.601
-91.83,-19.611
-92.003,-19.311
-44.911,-14.679
-44.911,-14.679
-44.911,-14.679
-44.911,-14.679
-44.911,-14.679
-44.911,-14.679
-44.911,-14.679
-44.911,-14.679
-4.8452,-22.613
-44.911,-14.679
-44.911,-14.679
-44.668,-14.76
-44.911,-14.679
-44.968,-14.662
-44.911,-14.679
-44.911,-14.679
-44.911,-14.679
-44.911,-14.679
-44.911,-14.679
56.503,-10.693
-44.911,-14.679
-44.914,-14.677
-44.911,-14.679
-44.911,-14.679
-44.911,-14.679
-44.911,-14.679
-44.911,-14.679
-44.911,-14.679
-44.911,-14.679
-44.911,-14.679
-44.911,-14.679
-44.925,-14.674
-44.911,-14.679
-44.911,-14.679
-44.911,-14.679
-44.911,-14.679
-44.911,-14.679
-44.911,-14.679
-44.911,-14.679
-44.911,-14.679
-44.911,-14.679
-44.911,-14.679
-44.668,-14.76
-4.7566,-22.599
-44.912,-14.678
-6.3493,-22.902
-44.934,-14.668
-44.911,-14.679
-44.911,-14.679
-44.911,-14.679
-44.911,-14.679
-44.911,-14.679
-44.927,-14.673
-44.911,-14.679
68.572,-8.3587
290.07,-1.4209
-23.051,-32.315
-20.917,-30.329
65.702,-8.9478
-23.592,-34.21
-20.708,-29.742
-24.407,-31.893
64.953,-9.0996
-23.737,-34.844
-21.715,-28.425
293.05,-1.3315
572.95,7.643
-24.245,-29.52
-23.366,-34.055
-24.559,-30.223
-20.917,-30.329
152.08,-5.5254
572.55,7.5535
-23.572,-29.75
-20.917,-30.329
-23.737,-34.844
152.09,-5.5252
-23.244,-34.917
-28.417,-35.327
-28.419,-35.329
-21.398,-30.429
-21.398,-30.429
10.698,-4.6461
55.013,-10.485
-3.1215,-22.363
55.028,-10.494
6.9445,-1.7684
-29.471,29.409
289.44,-1.44
-29.509,29.691
-29.509,29.691
-29.509,29.691
-29.509,29.691
-29.509,29.691
-29.509,29.691
62.963,-9.7063
572.93,7.6369
289.44,-1.4399
68.491,-8.3745
61.741,-9.9892
68.491,-8.3746
62.183,-9.7694
10.074,-0.59316
-1.6571,-22.152
63.159,-9.8346
572.4,7.5192
289.99,-1.4234
-56.899,7.339
-1.6571,-22.152
571.98,7.4257
62.961,-9.7346
-57.072,5.9989
62.956,-9.7705
62.961,-9.7347
152.68,-5.5059
571.66,7.3552
152.68,-5.5059
62.992,-9.1927
571.23,7.2633
289.9,-1.426
293.2,-1.327
62.961,-9.7346
152.7,-5.5053
-58.497,7.1052
152.68,-5.5059
152.71,-5.5051
-22.75,-33.077
-22.57,-29.774
-23.871,-33.215
7.7182,-0.597
-24.403,-31.84
-23.103,-31.765
-24.143,-32.937
-20.888,-31.44
-22.787,-32.623
-24.727,-32.107
-59.788,6.6391
-24.312,-32.498
-24.391,-30.307
-22.377,-29.57
-59.788,6.6391
-23.663,-33.363
-23.321,-32.233
-59.788,6.6391
-22.466,-32.408
-23.866,-32.282
-22.342,-32.352
-22.538,-29.65
-59.848,6.4283
-23.154,-30.902
-59.696,7.0837
-24.055,-33.053
-22.227,-31.099
-26.714,-34.953
-26.714,-34.953
62.961,-9.7331
571.95,7.4199
62.961,-9.7346
572.64,7.5719
291.96,-1.3642
572.15,7.4634
289.44,-1.4399
573.01,7.6554
293.35,-1.3223
573.02,7.6565
292.25,-1.3554
68.285,-8.4159
152.7,-5.5052
-16.164,-35.835
-23.843,-30.401
-23.151,-33.023
-6.3505,-22.849
58.248,-11.096
-57.162,5.8977
-18.201,-30.3
-25.491,-32.014
-20.513,-30.47
-23.714,-33.328
-25.491,-32.014
-18.831,-30.701
-2.8032,-22.317
-16.388,-35.962
-16.375,-35.948
-1.1705,-22.074
64.608,-9.188
-5.1451,-22.655
-2.8049,-22.318
-19.806,-33.254
-1.7725,-22.168
-23.544,-32.84
-58.214,7.8525
-20.005,-32.6
-20.624,-31.066
-23.005,-29.423
-3.9027,-22.475
-23.454,-31.878
-3.6238,-22.437
55.264,-10.542
-22.911,-35.088
-2.166,-22.225
-20.4,-34.147
-16.734,-36.067
-16.385,-35.962
-18.395,-30.607
-19.91,-30.603
-16.385,-35.962
-2.0529,-22.208
-16.403,-35.97
-1.4501,-22.117
-16.385,-35.962
-19.956,-30.566
57.497,-10.828
-17.241,-30.337
-16.403,-35.97
-22.464,-29.636
-19.954,-30.561
-16.217,-35.982
-19.767,-30.139
-1.6718,-22.154
-21.573,-34.739
-18.681,-30.198
-23.005,-29.423
-23.198,-31.581
-16.385,-35.962
-15.835,-35.151
-16.385,-35.962
-21.573,-34.739
-17.896,-30.298
-19.786,-30.283
-25.491,-32.014
-16.03,-35.735
55.717,-10.656
-23.611,-32.782
153.48,-5.4807
-1.8563,-22.18
7.436,-2.8536
-17.134,-35.399
-22.796,-29.998
-22.666,-29.075
-2.1825,-22.227
-23.893,-31.466
-20.237,-29.772
-1.7202,-22.16
-15.941,-35.743
-23.565,-31.371
-16.385,-35.962
-1.7014,-22.157
-24.257,-33.585
-20.587,-36.805
-16.734,-36.067
55.304,-10.55
-16.385,-35.962
57.482,-11.209
55.833,-10.64
-16.296,-35.989
-16.343,-35.971
-16.385,-35.962
-23.093,-32.635
292.19,-1.3574
-22.297,-32.97
-6.3594,-22.889
-22.798,-32.393
-21.866,-30.099
-23.466,-33.461
-16.228,-35.93
-24.257,-33.585
-1.6986,-22.157
-1.1733,-22.075
571.8,7.3865
-25.491,-32.014
-19.954,-30.561
-20.513,-30.47
-2.48,-22.27
-3.0012,-22.346
-20.471,-30.112
-19.401,-30.096
-25.754,-35.528
-2.2889,-22.243
-17.304,-35.584
55.06,-10.526
-16.225,-35.667
-17.074,-35.435
-23.719,-33.325
-19.948,-30.306
-1.7567,-22.166
-6.365,-22.889
-22.54,-31.817
6.853,-2.8461
-16.385,-35.962
-22.015,-33.355
-25.491,-32.014
55.373,-10.577
-23.334,-32.483
-19.635,-30.186
-20.557,-31.324
-19.647,-34.554
-20.557,-31.324
-16.792,-36.071
-20.132,-34.386
-21.98,-31.107
-25.628,-32.788
-57.886,6.7551
62.757,-9.3917
-20.957,-31.118
56.395,-10.709
-16.385,-35.962
-19.941,-30.546
-16.734,-36.067
7.4074,-2.8711
67.79,-8.5168
-2.6202,-22.291
-3.0988,-22.36
-16.778,-36.081
-15.958,-35.25
-19.495,-31.022
-1.6799,-22.154
-16.385,-35.962
-20.332,-33.299
-19.806,-33.254
-17.36,-30.305
66.486,-8.7856
66.245,-8.8351
-27.889,-30.833
-16.385,-35.962
-23.094,-34.259
55.417,-10.61
-16.437,-35.851
-6.4742,-22.911
-19.189,-33.945
62.961,-9.7347
289.94,-1.4249
293.18,-1.3276
571.88,7.4048
289.6,-1.4351
68.289,-8.4149
293.08,-1.3304
293.48,-1.3186
292.55,-1.3464
573,7.6526
293.36,-1.322
62.956,-9.7705
62.961,-9.7348
62.969,-9.7415
152.69,-5.5057
152.7,-5.5052
68.269,-8.419
152.68,-5.5059
289.99,-1.4235
6.7485,-1.2889
-18.761,-30.657
-25.154,-30.747
-8.3033,-23.934
-20.346,-30.865
-57.9,7.026
-19.806,-33.254
-58.201,7.8026
153.44,-5.4819
-19.806,-33.254
6.4453,-1.771
-59.306,5.9272
-19.806,-33.254
67.253,-8.6277
-19.806,-33.254
-18.416,-32.05
-6.0952,-22.868
10.074,-0.59316
-1.5585,-22.136
-19.647,-34.554
-19.788,-34.135
-19.666,-32.604
-5.255,-22.622
-19.851,-35.928
-30.116,-39.133
291.14,-1.3887
152.68,-5.506
573,7.6522
152.68,-5.506
152.19,-5.522
293.06,-1.3312
62.961,-9.7347
68.243,-8.4244
152.68,-5.5059
152.77,-5.5032
292.53,-1.3471
152.68,-5.5059
62.953,-9.7646
62.962,-9.7308
152.68,-5.5059
293.17,-1.3277
289.44,-1.4399
289.96,-1.4241
571.65,7.3549
152.68,-5.5059
62.962,-9.742
290.02,-1.4223
290.74,-1.4007
62.961,-9.7347
289.57,-1.436
62.961,-9.7347
152.68,-5.506
152.68,-5.5059
62.956,-9.7423
152.68,-5.5059
152.69,-5.5058
152.68,-5.5059
572.59,7.562
62.961,-9.7347
289.44,-1.4399
292.55,-1.3464
152.68,-5.5059
152.7,-5.5053
62.961,-9.7347
62.961,-9.7347
11.424,-4.3021
289.92,-1.4253
11.451,-4.241
152.68,-5.5059
62.961,-9.7347
-56.767,5.1733
-55.994,3.9379
6.7485,-1.2889
9.7877,-0.57607
60.979,-10.161
6.326,-1.4732
-21.497,-33.574
6.6027,-0.84284
10.299,-0.98498
-1.2592,-22.089
65.641,-8.9645
-18.767,-30.107
-6.2441,-22.642
-1.738,-22.16
-20.51,-30.122
6.2864,-1.7373
65.221,-9.0587
-1.4131,-22.112
6.3959,-1.7376
10.612,-0.84286
-23.936,-30.158
67.741,-8.5271
62.9,-9.7752
-1.5133,-22.127
-1.7966,-22.171
6.4428,-1.7668
-1.626,-22.145
6.7371,0.28542
7.5889,-2.8862
54.598,-10.397
-3.4256,-22.408
9.9678,-0.78496
6.9275,-0.87832
-2.6774,-22.299
65.851,-8.9178
10.074,-0.59316
62.957,-9.7353
289.99,-1.4235
68.289,-8.4148
62.961,-9.7347
152.68,-5.5059
289.44,-1.4399
62.961,-9.7347
152.77,-5.5032
62.961,-9.7348
152.68,-5.5059
152.68,-5.5059
62.959,-9.7472
573.02,7.6581
572.68,7.5809
152.68,-5.5059
62.961,-9.7346
289.44,-1.44
573.02,7.6579
62.954,-9.7429
289.44,-1.4399
152.68,-5.5059
152.68,-5.5059
290.74,-1.4007
152.19,-5.5218
62.961,-9.7347
62.961,-9.7347
68.289,-8.4151
152.68,-5.5059
152.68,-5.5059
152.68,-5.5059
68.289,-8.415
62.961,-9.7347
62.961,-9.7346
68.289,-8.4151
152.68,-5.5059
152.69,-5.5058
152.68,-5.5059
62.961,-9.7347
152.68,-5.5059
152.68,-5.5059
572.14,7.4615
152.68,-5.5059
152.68,-5.5059
152.68,-5.5059
62.961,-9.7346
152.68,-5.5059
62.961,-9.7346
62.961,-9.7347
152.68,-5.5059
289.44,-1.4399
11.264,-4.6866
68.209,-8.4312
63.384,-9.753
6.0686,-1.4133
152.7,-5.5055
61.847,-9.9617
68.33,-8.4069
-2.2405,-22.235
289.28,-1.4448
153.68,-5.4744
6.6741,-1.8355
6.7371,0.28542
55.418,-10.532
-29.143,-30.387
-39.022,-11.632
-39.049,-11.643
-28.819,-30.95
-29.146,-30.389
-27.938,28.348
-34.388,35.546
-34.215,35.653
-34.273,35.61
-6.7292,38.642
-34.097,36.823
-37.934,-10.92
-32.936,33.906
-34.073,36.875
-34.053,36.93
-27.538,31.684
-33.653,35.423
-38.505,-11.272
-38.506,-11.273
-38.505,-11.272
-32.941,33.92
-27.532,31.695
-32.488,33.488
-32.939,33.918
-32.944,33.922
-32.939,33.917
-32.511,33.507
-32.511,33.507
-32.936,33.914
-32.463,33.461
-32.488,33.488
-32.488,33.488
-32.488,33.488
-32.488,33.488
-32.526,33.524
-32.472,33.47
-32.465,33.474
-32.952,33.92
-32.939,33.917
-32.939,33.918
-32.488,33.487
-27.899,28.322
-27.894,28.3
-9.3055,39.472
-34.242,35.615
-37.934,-10.92
-29.03,29.615
-19.984,68.024
-63.724,43.021
-63.67,42.996
-63.682,43.001
-63.655,42.986
-63.211,42.934
-63.23,42.902
-63.23,42.902
-63.23,42.902
-29.288,29.851
-29.67,29.913
-29.655,29.932
-29.44,29.944
-33.759,35.228
-31.535,26.945
-31.537,26.946
-31.539,26.945
-31.539,26.945
-27.534,31.688
-28.994,30.217
-29.008,30.266
-29.03,30.276
-29.132,28.765
-28.595,29.245
-28.728,29.45
-28.65,29.535
-13.229,37.626
-13.215,37.623
-9.2545,39.422
-24.327,22.402
-24.361,22.396
-28.919,29.805
-23.916,22.956
-14.012,37.671
-27.539,31.683
-27.533,31.693
-6.9614,40.156
-38.501,-11.269
-38.501,-11.269
-38.501,-11.269
-38.507,-11.274
-38.503,-11.271
-38.501,-11.269
-38.501,-11.269
-38.501,-11.269
-38.506,-11.273
-38.501,-11.27
-33.089,34.849
-37.952,-10.932
-29.654,29.935
-29.823,29.628
-29.654,29.935
-29.821,29.652
-29.544,29.382
-27.531,31.695
-9.3377,39.469
-14.013,37.671
-7.8963,38.672
-8.8111,38.882
-8.7324,38.838
-13.987,37.667
-8.18,38.873
-13.814,37.653
-13.999,37.669
-20.43,67.243
-27.558,31.648
-31.837,69.085
-32.389,69.958
-23.553,22.462
-24.011,22.319
-23.701,23.404
-29.244,28.959
-29.318,29.079
-28.981,29.547
-28.937,29.598
-28.928,29.56
-34.05,35.614
-34.076,35.623
-34.062,35.622
-34.013,35.642
-27.539,31.684
-27.539,31.683
-27.891,28.295
-37.934,-10.919
-31.509,32.946
-30.559,31.618
-32.177,71.65
-8.5864,38.957
-8.3517,38.972
-32.255,71.24
-10.084,38.014
-8.1866,38.236
-8.7815,38.329
-32.239,71.461
-37.936,-10.916
-37.934,-10.92
-37.936,-10.916
-37.933,-10.915
-37.936,-10.916
-37.934,-10.92
-28.178,29.808
-28.178,29.808
-28.153,29.811
-28.179,29.808
-28.476,29.863
-28.441,29.841
-28.16,29.763
-28.164,29.771
-32.255,71.24
-32.315,70.329
-32.177,71.65
-6.9539,40.164
-27.538,31.684
-27.548,31.666
-27.548,31.666
-20.458,67.2
-9.6013,38.122
-9.5754,38.141
-32.614,69.943
-28.947,30.272
-11.873,36.942
-6.9934,40.175
-13.696,37.647
-32.184,71.606
-32.717,34.67
-32.717,34.669
-32.717,34.669
-32.696,34.655
-37.934,-10.92
-37.935,-10.92
-37.934,-10.92
-37.934,-10.92
-37.934,-10.92
-37.934,-10.92
-37.934,-10.92
-37.934,-10.92
-37.934,-10.92
-37.934,-10.92
-37.934,-10.92
-37.934,-10.92
-37.934,-10.92
-37.934,-10.92
-37.934,-10.92
-37.934,-10.92
-37.934,-10.92
-37.934,-10.92
-37.934,-10.92
-37.935,-10.92
-37.934,-10.92
-37.934,-10.92
-37.934,-10.92
-37.934,-10.92
-37.934,-10.92
-37.934,-10.92
-37.934,-10.92
-37.934,-10.92
-37.934,-10.92
-37.934,-10.92
-37.934,-10.92
-37.934,-10.92
-37.934,-10.92
-37.934,-10.92
-37.934,-10.92
-37.934,-10.92
-28.911,29.823
-29.032,28.809
-29.596,30.423
-62.527,45.406
-32.562,69.441
-32.518,69.443
-32.488,69.443
-10.719,37.819
-7.1216,38.337
-27.538,31.684
-27.539,31.683
-27.538,31.684
-13.696,37.647
-8.1858,38.658
-32.518,69.443
-32.745,69.133
-32.802,69.12
-32.937,69.642
-33.015,69.616
-33.041,69.596
-28.751,29.174
-28.752,29.176
-28.906,29.282
-11.879,36.953
-8.9471,38.474
-7.1543,38.373
-11.909,36.929
-13.698,37.647
-20.465,67.21
-23.394,22.514
-32.172,69.457
-23.414,22.507
-23.409,22.509
-23.395,22.512
-7.1265,38.341
-34.18,35.21
-34.183,35.211
-34.183,35.211
-32.742,69.744
-13.908,37.665
-14.001,37.669
-14.019,37.672
-14.009,37.671
-13.981,37.668
-14,37.67
-14.019,37.672
-14.019,37.672
-14.017,37.672
-14.017,37.673
-14.022,37.672
-14.003,37.678
-14.013,37.672
-14.017,37.672
-14.019,37.672
-14.013,37.671
-13.999,37.669
-14.013,37.672
-14,37.67
-13.817,37.653
-14.023,37.672
-14.002,37.67
-13.999,37.669
-13.993,37.67
-14.009,37.671
-14.019,37.672
-14.007,37.67
-14.019,37.672
-13.981,37.669
-14.007,37.67
-14.003,37.669
-13.814,37.653
-32.518,69.443
-32.518,69.443
-32.518,69.443
-66.128,43.887
-23.409,22.509
-23.398,22.514
-23.389,22.502
-23.409,22.509
-23.401,22.515
-32.518,69.443
-23.409,22.509
-23.406,22.504
-23.406,22.504
-23.394,22.514
-23.394,22.508
-32.512,69.268
-32.359,69.918
-23.401,22.512
-32.362,69.964
-32.391,69.974
-32.875,69.153
-29.598,29.342
-32.903,69.067
-23.334,22.529
-19.892,67.711
-31.897,69.721
-23.409,22.509
-28.948,30.279
-33.618,35.169
-33.618,35.169
-33.619,35.169
-28.99,28.803
-28.96,28.802
-28.997,28.813
-28.983,28.821
-28.994,28.824
-28.99,28.803
-11.163,37.819
-10.72,37.819
-10.717,37.819
-9.9726,38.061
-32.101,69.69
-32.217,71.539
-32.874,70.301
-31.387,69.797
-32.362,70.014
-32.291,69.753
-32.45,70.026
-32.156,69.149
-32.1,69.624
-31.61,69.667
-31.395,69.801
-9.2079,38.263
-10.719,37.82
-10.723,37.817
-10.715,37.821
-10.714,37.821
-10.716,37.822
-10.721,37.819
-8.3893,38.506
-10.712,37.821
-10.718,37.819
-10.071,38.021
-10.058,38.018
-10.714,37.821
-10.729,37.82
-10.718,37.82
-20.465,67.21
-27.531,31.695
-23.334,22.529
-19.838,67.327
-23.441,22.496
-23.568,22.458
-23.865,22.353
-19.6,67.166
-28.947,30.078
-28.166,30.903
-8.5772,38.989
-6.9787,40.15
-32.714,69.517
-32.868,69.394
-32.787,69.012
-19.896,67.709
-19.896,67.709
-19.896,67.709
-19.921,67.697
-20.459,67.2
-23.445,22.484
-9.2493,39.443
-9.2078,39.452
-7.768,39.516
-7.8369,39.47
-32.584,69.167
-32.876,69.003
-33.058,68.935
-31.37,69.795
-27.547,31.667
-13.806,37.651
-38.503,-11.274
-38.502,-11.274
-23.962,22.336
-66.512,44.099
-65.997,43.374
-66.259,43.709
-65.481,42.779
-65.456,42.809
-65.346,42.682
-65.346,42.682
-65.346,42.682
-65.346,42.682
-65.956,43.461
-66.232,43.417
-67.094,43.498
-67.126,43.507
-67.094,43.498
-67.126,43.507
-67.094,43.498
-67.094,43.498
-67.094,43.498
-67.094,43.498
-65.456,42.809
-65.456,42.809
-65.456,42.809
-67.094,43.498
-67.094,43.498
-67.094,43.498
-65.456,42.809
-65.456,42.809
-65.456,42.809
-65.423,42.79
-65.443,42.763
-65.436,42.764
-65.456,42.809
-65.481,42.779
-65.481,42.779
-67.094,43.498
-67.094,43.498
-67.094,43.498
-67.094,43.498
-67.094,43.498
-67.094,43.498
-67.094,43.498
-67.094,43.498
-65.428,42.698
-65.428,42.698
-65.968,43.701
-65.943,43.12
-65.968,43.701
-66.081,43.457
-66.081,43.457
-66.147,43.582
-65.968,43.701
-65.943,43.12
-65.956,43.461
-66.081,43.457
-65.968,43.701
-65.943,43.12
-66.328,43.524
-66.328,43.524
-65.968,43.701
-66.147,43.594
-66.082,43.457
-66.081,43.457
-65.968,43.701
-65.456,42.809
-65.456,42.809
-66.081,43.457
-65.366,42.735
-34.159,35.218
-27.887,28.274
-27.887,28.274
-27.887,28.274
-27.898,28.292
-27.898,28.292
-27.898,28.292
-27.892,28.293
-27.89,28.291
-27.892,28.279
-27.892,28.294
-27.887,28.274
-27.89,28.292
-27.887,28.274
-27.887,28.274
-27.887,28.274
-27.892,28.294
-27.892,28.294
-27.887,28.274
-27.888,28.274
-27.887,28.274
-27.887,28.274
-27.887,28.274
-27.888,28.274
-27.888,28.275
-27.892,28.294
-32.789,70.066
-9.2413,39.452
-14.02,37.672
-23.668,22.401
-14.012,37.671
-32.818,70.048
-32.241,69.996
-32.182,70.02
-32.507,69.422
-32.022,69.179
-32.018,69.116
-31.526,69.723
-62.553,45.408
-20.465,67.205
-32.519,70.081
-23.75,22.376
-65.514,43.852
-65.514,43.852
-19.642,67.207
-27.532,31.695
-19.902,67.723
-19.901,67.721
-8.5963,38.957
-14.003,37.669
-8.5886,38.98
-23.984,22.33
-23.314,22.54
-23.314,22.539
-32.235,71.252
-9.2218,39.476
-32.406,69.981
-28.988,30.29
-24.112,22.295
-24.112,22.295
-24.145,22.292
-24.145,22.292
-38.501,-11.271
-63.521,42.949
-32.405,68.953
-8.5723,38.946
-65.5,43.919
-65.474,44.242
-65.474,44.242
-65.474,44.242
-65.474,44.242
-65.474,44.242
-65.826,44.271
-65.884,43.794
-65.968,43.701
-66.168,43.172
-32.528,69.436
-32.995,69.696
-32.995,69.696
-32.518,69.443
-32.609,69.443
-32.603,69.451
-32.445,69.16
-32.447,69.177
-32.522,69.423
-33.159,69.597
-33.159,69.596
-33.159,69.596
-32.134,69.65
-32.087,69.438
-32.834,69.626
-32.181,69.466
-23.396,22.543
-23.397,22.543
-23.397,22.543
-23.397,22.543
-34.461,35.434
-34.461,35.434
-23.26,22.575
-23.253,22.575
-23.328,22.54
-8.301,38.749
-11.823,36.937
-32.486,70.006
-32.89,69.027
-11.058,37.745
-19.982,68.023
-9.2947,39.461
-20.463,67.211
-20.463,67.21
-28.637,29.318
-28.582,29.229
-28.656,29.532
-27.913,28.305
-27.879,28.287
-32.389,70.015
-19.272,66.971
-19.267,66.968
-23.97,22.336
-9.2076,39.463
-37.906,-10.898
-7.0646,39.799
-7.1181,40.137
-7.2323,38.462
-7.045,40.073
-6.9761,40.129
-6.952,40.166
-7.0114,40.165
-7.1539,38.373
-7.2557,38.56
-7.0293,40.14
-6.7304,39.876
-7.021,40.112
-7.1178,38.331
-7.0317,40.108
-7.0207,40.117
-7.0279,40.098
-7.2094,38.407
-7.024,40.084
-6.995,40.166
-6.7788,38.644
-6.9932,38.397
-6.9993,40.137
-6.7708,38.682
-6.7168,38.939
-7.1253,38.371
-6.9816,40.156
-7.2128,38.419
-7.0077,40.123
-6.9987,40.163
-7.132,38.321
-6.6935,39.573
-7.1731,38.391
-7.2469,38.474
-6.9996,40.133
-6.9524,40.18
-7.0086,40.139
-7.0121,40.155
-7.0464,40.024
-7.2062,38.483
-6.985,40.13
-7.0977,39.659
-6.9793,40.125
-6.7106,38.658
-7.2369,38.47
-6.7755,38.479
-7.1493,38.36
-7.1553,38.369
-7.2266,38.469
-6.9595,40.132
-7.011,40.151
-7.1503,38.359
-7.1247,38.353
-7.1542,38.382
-7.1534,38.372
-6.951,40.192
-6.9523,40.183
-7.018,40.127
-7.02,40.096
-7.2661,38.456
-7.0138,40.087
-6.9799,40.14
-7.2286,38.401
-7.1569,38.38
-7.1542,38.361
-6.9688,40.169
-7.2096,38.385
-6.7756,39.893
-7.2298,39.25
-7.1851,38.375
-6.9977,40.135
-7.0178,40.137
-7.2222,38.475
-7.1488,38.363
-7.2401,38.77
-7.0183,40.11
-6.9859,40.139
-7.1979,38.399
-7.258,38.452
-7.022,40.11
-7.0222,40.134
-6.9498,40.168
-23.342,22.542
-23.348,22.537
-7.0011,40.175
-6.954,40.122
-7.1539,38.374
-7.0946,38.855
-6.968,40.17
-6.9921,40.184
-6.9805,40.163
-7.2373,38.478
-7.0029,40.148
-7.0397,40.095
-24.013,22.33
-34.362,35.659
-31.725,69.062
-32.044,68.964
-31.448,69.768
-32.235,71.252
-7.1839,38.374
-7.1236,38.34
-6.9538,40.154
-7.2305,38.448
-6.9936,40.163
-6.6694,39.02
-7.0295,40.067
-7.0245,40.133
-7.249,38.645
-7.0502,40.126
-7.5741,39.315
-7.1588,38.346
-7.6404,38.48
-8.3007,38.699
-8.3535,38.687
-8.3023,38.698
-9.9603,38.443
-19.677,67.185
-64.77,43.698
-7.1036,39.601
-6.9995,40.126
-6.9988,40.149
-6.9284,40.155
-7.0346,40.104
-7.2323,38.462
-6.9156,40.207
-6.9934,40.189
-7.0408,39.526
-7.1532,38.372
-7.1549,38.375
-34.462,35.627
-23.333,22.526
-62.503,45.421
-11.115,37.736
-13.993,37.67
-6.9888,40.179
-6.8032,38.471
-6.8899,38.436
-7.9215,38.623
-6.9867,40.177
-7.2166,38.24
-7.4817,38.396
-33.069,68.913
-33.069,68.913
-33.059,68.913
-33.059,68.913
-32.72,69.471
-19.275,66.974
-31.556,26.927
-24.158,22.276
-24.154,22.279
-29.031,30.104
-10.745,37.819
-11.156,37.758
-38.504,-11.271
-20.465,67.21
-28.187,30.878
-28.403,30.634
-23.824,22.363
-23.892,22.33
-23.369,22.51
-19.992,68.046
-20.007,68.051
-19.992,68.045
-20.004,68.06
-19.998,68.048
-19.992,68.046
-19.991,68.039
-19.994,68.056
-64.773,43.695
-64.77,43.702
-64.77,43.702
-64.773,43.695
-64.773,43.695
-64.77,43.702
-65.968,43.701
-66.081,43.457
-62.553,45.408
-65.785,43.487
-62.589,45.387
-62.553,45.408
-62.641,45.361
-62.553,45.408
-62.634,45.369
-66.082,43.458
-65.968,43.701
-62.553,45.408
-65.968,43.701
-66.08,43.457
-62.624,45.363
-62.553,45.408
-62.553,45.408
-65.968,43.701
-66.082,43.458
-65.956,43.461
-62.648,45.355
-65.968,43.701
-66.485,44.076
-66.111,43.33
-65.804,43.958
-65.335,43.667
-66.082,43.457
-65.335,43.667
-65.503,43.872
-62.625,45.36
-65.335,43.667
-65.968,43.701
-62.553,45.408
-66.08,43.457
-62.61,45.333
-62.553,45.408
-65.881,43.921
-65.624,44.032
-66.081,43.457
-62.553,45.409
-65.015,43.615
-64.625,43.662
-65.015,43.615
-65.1,43.661
-64.625,43.662
-62.61,45.333
-65.389,43.84
-66.08,43.457
-65.968,43.701
-65.968,43.701
-65.956,43.461
-64.625,43.662
-65.597,43.538
-64.922,44.044
-62.624,45.363
-64.941,44.088
-65.968,43.701
-62.553,45.408
-66.147,43.583
-62.553,45.408
-64.554,43.843
-66.147,43.583
-62.61,45.333
-62.553,45.408
-65.956,43.461
-65.968,43.701
-66.081,43.457
-65.514,43.852
-65.968,43.701
-65.968,43.701
-65.956,43.461
-65.597,43.538
-65.968,43.701
-66.364,43.991
-66.082,43.457
-62.553,45.408
-65.335,43.667
-65.626,44.098
-65.326,43.672
-65.335,43.667
-66.364,43.991
-66.084,43.459
-62.642,45.361
-64.935,43.564
-66.082,43.457
-64.625,43.662
-65.968,43.701
-62.553,45.408
-66.082,43.458
-65.956,43.461
-66.082,43.457
-65.968,43.701
-66.081,43.457
-62.61,45.333
-62.553,45.408
-66.081,43.457
-66.081,43.457
-66.242,43.599
-65.968,43.701
-65.968,43.701
-65.597,43.538
-65.968,43.701
-65.968,43.701
-62.553,45.408
-62.625,45.363
-65.956,43.461
-62.553,45.408
-62.553,45.408
-62.553,45.408
-62.552,45.408
-62.553,45.409
-62.553,45.408
-62.553,45.408
-62.553,45.408
-62.553,45.408
-62.644,45.36
-62.553,45.408
-62.553,45.408
-62.553,45.408
-62.553,45.408
-62.553,45.408
-62.553,45.408
-62.553,45.408
-62.553,45.408
-62.553,45.408
-62.553,45.408
-27.547,31.667
-28.899,30.29
-27.532,31.695
-27.532,31.695
-27.532,31.695
-27.532,31.695
-27.532,31.695
-27.533,31.694
-27.532,31.696
-27.532,31.695
-27.532,31.695
-27.532,31.695
-27.532,31.695
-27.533,31.694
-27.533,31.694
-27.533,31.694
-27.533,31.694
-27.534,31.693
-27.534,31.693
-27.534,31.693
-27.533,31.693
-32.128,68.826
-23.7,22.151
-6.7833,38.479
-6.7796,38.479
-32.635,69.864
-31.667,69.069
-27.898,28.292
-34.229,35.215
-31.556,26.927
-32.809,70.037
-32.119,69.683
-33.698,35.533
-23.968,22.32
-23.613,22.421
-23.982,22.328
-31.364,69.791
-63.37,42.886
-63.371,42.889
-29.607,29.329
-31.369,69.766
-20.458,67.218
-34.498,35.634
-34.501,35.636
-34.501,35.636
-34.501,35.636
-34.501,35.636
-32.995,69.671
-33.206,69.703
-13.223,37.623
-13.219,37.623
-8.7905,38.878
-9.3267,39.472
-32.249,69.628
-31.73,69.057
-31.556,26.927
-31.556,26.927
-31.556,26.927
-31.554,26.929
-31.551,26.935
-31.547,26.936
-31.551,26.933
-31.552,26.932
-31.556,26.926
-31.556,26.927
-31.554,26.929
-31.554,26.929
-31.556,26.927
-31.556,26.926
-31.556,26.926
-31.556,26.927
-31.556,26.926
-31.556,26.927
-31.557,26.927
-31.557,26.927
-31.556,26.926
-31.556,26.926
-31.556,26.926
-31.556,26.926
-31.556,26.927
-31.556,26.927
-31.557,26.926
-31.556,26.926
-31.556,26.927
-31.556,26.927
-31.557,26.926
-31.556,26.926
-31.556,26.927
-31.556,26.927
-31.557,26.927
-31.556,26.927
-31.556,26.927
-65.816,44.424
-65.816,44.424
-65.815,44.425
-66.401,44.369
-66.414,44.69
-66.414,44.69
-66.132,44.508
-66.131,44.507
-66.13,44.507
-66.131,44.508
-66.131,44.508
-66.131,44.508
-66.131,44.508
-66.131,44.508
-66.131,44.508
-66.131,44.508
-23.987,22.346
-63.576,42.914
-63.34,42.99
-33.686,35.527
-27.577,31.635
-23.85,22.341
-34.391,35.551
-34.404,35.582
-34.395,35.549
-34.325,35.555
-23.332,22.524
-23.332,22.524
-23.332,22.524
-23.332,22.524
-63.701,43.006
-63.716,42.996
-63.702,43.012
-63.168,42.963
-63.208,42.903
-63.169,42.974
-63.458,42.912
-63.465,42.915
-31.555,26.928
-19.904,67.747
-32.01,68.822
-32.068,69.41
-32.072,68.89
-31.982,68.938
-32.068,69.41
-32.342,69.452
-32.509,68.936
-6.9477,40.158
-32.83,69.631
-31.979,69.761
-23.539,22.799
-23.539,22.799
-23.495,22.621
-23.424,22.694
-23.383,22.471
-23.411,22.429
-23.393,22.442
-23.405,22.447
-34.062,36.918
-34.061,36.923
-34.061,36.923
-34.061,36.923
-65.968,43.701
-32.209,70.184
-31.918,69.41
-29.485,29.368
-23.757,22.387
-23.757,22.387
-23.757,22.387
-31.552,26.932
-10.932,37.774
-31.954,71.816
-7.8584,38.129
-34.076,36.866
-34.054,36.93
-34.079,36.874
-34.05,36.933
-34.043,36.938
-34.076,36.864
-34.048,36.939
-34.043,36.937
-34.043,36.937
-34.079,36.874
-34.076,36.866
-34.079,36.874
-34.079,36.873
-34.043,36.939
-34.047,36.937
-31.555,26.928
-31.556,26.927
-12.371,37.58
-12.455,37.576
-12.432,37.579
-12.519,37.572
-12.455,37.576
-7.2301,38.82
-28.993,28.81
-8.445,39.031
-8.4144,38.99
-32.165,71.639
-23.712,22.399
-32.315,69.7
-31.418,69.807
-31.871,69.17
-31.416,69.815
-10.738,37.822
-23.937,22.341
-28.942,30.267
-28.958,30.312
-7.6185,39.599
-10.499,37.902
-10.471,37.917
-10.516,37.894
-10.697,37.833
-6.9426,40.19
-28.6,29.158
-28.619,29.132
-28.62,29.13
-19.902,67.683
-32.162,70.759
-19.957,67.654
-31.877,71.636
-31.4,69.768
-31.759,71.247
-32.143,69.811
-19.993,67.726
-33.068,68.93
-33.056,68.975
-32.405,68.953
-32.189,71.623
-31.464,70.752
-37.934,-10.921
-34.231,35.618
-32.876,34.704
-19.974,68.024
-33.079,69.593
-33.869,35.243
-33.838,35.232
-33.854,35.241
-32.73,69.54
-32.745,69.133
-32.548,69.449
-32.809,69.044
-32.516,68.99
-32.701,68.849
-32.516,68.99
-32.598,68.897
-32.539,68.918
-32.537,69.341
-32.99,69.71
-32.99,69.71
-32.864,69.617
-32.518,69.443
-32.846,69.408
-33.11,69.589
-32.846,69.408
-32.518,69.443
-33.079,69.593
-32.518,69.443
-32.518,69.443
-32.875,69.336
-32.875,69.336
-32.447,69.177
-32.697,68.873
-32.692,68.872
-32.961,69.645
-32.663,69.42
-32.871,69.491
-32.747,69.049
-32.5,69.095
-32.5,69.095
-32.517,69.035
-32.982,69.558
-19.905,67.711
-19.905,67.711
-19.905,67.711
-19.887,67.708
-28.923,30.273
-28.939,30.235
-23.973,22.332
-23.714,22.351
-23.381,22.513
-23.396,22.514
-23.402,22.511
-23.401,22.512
-23.409,22.509
-23.409,22.509
-23.398,22.524
-23.409,22.509
-29.363,29.036
-29.388,29.009
-29.388,29.009
-23.518,22.965
-23.456,23.007
-63.399,42.874
-34.711,35.351
-34.813,35.347
-34.54,35.449
-34.593,35.449
-34.624,35.415
-34.571,35.42
-34.576,35.454
-34.6,35.492
-34.541,35.453
-34.487,35.45
-34.487,35.45
-34.404,35.544
-34.282,35.572
-34.619,35.415
-34.276,35.549
-34.815,35.345
-34.539,35.462
-34.521,35.493
-34.51,35.502
-34.84,35.323
-34.84,35.323
-34.493,35.386
-34.486,35.39
-34.493,35.386
-34.493,35.386
-34.493,35.386
-34.493,35.386
-34.542,35.468
-34.487,35.45
-34.487,35.45
-34.558,35.452
-34.813,35.347
-34.54,35.449
-34.404,35.544
-34.504,35.472
-34.434,35.375
-34.639,35.422
-34.639,35.414
-34.587,35.475
-34.592,35.454
-34.602,35.514
-34.607,35.501
-34.638,35.422
-34.619,35.47
-34.608,35.453
-34.595,35.527
-34.432,35.353
-34.453,35.394
-34.423,35.371
-34.823,35.345
-34.823,35.345
-34.552,35.465
-34.813,35.347
-34.803,35.332
-34.498,35.425
-34.496,35.425
-34.498,35.425
-34.551,35.465
-34.532,35.448
-34.543,35.464
-34.54,35.46
-34.537,35.462
-34.538,35.46
-34.542,35.454
-34.519,35.481
-34.545,35.464
-34.519,35.49
-38.226,-13.933
-33.905,35.278
-12.562,37.564
-27.531,31.695
-23.183,-29.732
-25.282,-29.157
-6.7703,38.548
-11.028,37.769
-19.858,67.343
-19.858,67.343
-29.013,30.201
-32.705,34.661
-27.531,31.695
-27.938,28.348
-34.388,35.546
-7.2493,38.635
-7.1599,38.367
-32.081,71.715
-31.556,26.927
-19.257,66.969
-32.505,68.749
-32.531,68.7
-32.895,69.296
-32.171,71.697
-33.264,69.646
-32.563,68.92
-32.558,68.706
-32.427,69.184
-28.355,29.844
-28.215,29.853
-28.145,29.815
-28.489,29.747
-31.556,26.927
-34.053,36.925
-34.046,36.939
-34.056,36.918
-34.05,36.933
-34.052,36.926
-34.052,36.927
-34.077,36.863
-24.144,22.286
-24.152,22.284
-24.152,22.285
-29.606,30.42
-19.971,67.444
-19.953,67.445
-19.92,67.444
-31.369,69.766
-32.682,70.079
-32.559,70.025
-32.681,70.097
-32.681,70.097
-32.36,70.128
-32.302,69.661
-32.438,69.858
-32.866,70.089
-32.149,70.034
-31.628,69.832
-31.4,69.764
-31.941,69.668
-32.446,70.558
-32.408,70.521
-32.001,69.45
-32.143,69.109
-32.143,69.109
-32.143,69.109
-32.141,69.106
-31.447,69.744
-31.323,69.803
-31.696,71.478
-32.263,71.285
-32.19,71.627
-32.196,71.612
-32.19,71.627
-32.196,71.603
-32.231,71.499
-32.219,71.541
-32.202,71.596
-32.189,71.63
-32.262,71.246
-32.125,71.794
-32.18,71.658
-32.198,71.648
-32.198,71.648
-32.174,71.704
-32.18,71.658
-32.18,71.658
-32.11,71.809
-32.061,71.746
-31.951,71.808
-31.974,71.826
-31.964,71.812
-32.119,71.751
-32.108,71.748
-20.463,67.21
-32.046,69.864
-28.706,29.458
-28.211,29.801
-11.881,36.957
-11.85,36.951
-11.874,36.883
-11.909,36.947
-7.242,38.475
-7.258,38.482
-11.876,36.943
-11.863,36.943
-13.861,37.658
-13.999,37.669
-13.813,37.653
-14.015,37.672
-13.913,37.663
-13.993,37.67
-31.551,26.933
-23.629,22.182
-11.056,37.744
-23.677,22.161
-23.691,22.18
-66.073,44.631
-10.984,37.758
-11.319,37.745
-11.849,36.897
-11.864,36.808
-23.629,22.182
-23.963,22.157
-28.966,29.921
-28.96,30.057
-33.219,69.403
-33.219,69.403
-33.234,69.351
-33.28,69.607
-33.28,69.607
-32.699,70.165
-31.72,69.108
-31.715,69.046
-29.771,29.962
-31.556,26.926
-32.86,69.138
-66.13,43.269
-23.845,22.344
-29.692,30.439
-31.405,69.774
-11.726,37.618
-11.685,37.616
-11.696,37.622
-11.722,37.617
-66.073,44.631
-32.187,71.625
-27.876,28.28
-28.714,29.592
-63.654,42.989
-63.209,42.911
-29.063,30.003
-31.553,26.936
-28.293,29.709
-28.58,29.259
-28.029,29.665
-66.485,44.076
-66.492,44.098
-66.268,43.644
-65.874,43.366
-66.485,44.076
-66.485,44.076
-66.485,44.076
-66.485,44.076
-66.485,44.076
-19.252,66.963
-20.461,67.208
-19.994,67.67
-28.973,-30.856
-29.101,-30.321
-28.814,29.245
-28.814,29.245
-28.814,29.245
-28.814,29.245
-7.9151,38.061
-8.3565,39.01
-6.9964,40.205
-6.9906,40.194
-6.9864,40.202
-7.6894,39.195
-43.661,-15.136
-21.998,-32.145
-9.3375,39.469
-9.2992,39.466
-9.3632,39.469
-28.229,-31.302
-23.549,-32.166
-24.144,22.286
-24.152,22.284
-24.152,22.285
-24.146,22.286
-9.0494,39.64
-28.459,-31.331
-24.001,-32.252
-31.554,26.929
-31.556,26.927
-32.252,69.941
-7.1134,39.585
-23.872,-33.214
-25.86,-29.917
-24.008,-32.049
-23.717,-32.68
-30.62,-31.755
-30.62,-31.755
-28.923,-30.98
-30.564,-31.723
-30.62,-31.755
-30.62,-31.755
-23.831,-31.83
-25.374,-30.857
-8.3986,39.844
-9.3405,39.474
-9.338,39.469
-9.3398,39.467
-9.3098,39.512
-9.3493,39.45
-9.3298,39.475
-9.3239,39.475
-28.569,-31.034
-22.842,-31.493
-65.827,43.431
-29.42,29.964
-28.459,-31.331
-24.094,22.17
-19.792,67.352
-19.797,67.347
-19.892,67.719
-19.793,67.348
-19.853,67.336
-19.899,67.729
-19.899,67.729
-19.791,67.35
-19.845,67.318
-19.85,67.355
-19.878,67.368
-19.965,67.708
-19.789,67.384
-19.237,66.95
-19.245,66.961
-19.237,66.972
-19.245,66.963
-19.917,67.469
-19.227,66.944
-19.228,66.95
-19.924,67.337
-19.229,66.946
-19.227,66.934
-27.55,31.674
-66.313,43.72
-22.328,-33.535
-27.809,-31.205
-27.905,-31.219
-27.905,-31.219
-24.949,-31.747
-24.68,-32.712
-24.464,-33.641
-25.133,-32.277
-22.516,-33.593
-22.605,-33.607
-22.325,-33.534
-27.809,-31.205
-32.186,71.626
-7.5626,39.451
-8.0125,38.146
-22.863,-33.593
-31.998,69.472
-31.408,69.78
-28.459,-31.331
-28.127,-30.806
-28.459,-31.331
-28.459,-31.331
-22.622,-33.608
-20.463,67.21
-32.375,68.969
-20.458,67.2
-30.371,69.65
-31.957,68.882
-31.982,68.938
-27.54,-35.791
-27.54,-35.791
-27.541,-35.791
-27.028,-35.871
-26.906,-34.882
-27.228,-35.883
-20.671,-32.61
-27.228,-35.883
-27.541,-35.791
-22.647,-33.61
-20.829,-30.946
-22.732,-33.609
-31.549,26.934
-31.551,26.933
-31.555,26.928
-28.698,-31.258
-28.459,-31.331
-28.757,-31.106
-19.937,67.719
-19.922,67.675
-29.56,29.241
-29.524,29.336
-29.521,29.274
-23.01,-29.48
-23.01,-29.48
-23.01,-29.48
-23.01,-29.48
-24,22.333
-11.964,37.577
-66.441,42.741
-66.441,42.741
-66.441,42.741
-66.441,42.741
-66.44,42.741
-66.441,42.741
-66.441,42.741
-66.44,42.741
-66.439,42.743
-66.441,42.741
-66.441,42.741
-66.441,42.741
-66.44,42.741
-23.001,-33.56
-22.322,-33.532
-20.725,-34.103
-21.918,-33.949
-23.333,22.528
-31.98,71.788
-22.7,-35.306
-39.009,-11.629
-44.911,-14.679
-44.911,-14.679
-5.1436,-22.658
-44.911,-14.679
-4.8451,-22.613
-44.934,-14.668
-44.911,-14.679
-44.911,-14.679
-6.3493,-22.902
-44.668,-14.76
-44.911,-14.679
-44.911,-14.679
-44.911,-14.679
-44.911,-14.679
-44.911,-14.679
-44.911,-14.679
-44.911,-14.679
-44.911,-14.679
-44.925,-14.674
-44.911,-14.679
-44.911,-14.679
-44.911,-14.679
-44.911,-14.679
-44.911,-14.679
-44.911,-14.679
-44.911,-14.679
-44.911,-14.679
-44.911,-14.679
-44.911,-14.679
-44.911,-14.679
-44.911,-14.679
-44.912,-14.678
-44.911,-14.679
-44.911,-14.679
-44.911,-14.679
-44.933,-14.671
-44.911,-14.679
-44.911,-14.679
-44.668,-14.76
-44.911,-14.679
-44.911,-14.679
-44.911,-14.679
-44.927,-14.673
-44.911,-14.679
-44.914,-14.677
-44.911,-14.679
-44.911,-14.679
-44.911,-14.679
-44.911,-14.679
-44.911,-14.679
-44.911,-14.679
-44.911,-14.679
-44.911,-14.679
-11.788,37.608
-11.813,37.534
-11.802,37.532
-29.621,30.435
-29.607,30.433
-29.619,30.433
-29.612,30.437
-29.605,30.43
-29.609,30.424
-29.619,30.433
-29.602,30.428
-23.57,-29.754
-25.802,-35.132
-24.636,-30.683
-38.886,-18.265
-38.886,-18.265
-38.887,-18.265
-38.886,-18.265
-38.886,-18.265
-38.886,-18.265
-38.886,-18.265
-38.886,-18.265
-38.886,-18.265
-38.886,-18.265
-38.889,-18.263
-38.886,-18.265
-38.887,-18.264
-38.886,-18.265
-38.886,-18.265
-38.886,-18.265
-38.583,-18.575
-38.886,-18.265
-38.887,-18.247
-38.886,-18.265
-38.886,-18.265
-38.886,-18.265
-38.886,-18.265
64.023,-9.3733
-38.886,-18.265
-38.887,-18.264
-38.889,-18.262
-38.886,-18.265
-38.886,-18.265
-38.886,-18.265
-38.886,-18.265
-38.886,-18.265
-38.886,-18.265
-38.886,-18.265
-38.889,-18.261
-38.886,-18.265
-38.886,-18.265
-38.886,-18.265
-38.886,-18.265
-38.886,-18.265
-38.886,-18.265
-38.886,-18.265
-38.886,-18.265
-38.886,-18.265
-38.886,-18.265
-38.886,-18.265
-38.888,-18.26
-28.915,29.81
-28.915,29.81
-23.722,22.648
-23.565,23.201
-66.167,43.171
-66.167,43.171
-23.406,22.506
-38.849,-11.656
-7.0286,40.109
-4.3768,-22.543
-3.4389,-22.409
-8.5935,38.982
-32.933,34.729
-33.851,35.585
-37.899,-10.898
-37.9,-10.898
-37.899,-10.898
-23.491,-33.453
-55.883,6.2227
-23.75,22.389
-23.75,22.389
-23.244,-34.917
-23.244,-34.917
-7.01,40.121
-13.808,37.651
-13.811,37.651
-13.814,37.653
-13.814,37.653
-13.812,37.651
-13.813,37.653
-13.814,37.653
-14.023,37.672
-13.814,37.653
-13.814,37.653
-13.811,37.651
-11.855,36.953
-11.844,36.943
-11.851,36.939
-11.835,36.967
-28.727,-31.076
-28.727,-31.076
-10.74,37.818
-37.564,-10.934
-38.492,-11.264
-37.564,-10.934
-38.493,-11.264
-37.564,-10.934
-38.884,-11.721
-38.384,-11.203
-28.707,29.441
-28.38,29.848
-28.379,29.848
-28.379,29.848
-28.395,29.843
-28.384,29.835
-28.026,29.67
-28.225,29.746
-28.217,29.706
-27.993,29.775
-27.993,29.775
-27.975,29.792
-27.993,29.775
-19.125,67.222
-28.731,29.538
-31.513,26.974
-31.528,26.964
-28.95,30.302
-28.946,30.265
58.502,-10.389
10.392,-4.5425
-23.396,22.512
-22.992,-35.064
-37.974,-10.945
-23.959,22.336
63.314,-9.7922
63.314,-9.7922
63.314,-9.7922
66.124,-8.8624
152.71,-5.5052
63.314,-9.7922
63.314,-9.7922
63.314,-9.7922
63.314,-9.7922
63.337,-9.7941
66.124,-8.8627
63.308,-9.7972
63.314,-9.7922
-24.184,-34.155
-20.743,-33.39
-20.934,-33.447
-24.147,-34.154
-59.201,6.4347
-28.121,-30.087
-28.273,-30.116
-28.273,-30.116
-28.229,-30.121
-28.498,-30.397
-28.498,-30.397
-28.525,-30.401
-28.498,-30.397
-34.478,35.469
-28.671,-30.331
-28.486,-30.192
-28.67,-30.315
-28.67,-30.315
-28.67,-30.315
-19.983,68.026
-19.645,67.204
-19.649,67.208
-19.674,67.198
-19.6,67.164
-19.649,67.208
-19.649,67.207
-19.6,67.166
-19.59,67.154
-19.68,67.186
-19.6,67.166
-19.649,67.21
-19.649,67.207
-19.6,67.166
-19.59,67.156
-19.649,67.207
-19.638,67.195
-19.649,67.207
-19.6,67.166
-19.68,67.186
-19.649,67.208
-19.682,67.189
-19.649,67.207
-19.654,67.205
-19.686,67.201
-19.682,67.189
-19.68,67.186
-19.59,67.156
-19.6,67.166
-19.9,67.731
-19.649,67.207
-19.649,67.208
-19.791,67.35
-19.6,67.166
-19.686,67.201
-19.648,67.206
-19.674,67.198
-19.645,67.198
-28.948,30.364
-19.272,66.971
-19.256,66.967
-19.672,67.198
-19.256,66.967
-19.256,66.967
-19.674,67.198
-19.256,66.967
-20.463,67.21
-31.552,26.931
-31.554,26.929
6.7371,0.28542
-63.725,43.021
-63.211,42.935
-29.288,29.851
-31.535,26.945
-28.728,29.45
-28.65,29.535
-29.03,30.276
-24.327,22.402
-28.919,29.805
-23.916,22.956
-32.719,34.626
-37.952,-10.932
-27.538,31.684
-23.701,23.404
-29.244,28.959
-29.318,29.079
-28.981,29.547
-28.937,29.598
-28.928,29.56
-34.05,35.614
-28.911,29.823
-29.317,29.632
-33.619,35.169
-27.892,28.294
-28.166,30.903
-29.439,29.977
-28.637,29.318
-62.503,45.421
-29.596,30.423
-24.011,22.319
-34.097,36.833
-33.699,35.416
-28.619,29.132
-28.582,29.229
-32.717,34.669
-29.119,29.887
-13.806,37.651
-28.947,30.078
-32.915,34.751
-58.005,9.8546
-22.304,-34.434
-56.863,5.0183
-56.891,6.1319
-21.452,-32.785
-6.2275,-22.94
-16.395,-35.963
-21.869,-27.72
11.393,-4.4745
8.2455,-3.7682
-18.889,-26.526
-23.223,-29.961
11.409,-4.3022
-21.194,-28.477
-20.387,-33.986
-3.7214,-22.449
-21.077,-29.642
-58.005,9.8546
10.074,-0.59316
-18.416,-32.05
-58.004,9.8422
-57.831,5.2278
-16.385,-35.962
7.3578,-1.7685
6.6953,-1.8727
-22.396,-33.005
152.68,-5.5059
63.357,-9.7901
-22.018,-30.596
7.4701,-2.8087
-57.306,7.0175
-20.871,-33.39
-21.237,-32.042
7.3528,-1.7687
-19.087,-26.957
-21.26,-32.295
58.12,-10.556
6.8497,-3.1436
-16.385,-35.962
7.3376,-1.7692
-57.765,5.2214
-1.309,-22.096
-22.007,-31.071
63.639,-9.3966
7.4737,-0.70215
-21.295,-35.928
-19.078,-26.947
55.57,-10.663
6.9267,-0.87882
-22.344,-30.433
-58.447,7.1474
10.074,-0.59316
11.434,-2.4399
62.93,-9.472
-56.55,5.9033
-56.966,6.3905
7.8264,-0.99463
-57.648,7.099
-21.025,-34.19
10.116,-0.29118
-16.351,-35.993
6.9275,-0.8783
-56.724,7.1495
-21.258,-31.59
292.28,-1.3546
-16.734,-36.067
-21.68,-35.928
-25.636,-32.77
7.8513,-1.0551
-21.353,-32.623
-5.0883,-22.644
11.409,-4.3022
-23.39,-33.944
59.332,-10.483
11.409,-4.3022
-21.467,-33.428
11.409,-4.3022
-23.651,-31.191
6.5211,-1.7742
-18.516,-32.561
54.825,-10.422
-56.468,5.7201
9.6385,-4.4205
-22.493,-30.39
7.3573,-1.7685
9.6385,-4.4205
-4.0508,-22.5
10.074,-0.59316
-24.059,-30.938
10.248,-0.49645
6.6292,-0.85392
152.69,-5.5058
292.14,-1.3588
6.7371,0.28542
6.7,0.26055
6.9445,-1.7684
10.757,-4.5266
-20.376,-32.12
7.2345,-1.2682
-57.234,7.1866
8.2507,-3.772
11.434,-2.4399
-58.184,6.5547
-58.005,9.8546
57.522,-11.296
-19.697,-31.572
-57.393,6.1466
-21.025,-34.19
-24.778,-31.159
-56.263,5.7624
11.434,-2.4399
7.476,-0.70228
11.876,-4.6341
9.6477,-4.4442
-55.516,6.5222
-58.005,9.8546
-56.447,6.3649
-21.715,-28.425
63.963,-9.5384
-55.487,7.5082
-23.931,-31.855
-18.508,-32.54
-57.944,5.8073
-57.074,6.702
65.797,-8.929
-23.569,-30.137
11.409,-4.3022
7.4701,-2.8087
-18.416,-32.05
-28.229,-31.302
-20.751,-32.817
-20.799,-35.007
-23.366,-32.978
292.28,-1.3547
-21.194,-28.477
-25.444,-33.283
55.566,-10.663
9.9859,-0.5095
7.4767,-0.70232
-57.834,7.6054
152.32,-5.5177
-56.481,6.7424
-0.9424,-22.039
-59.197,6.2189
-58.735,6.0811
6.9445,-1.7684
-58.005,9.8546
-19.078,-26.947
-57.648,6.2198
6.7371,0.28542
7.7721,-1.6778
11.876,-4.6342
-25.444,-33.283
-24.321,-33.532
7.8361,-1.0154
-58.338,6.3592
-16.385,-35.962
6.3413,-1.716
-21.779,-32.289
-56.348,5.6658
11.409,-4.3022
-23.404,-29.86
-56.33,7.741
-4.2093,-22.514
56.184,-10.877
-23.36,-31.046
-21.263,-30.773
-22.835,-30.37
7.8095,-0.71254
6.9445,-1.7684
68.522,-8.3684
62.961,-9.7347
-21.172,-33.325
68.564,-8.3606
57.494,-11.534
-16.385,-35.962
11.469,-4.2734
-58.111,5.3089
-22.198,-28.224
-58.005,9.8546
-56.177,5.9007
61.979,-9.9545
10.719,-4.546
-58.446,7.2086
7.1312,-0.78345
7.3529,-1.7687
151.85,-5.5329
8.2507,-3.772
6.9225,-0.88125
7.7733,-1.6769
10.074,-0.59316
-24.645,-33.179
-6.556,-22.262
-21.68,-35.928
-58.086,5.8816
-56.087,5.877
10.078,-0.57641
-57.696,5.7809
7.3528,-1.7687
-22.556,-30.379
-23.094,-34.259
-19.945,-32.287
7.9747,-1.6741
-57.171,5.8901
-57.775,7.6154
62.745,-9.7164
-57.779,5.7892
10.061,-0.58507
-23.603,-33.822
-24.727,-31.044
-21.072,-28.513
-6.1871,-22.857
7.9096,-1.2923
11.469,-4.2734
57.517,-11.316
61.982,-9.953
-21.989,-34.22
8.2507,-3.772
-21.375,-33.536
8.4653,-2.0353
11.42,-4.3312
55.113,-10.469
10.074,-0.59316
7.8567,-1.07
11.409,-4.3022
292.28,-1.3546
7.7732,-1.677
-20.888,-31.898
-24.16,-32.909
58.542,-10.408
-18.888,-26.525
-55.539,6.8108
57.52,-11.316
-58.005,9.8546
68.305,-8.4118
-25.444,-33.283
-20.799,-35.007
-16.385,-35.962
6.9267,-0.87882
-5.7392,-22.657
-23.613,-31.153
289.96,-1.4241
-58.005,9.8546
11.409,-4.3022
-56.861,7.2991
11.453,-4.2622
-26.025,-32.459
-23.026,-34.006
-23.737,-34.844
6.3902,-1.4034
-28.459,-31.331
7.3111,-2.8999
9.6477,-4.4442
-16.385,-35.962
62.379,-9.8545
68.269,-8.419
62.961,-9.7346
-24.862,-32.138
7.7738,-1.6766
-58.859,6.6956
-56.34,7.2005
62.947,-9.7544
-19.078,-26.947
152.13,-5.5237
55.109,-10.464
11.409,-4.3022
7.1473,-0.77701
-18.494,-32.507
-21.504,-33.506
-20.19,-35.156
292.28,-1.3546
55.368,-10.578
-21.088,-33.17
7.2344,-1.2682
-22.205,-34.328
-21.715,-28.425
11.409,-4.3022
62.961,-9.7348
6.3003,-0.99752
8.2507,-3.772
56.931,-11.09
-6.664,-21.983
-21.322,-34.424
-21.613,-34.773
-58.772,6.8701
7.8172,-0.97369
6.9206,-3.1692
-23.896,-34.049
292.27,-1.3548
11.876,-4.6343
-23.083,-32.648
-16.391,-35.965
6.74,0.29536
-55.979,7.1369
-23.514,-32.074
11.434,-2.4399
10.074,-0.59316
66.331,-8.8188
6.6027,-0.88624
-58.217,7.3519
7.7738,-1.6765
-22.945,-30.379
-28.127,-30.806
-22.198,-28.224
6.7371,0.28542
-19.078,-26.947
-19.078,-26.947
-59.432,5.5095
7.7368,-0.62035
-22.675,-31.326
7.1528,-0.77485
7.4765,-0.70238
6.9267,-0.87882
-28.459,-31.331
-23.726,-32.662
-56.438,6.4591
-20.807,-35.01
61.722,-9.942
57.443,-11.599
-24.3,-32.539
-22.236,-32.947
-21.469,-27.894
-58.005,9.8546
-21.643,-27.867
54.922,-10.467
7.8337,-1.0097
-22.311,-35.596
7.2344,-1.2682
6.9275,-0.87832
-57.162,5.3661
-58.118,5.3118
-19.692,-31.318
-56.937,6.6362
7.4701,-2.8087
11.409,-4.3022
292.28,-1.3546
-16.398,-35.967
65.911,-8.9092
-24.535,-29.256
10.074,-0.59316
-22.172,-31.014
68.292,-8.4145
-24.932,-31.373
11.409,-4.3022
7.4701,-2.8087
-56.445,6.5909
-6.613,-23.019
292.28,-1.3546
-19.067,-26.944
11.455,-4.293
11.876,-4.6343
7.2345,-1.2682
-60.113,6.319
11.409,-4.3022
7.827,-0.99604
151.87,-5.5322
-23.904,-33.746
7.9112,-1.3093
-20.19,-35.156
-21.316,-32.515
11.409,-4.3022
-25.491,-32.014
6.679,0.27282
-16.363,-35.978
6.3413,-1.716
-56.957,7.3719
10.078,-0.59533
11.434,-2.4399
-20.663,-33.119
11.409,-4.3022
-58.883,6.5694
-23.484,-33.457
-23.742,-30.06
-21.747,-31.848
-57.471,7.1319
7.4975,-2.8046
7.7732,-1.677
8.2507,-3.772
10.113,-0.29062
7.2344,-1.2682
-59.432,5.5095
-4.2349,-22.518
6.3003,-0.99752
-19.078,-26.947
-24.722,-31.566
6.9445,-1.7684
-57.647,6.9287
-21.753,-32.339
-28.127,-30.806
-5.7457,-22.66
-20.747,-32.359
8.2485,-3.7685
-4.8141,-22.583
11.409,-4.3022
-58.67,5.85
-58.005,9.8546
11.409,-4.3022
-28.127,-30.806
62.961,-9.7347
-58.006,9.8691
-21.322,-34.424
-20.824,-32.568
-56.998,4.8127
-21.162,-30.866
-20.272,-29.426
11.447,-4.3093
-56.441,6.4441
-16.385,-35.962
11.876,-4.6341
-23.131,-30.416
57.443,-11.599
-58.285,5.4118
6.5458,-1.8875
-23.896,-34.049
-57.541,7.8326
-57.669,6.2232
11.409,-4.3022
-18.416,-32.05
10.076,-0.59588
8.2507,-3.772
-26.12,-33.328
-6.4262,-22.455
-58.005,9.8546
-55.883,6.2227
6.6278,-1.8387
-3.2583,-22.382
-24.491,-33.055
10.343,-0.49517
-56.519,6.8391
6.5348,-0.93107
10.074,-0.59316
-1.4739,-22.121
-21.9,-30.306
7.1528,-0.77485
6.4572,-1.2594
6.9445,-1.7684
-22.699,-30.861
-56.769,7.8705
11.409,-4.3022
292.15,-1.3586
10.074,-0.59316
152.68,-5.5059
6.9445,-1.7684
-58.828,6.7754
8.2507,-3.772
-23.666,-30.636
6.7371,0.28542
7.1475,-0.77695
-56.852,7.2997
-4.2902,-22.531
-18.888,-26.525
-23.913,-29.693
-21.438,-31.107
-21.248,-32.183
10.074,-0.59316
65.834,-8.9215
-58.005,9.8546
10.256,-0.43369
-56.502,6.1418
-58.016,9.915
-57.107,6.8033
11.409,-4.3022
-21.68,-35.928
-55.979,7.1369
-21.875,-31.39
-56.997,7.917
58.538,-10.43
61.979,-9.9545
55.433,-10.633
7.2344,-1.2682
6.9275,-0.87832
-19.65,-34.623
-22.225,-31.807
-56.33,7.741
-16.385,-35.962
-19.945,-32.287
11.438,-2.4309
-58.192,6.7454
-1.4497,-22.118
-22.465,-31.493
-58.373,5.0555
11.409,-4.3022
-22.144,-29.796
-58.005,9.8546
55.831,-10.762
-22.963,-31.741
58.962,-10.552
-56.587,6.9636
10.074,-0.59316
-21.703,-31.881
-30.116,-39.133
11.434,-2.4399
11.434,-2.4399
292.27,-1.3548
-58.036,7.8168
7.3111,-2.8999
-24.448,-30.186
11.472,-5.6116
-57.367,6.2827
7.3576,-1.7685
-20.541,-33.05
-21.569,-33.748
62.961,-9.7347
-16.385,-35.962
11.876,-4.6343
-57.744,6.3446
-58.438,7.7628
-16.385,-35.962
-21.715,-28.425
152.68,-5.5059
-21.833,-34.027
6.7428,0.28942
55.255,-10.581
-5.5297,-22.618
-59.696,7.0838
11.412,-4.3018
6.7371,0.28542
-21.569,-33.748
6.9445,-1.7684
-21.435,-28.428
-21.762,-33.109
11.409,-4.3022
-20.74,-31.049
7.2463,-0.74077
152.68,-5.5059
-5.975,-22.853
7.358,-1.7685
292.15,-1.3586
-22.103,-31.992
-24.332,-31.501
152.08,-5.5253
7.9114,-1.3121
-58.149,7.4382
62.969,-9.7445
-23.807,-32.101
-24.315,-30.652
-26.12,-33.328
-22.615,-31.891
6.4647,-1.4432
-16.385,-35.962
11.409,-4.3022
-57.502,5.7865
10.098,-0.57914
10.68,-4.5751
-5.5744,-22.718
-21.537,-30.162
-58.005,9.8546
-23.243,-30.934
9.6385,-4.4205
-3.9876,-22.487
-58.005,9.8546
-6.3016,-22.61
-16.387,-35.965
-22.198,-28.224
6.7485,-1.2889
-19.189,-33.944
-57.432,6.5539
6.7371,0.28542
11.434,-2.4399
10.048,-0.57983
-21.851,-30.274
-1.0005,-22.048
11.409,-4.3022
-19.078,-26.947
6.9275,-0.87832
-21.866,-32.437
-24.026,-33.705
-56.916,6.1298
291.07,-1.391
-18.888,-26.525
7.7733,-1.6769
11.409,-4.3022
-24.15,-30.348
-19.078,-26.947
11.409,-4.3022
-58.005,9.8546
7.2344,-1.2682
-16.129,-35.916
-55.979,7.1369
-20.663,-33.119
6.7497,-1.8093
-3.6859,-22.445
-18.243,-32.469
-24.844,-30.553
10.074,-0.59316
-21.82,-31.416
151.84,-5.5332
292.27,-1.3548
-6.3296,-22.608
7.4701,-2.8087
-20.89,-31.905
-18.494,-32.507
-1.303,-22.098
-19.078,-26.947
-57.504,6.6433
-19.078,-26.947
57.512,-11.319
-25.576,-33.46
11.434,-2.4399
-58.982,7.6376
-16.395,-35.965
10.758,-4.5251
63.072,-9.7575
-22.198,-28.224
152.68,-5.5059
-22.479,-32.522
7.7733,-1.6769
-24.288,-32.581
7.7593,-0.59125
-58.005,9.8546
62.93,-9.472
7.7974,-1.6566
-6.0691,-22.882
-58.338,6.3569
-6.8906,-23.105
7.9654,-1.6222
10.231,-0.38274
-16.385,-35.962
55.44,-10.64
11.409,-4.3022
10.696,-4.6448
-1.3058,-22.098
-22.84,-30.871
-57.768,5.2226
152.35,-5.5167
-58.005,9.8546
10.248,-0.49645
-21.194,-28.477
11.409,-4.3022
7.8515,-1.0558
-57.55,4.9114
11.409,-4.3022
-21.08,-27.728
10.074,-0.59316
-56.061,5.8905
-31.951,-40.992
7.8362,-1.0156
-21.771,-33.11
-19.095,-26.97
66.214,-8.8435
-57.639,7.6117
7.3532,-1.7687
-20.883,-32.225
-57.29,5.3287
6.9275,-0.87832
-58.586,7.6748
-21.414,-29.71
-19.697,-31.572
7.7732,-1.677
-56.493,6.7738
-18.416,-32.05
-58.826,6.2328
61.857,-9.8918
-18.416,-32.05
-21.708,-33.706
-23.22,-31.33
-23.711,-31.811
-16.38,-35.953
-22.179,-30.008
-16.385,-35.962
-4.3687,-22.542
-21.715,-28.425
-4.8577,-22.592
-21.295,-35.928
291.04,-1.3919
152.09,-5.525
-58.573,5.6917
6.3727,-1.1263
55.191,-10.567
62.887,-9.4771
-21.524,-30.507
10.074,-0.59316
-21.078,-30.747
62.961,-9.7346
6.9445,-1.7684
-58.005,9.8546
-26.135,-32.499
-21.194,-28.477
7.2345,-1.2682
-18.416,-32.05
57.789,-11.854
-18.402,-31.994
-57.896,7.03
65.873,-8.9152
6.6552,-0.85956
7.9114,-1.3128
-21.194,-28.477
-58.348,6.4415
-19.692,-31.318
7.9129,-1.3705
55.561,-10.661
-25.636,-32.77
-2.8135,-22.319
-58.988,7.1538
-19.095,-26.965
-21.194,-28.477
11.899,-4.7308
-23.276,-30.023
10.074,-0.59316
10.042,-0.59599
-28.735,-30.733
-27.994,-30.665
-57.648,6.2197
-18.927,-26.635
292.28,-1.3547
-23.051,-31.248
-58.161,6.1491
10.074,-0.59316
7.9114,-1.3121
-21.08,-33.213
-16.37,-35.997
61.418,-10.022
-24.819,-32.558
-18.926,-26.636
-23.896,-34.049
-19.692,-31.318
-58.565,5.2177
11.455,-4.2974
-19.078,-26.947
-24.022,-32.027
-22.157,-31.876
-57.85,7.0675
7.3528,-1.7687
-58.586,7.6748
-21.602,-30.619
-58.005,9.8546
11.409,-4.3022
-56.462,6.6822
-21.896,-32.376
-6.4346,-22.367
-19.692,-31.318
-58.211,6.2147
10.074,-0.59316
11.409,-4.3022
11.423,-4.3006
11.434,-2.4406
-22.985,-32.161
7.0626,0.62436
-19.806,-33.254
7.7733,-1.6769
-20.799,-35.007
-55.842,6.7636
-58.426,5.5234
-28.127,-30.806
-20.376,-32.12
-23.862,-30.758
6.9204,-3.1686
62.003,-9.9502
-18.182,-32.297
63.279,-9.7806
7.2345,-1.2682
-23.547,-30.571
-57.769,6.4122
55.643,-10.693
-25.763,-28.661
-58.723,6.0227
7.4701,-2.8087
-58.005,9.8546
10.68,-4.5751
55.258,-10.581
-24.04,-30.915
6.5888,-1.8142
-19.078,-26.947
60.923,-10.141
66.481,-8.7868
-21.904,-31.275
7.8348,-1.0122
292.27,-1.3549
-55.842,6.7636
-24.867,-31.787
-57.392,5.2887
-25.627,-32.793
7.1528,-0.77485
6.9206,-3.1692
11.434,-2.4399
-4.3118,-22.54
-58.005,9.8546
152.68,-5.5059
-18.887,-26.521
-21.12,-29.747
152.68,-5.5059
292.27,-1.3549
11.409,-4.3022
11.434,-2.44
59.894,-10.502
-23.187,-33.916
63.375,-8.9648
-24.405,-29.848
11.43,-4.3201
11.434,-2.44
6.7485,-1.2889
8.2507,-3.772
-21.68,-35.928
-56.769,7.8705
-57.642,5.2257
-58.005,9.8546
11.471,-4.4024
-57.313,7.8486
-59.696,7.0838
-18.887,-26.521
-21.058,-29.655
-58.005,9.8546
-22.318,-31.507
11.888,-4.6389
-16.385,-35.962
-19.078,-26.947
-22.44,-30.927
6.9275,-0.87832
-6.2368,-22.634
-19.089,-26.968
-57.81,5.7816
-56.33,7.741
-6.5496,-22.282
58.542,-10.408
66.347,-8.8156
10.074,-0.59316
-58.241,5.3831
-19.078,-26.947
-16.37,-35.986
-56.659,5.6934
-6.2371,-22.634
-16.385,-35.962
55.382,-10.618
292.28,-1.3547
55.78,-10.722
-58.829,6.7773
-58.678,5.8523
-20.19,-35.156
-23.457,-31.422
58.875,-10.999
-20.586,-31.395
-19.078,-26.947
152.5,-5.5119
-57.927,6.9472
-58.005,9.8546
-58.011,9.9118
-57.386,7.8761
7.1592,-0.77235
-24.189,-31.135
55.433,-10.633
-58.005,9.8546
10.685,-4.5771
7.7732,-1.677
-23.732,-31.278
-16.385,-35.962
-1.6592,-22.152
6.5458,-1.8875
152.69,-5.5056
10.074,-0.59316
58.558,-10.407
-22.131,-34.261
7.2344,-1.2682
7.7733,-1.6769
-24.321,-33.532
-58.202,7.3625
-23.043,-31.239
-6.4152,-22.466
-19.078,-26.947
6.8497,-3.1436
8.2507,-3.772
-57.257,5.8621
61.979,-9.9545
6.7485,-1.2889
55.491,-10.485
6.9445,-1.7684
-21.781,-31.57
7.9112,-1.3099
-58.005,9.8546
-19.945,-32.287
-19.078,-26.947
6.7485,-1.2889
-58.005,9.8546
11.434,-2.4399
-57.024,5.418
7.4989,-0.7047
62.93,-9.472
6.3853,-1.0024
62.93,-9.4739
-58.885,6.554
-3.3103,-22.391
-24.799,-32.935
6.9275,-0.87832
11.409,-4.3022
-21.598,-36.284
152.5,-5.5119
-19.078,-26.947
6.9445,-1.7684
-6.5469,-22.072
-57.256,7.163
-56.987,6.1621
-5.716,-22.803
-2.7826,-22.314
7.2345,-1.2682
152.68,-5.5059
10.758,-4.5251
-22.936,-31.823
-16.385,-35.962
-58.888,6.559
10.074,-0.59316
11.44,-4.2544
-19.078,-26.947
-58.185,6.5187
151.84,-5.5331
-57.336,7.5374
152.11,-5.5244
-57.34,7.1607
7.4737,-0.70215
62.965,-9.7403
-56.33,7.741
55.908,-10.795
-58.337,6.3966
-59.696,7.0838
7.4668,-2.8436
-22.751,-31.291
-55.842,6.7636
-24,-31.553
-18.494,-32.507
-21.024,-30.861
7.7738,-1.6766
-16.734,-36.067
-26.023,-33.483
10.172,-0.5815
59.761,-10.416
292.29,-1.3544
-59.696,7.0838
292.15,-1.3586
6.7371,0.28542
-56.552,5.9625
-19.078,-26.947
-58.005,9.8546
-19.945,-32.287
8.2507,-3.772
-18.494,-32.507
-56.483,6.208
-24.915,-30.461
11.409,-4.3022
-5.4967,-22.733
10.095,-0.59178
-24.349,-31.552
-18.416,-32.05
-18.507,-32.54
7.8336,-1.0112
-56.998,4.8127
-23.871,-29.954
10.074,-0.59316
152.68,-5.5059
-17.764,-32.1
-23.479,-32.894
6.4437,-1.4222
-21.942,-32.775
57.996,-11.172
-1.2327,-22.084
-20.477,-31.788
-24.229,-31.216
7.8487,-1.7449
7.3547,-1.7686
292.14,-1.3588
-5.3766,-22.615
-6.2419,-22.624
10.256,-0.43369
68.191,-8.4348
56.93,-11.09
-21.025,-34.19
61.418,-10.022
6.9445,-1.7684
-22.198,-28.224
-24.901,-32.69
-20.799,-35.007
-19.967,-32.317
-21.414,-29.71
-21.6,-27.919
-23.287,-33.941
7.4767,-0.70232
11.4,-4.6329
-18.683,-27.796
-23.742,-30.06
6.6991,-0.8716
-21.025,-34.19
-21.858,-29.783
9.6385,-4.4205
8.2507,-3.772
10.256,-0.43369
10.758,-4.5251
55.278,-10.492
-19.078,-26.947
-21.295,-35.928
-57.9,5.0485
-18.227,-32.433
6.7485,-1.2889
57.517,-11.317
67.918,-8.4907
10.078,-0.61156
11.432,-4.2833
7.3547,-1.7686
61.979,-9.9545
62.961,-9.7346
11.434,-2.4399
-24.637,-37.202
7.9114,-1.3121
66.097,-8.8664
-22.198,-28.224
-56.732,7.1587
-3.6842,-22.444
-22.898,-30.848
-25.562,-32.961
-22.89,-30.861
-4.2093,-22.514
6.7485,-1.2889
7.4989,-0.7047
-56.33,7.741
-21.058,-32.817
-57.34,5.8024
-56.968,6.4175
56.738,-10.419
292.28,-1.3546
-23.955,-31.86
-22.145,-32.022
-3.4231,-22.406
10.074,-0.59316
-58.005,9.8546
-24.173,-33.96
55.504,-10.676
11.409,-4.3022
-57.201,6.3909
-16.394,-35.966
-2.6254,-22.292
-19.093,-26.975
-16.385,-35.962
-21.121,-29.713
-56.86,5.5032
-58.005,9.8546
57.507,-11.315
6.3413,-1.716
-21.32,-32.529
-23.203,-31.28
11.409,-4.3022
11.434,-2.44
6.2469,-0.96394
6.3003,-0.99752
-0.97632,-22.044
67.754,-8.5244
7.8303,-1.0034
58.887,-10.436
-18.888,-26.525
-56.94,4.8457
-57.243,7.836
-2.6973,-22.303
-57.29,5.3274
-21.414,-29.71
62.498,-9.8548
-55.516,6.5222
6.8497,-3.1436
62.93,-9.472
11.409,-4.3022
-22.059,-34.428
-18.889,-26.525
-22.788,-32.166
-57.023,6.6841
-20.18,-32.469
9.9859,-0.5095
66.664,-8.7496
6.7371,0.28542
-22.926,-31.535
11.443,-4.2691
-6.5758,-22.142
-22.598,-29.522
6.7485,-1.2889
7.7738,-1.6766
-16.401,-35.938
292.28,-1.3546
-22.387,-32.169
-6.0477,-22.783
10.074,-0.59316
6.6621,-0.90421
-24.158,-33.657
55.924,-10.438
67.109,-8.6575
-4.9034,-22.622
-22.377,-29.57
6.7371,0.28542
292.27,-1.3547
68.364,-8.3999
-23.221,-31.498
8.2507,-3.772
10.074,-0.59316
-58.005,9.8546
-56.998,4.8127
11.438,-4.3476
-55.883,6.2227
7.8355,-1.0139
6.7371,0.28542
6.9445,-1.7684
-56.55,5.9695
-4.2781,-22.527
62.961,-9.7347
7.9127,-1.3356
-22.481,-30.393
-23.685,-32.683
-28.459,-31.331
-58.339,6.3754
-24.901,-32.69
10.074,-0.59316
-58.005,9.8546
6.7073,0.28809
8.2507,-3.772
7.4991,-0.70473
-58.841,6.262
7.7474,-0.59243
-16.403,-35.967
65.296,-9.042
-57.807,10.228
-58.199,6.7014
-22.377,-29.57
-22.133,-27.905
6.9445,-1.7684
-6.5118,-23.492
6.8497,-3.1436
8.2507,-3.772
-24.755,-32.423
11.409,-4.3022
-21.194,-28.477
10.074,-0.59316
-21.414,-29.71
10.758,-4.5251
7.4701,-2.8087
55.504,-10.676
-56.533,6.0364
-21.432,-32.759
-18.494,-32.507
11.43,-4.3737
10.074,-0.59316
7.3375,-1.7692
-21.888,-32.44
7.7881,-0.42596
7.6137,-0.4885
-19.189,-33.944
6.9445,-1.7684
6.9445,-1.7684
68.194,-8.4342
-58.005,9.8546
6.9445,-1.7684
-57.079,6.6609
10.074,-0.59316
-6.5343,-22.006
-21.833,-34.027
-57.893,5.8201
-56.441,6.5659
7.4701,-2.8087
-19.694,-31.326
7.8814,-1.5321
55.998,-10.413
11.434,-2.4399
-16.4,-35.966
-56.791,5.5548
-57.06,7.4328
-58.884,6.5594
-58.012,9.8841
-21.239,-31.903
-59.432,5.5095
10.074,-0.59316
-22.31,-32.651
7.8346,-1.0118
-18.927,-26.635
-22.286,-32.325
-58.883,6.457
-21.67,-33.005
55.724,-10.78
-55.842,6.7636
-57.565,5.2361
-58.005,9.8546
-24.413,-30.785
-19.078,-26.947
-25.801,-35.139
-22.431,-31.465
-18.927,-26.634
11.447,-4.3049
572.67,7.5803
-21.678,-31.825
-2.8533,-22.325
11.434,-4.2333
-56.997,7.917
-19.189,-33.944
-6.1451,-22.644
-19.078,-26.947
-58.422,7.1566
-18.416,-32.05
-23.34,-32.895
-22.98,-30.87
292.15,-1.3585
7.4701,-2.8087
7.3578,-1.7685
-26.008,-32.551
153.59,-5.4773
7.9114,-1.3128
-19.058,-26.925
7.4737,-0.70215
7.8263,-0.99444
6.7371,0.28542
-57.331,6.3052
-16.437,-35.851
-16.39,-35.961
-57.758,7.8463
-56.444,6.3858
61.567,-10.038
-20.778,-31.702
11.409,-4.3022
-21.26,-32.297
-57.01,6.0421
-4.2544,-22.521
-55.979,7.1369
7.4869,-0.7042
11.457,-2.4449
6.4404,-1.4133
-4.5165,-22.554
-57.006,6.3102
6.4609,-1.0642
-56.548,6.9059
-20.19,-35.156
6.7107,-0.80538
151.78,-5.5352
-18.889,-26.525
-22.596,-32.115
-25.444,-33.283
-58.985,7.1532
-4.9876,-22.655
-25.444,-33.283
55.445,-10.621
-21.295,-35.928
-24.911,-31.441
-22.551,-32.494
-58.565,5.2177
-58.005,9.8546
-59.432,5.5095
-18.886,-26.533
10.169,-0.58792
-19.697,-31.572
151.51,-5.5439
6.458,-1.392
-22.912,-33.972
-58.2,7.3634
-3.7495,-22.453
-58.568,5.668
11.409,-4.3022
-20.376,-32.12
6.7478,0.32289
7.7732,-1.677
-28.568,-31.031
-23.507,-31.607
-21.433,-34.608
-28.127,-30.806
10.242,-0.39915
-20.19,-35.156
62.961,-9.7346
10.248,-0.49645
-6.1654,-22.936
-57.431,6.914
7.4701,-2.8087
10.074,-0.59316
-24.871,-32.277
-23.878,-32.441
-28.229,-31.302
7.3578,-1.7685
-21.237,-32.045
-21.68,-35.928
-20.765,-32.415
-16.385,-35.962
7.1528,-0.77485
9.6385,-4.4205
7.4767,-0.70232
-22.144,-32.815
-22.323,-33.914
-57.375,6.6627
62.745,-8.8001
10.06,-0.56883
152.13,-5.5237
-22.268,-32.216
-58.207,6.7039
67.754,-8.5244
-23.852,-31.489
7.7733,-1.6769
11.434,-2.4297
10.098,-0.57114
7.729,-0.39388
-21.248,-33.133
-56.271,5.7953
-19.078,-26.947
7.3528,-1.7687
55.651,-10.695
-22.664,-31.267
-58.355,5.4826
-19.081,-26.953
68.22,-8.429
-58.094,5.3022
11.409,-4.3022
11.393,-4.4745
-21.606,-32.032
63.743,-9.4279
-0.95385,-22.043
-21.704,-31.911
11.409,-4.3022
-56.432,7.2442
10.758,-4.5251
-23.453,-31.884
-22.363,-31.245
8.2507,-3.772
-2.428,-22.263
-58.149,7.4384
-4.9109,-22.59
57.581,-11.308
-4.4211,-22.541
-58.005,9.8546
57.52,-11.319
11.409,-4.3022
-20.813,-35.012
6.7485,-1.2889
59.731,-10.429
-56.986,7.8384
11.447,-4.3232
-58.005,9.8546
-23.904,-33.187
58.875,-10.999
-21.507,-30.995
-16.385,-35.962
-57.636,5.7704
59.723,-10.567
56.148,-10.594
6.5688,-0.93042
-28.569,-31.034
10.074,-0.59316
-21.025,-34.19
10.074,-0.59316
-57.226,7.4993
10.758,-4.5251
7.2345,-1.2682
7.2344,-1.2682
-4.0287,-22.494
7.3531,-1.7687
55.438,-10.545
-21.295,-35.928
-58.724,6.9285
68.564,-8.3606
-55.516,6.5222
-18.758,-27.906
7.4701,-2.8087
6.3853,-1.0024
67.87,-8.5006
7.7733,-1.6769
7.4767,-0.70232
6.765,0.32011
-24.194,-32.84
153.43,-5.4822
-24.018,-33.087
-22.998,-34.371
63.572,-9.2034
-58.005,9.8546
-59.136,6.3438
-22.351,-32.099
-21.715,-28.425
6.9275,-0.87832
7.4765,-0.70238
-57.656,7.8168
-58.062,7.8139
7.4767,-0.70232
-22.721,-31.623
11.409,-4.3022
-25.862,-29.574
11.412,-4.4935
-59.005,7.7424
152.68,-5.5059
-57.562,7.0618
6.9445,-1.7684
-23.392,-30.994
-23.623,-33.387
7.4701,-2.8087
6.7371,0.28542
-58.438,7.7628
-20.716,-31.73
-19.626,-31.179
7.7732,-1.677
-24.359,-32.315
-56.997,7.917
-18.888,-26.525
-22.229,-34.55
7.3578,-1.7685
-18.311,-31.964
-21.623,-30.364
-58.005,9.8546
-58.334,7.1289
-57.135,7.4659
-58.005,9.8546
-21.693,-36.238
6.4371,-1.3927
11.409,-4.3022
7.8322,-0.58736
-19.697,-31.572
-21.681,-35.928
-24.692,-31.048
-21.715,-28.425
11.409,-4.3022
-57.812,5.7974
7.0851,-2.7098
62.947,-9.7544
11.463,-2.4188
6.7371,0.28542
-58.004,9.8378
-7.1191,-23.15
-56.237,7.7121
-1.5245,-22.132
-16.437,-35.851
55.204,-10.571
55.561,-10.661
-2.8839,-22.329
7.1596,-0.77223
56.867,-10.389
-4.414,-22.54
11.423,-4.3138
-58.887,6.5223
-58.232,6.0235
11.621,-4.5356
62.961,-9.7346
-20.317,-31.743
-57.306,7.882
-23.478,-33.457
292.27,-1.3547
-23.103,-33.027
6.9125,-3.1663
-56.336,7.1462
11.47,-4.5984
-28.229,-31.302
-20.751,-32.817
68.269,-8.419
-57.975,6.7981
-18.889,-26.526
-24.613,-31.196
-23.252,-33.001
7.9112,-1.3093
62.398,-9.866
6.7413,0.29683
9.9933,-0.37281
-21.68,-35.928
-56.087,5.877
7.4767,-0.70232
-21.764,-36.142
-58.958,7.212
-5.3059,-22.673
57.443,-11.599
-20.562,-35.024
6.8497,-3.1436
7.3749,-2.8367
62.961,-9.7346
10.074,-0.59316
11.409,-4.3022
-16.385,-35.962
-20.663,-33.119
-18.927,-26.635
-23.95,-30.171
-28.238,-31.775
-2.2512,-22.238
-57.794,5.2238
68.739,-8.3307
-24.79,-31.531
-58.582,5.6755
58.889,-10.511
11.409,-4.3022
55.807,-10.438
-57.907,7.5881
-21.266,-35.924
-22.884,-31.156
11.434,-2.4399
-58.575,5.1252
-23.229,-32.557
6.9445,-1.7684
59.187,-10.891
-24.799,-32.935
-58.142,6.108
6.3003,-0.99752
7.836,-1.0152
10.124,-0.58792
-16.385,-35.962
-5.6776,-22.803
11.409,-4.3022
10.696,-4.6448
7.9114,-1.3121
62.961,-9.7347
-6.2369,-22.634
-24.645,-33.179
-57.709,6.7098
7.8341,-1.0108
-28.127,-30.806
8.2467,-3.7664
-23.509,-31.619
6.9206,-3.1692
11.417,-4.3352
-28.127,-30.806
-57.566,7.6077
7.1874,-0.76153
11.436,-4.4014
-57.677,7.6167
-25.73,-33.634
-24.917,-32.253
